item_id,round,platform,url,title,channel,channel_key,upload_date,duration_s,region,region_en,region_code,region_type,province,county_or_area,geo_level,lon,lat,ethnic_group,ethnic_subgroup,song_name,song_key,genre,performance_type,singer,singer_id,singer_inheritor,provenance_tier,provenance_evidence,feature_flags,dating_flag,label_status,speech_share,core,core_exclusion,group_id,fold
1g4ej-VErlQ,1,youtube,https://www.youtube.com/watch?v=1g4ej-VErlQ,"Fishermen's labor songs 荣成渔民号子 / 海洋渔号 from Weihai 威海市, eastern Shandong 山东省, eastern China",dbadagna,youtube:UCEVEsOLJ5NFpEJe7N5nbNhA,20250621.0,417.0,东北部平原,Northeast Plain,NEP,Han,山东,威海荣成西火塘寨村,county,122.404571,37.11623,,,荣成渔民号子,荣成渔民号子#1g4ej-VErlQ,号子,field,,Se4237b17,,B,"description: stage performance by Xihuotangzhai village folk group, Rongcheng; channel dbadagna field documentation",,traditional,,0.0714285714285714,True,,0,0
lcBDbaogtf8,1,youtube,https://www.youtube.com/watch?v=lcBDbaogtf8,Chinese Mongolian Long Tune Folk Song - White Little Camel 蒙古长调 《孤独的白驼羔》 中国音乐地图 听见内蒙古 瑞鸣音乐 Rhymoi,Musical Map of China 中国音乐地图.瑞鸣音乐 Rhymoi Music,youtube:UCN19zbpNCX9lrbKreffuSAQ,20211107.0,148.0,北方草原文化民歌区,Northern Steppe,NS,minority,内蒙古,锡林郭勒盟,prefecture,115.51632,44.232965,蒙古,,孤独的白驼羔,孤独的白驼羔,蒙古长调,原生态,,S0d9ba7a7,,C,description: 地区 锡林郭勒 (league level only); Rhymoi studio-produced series,series:musical_map_of_china;unaccompanied,check,,0.0,True,,0,0
cyPGGncGAm4,1,youtube,https://www.youtube.com/watch?v=cyPGGncGAm4,435 五华妹和兴宁93岁阿婆客家山歌对唱 A Hakka mountain song duet between Wuhua Moi and 93 year old Xingning grandma,客网,youtube:UCMwUC6k3oIZqvalPSJ8oXIQ,20220502.0,218.0,客家特区,Hakka,HAK,Han,广东,梅州兴宁/五华,county,115.63407,23.796345,汉,客家,客家山歌对唱（五华妹与93岁阿婆）,客家山歌对唱,山歌,原生态,,,,B,"title: duet of Wuhua girl and 93-year-old Xingning grandma; county-level places, informal field-style recording; singers unnamed",,traditional,,0.2272727272727272,True,,2,3
1Hef5OXHr5I,1,youtube,https://www.youtube.com/watch?v=1Hef5OXHr5I,Uyghur folk song - Mitiz Meshrep (English Subtitles),Uyghur Beauty,youtube:UCVWPTtqbIWZJVvLwvILD9Nw,20201024.0,312.0,新疆民歌区,Xinjiang,XJ,minority,新疆,,province,85.294711,41.371801,维吾尔,,Mitiz Meshrep（麦西来甫）,mitizmeshrep,麦西来甫民歌,原生态,,S7f30e6a5,,C,"description: singer named, no locality; subtitled MV channel",,check,,0.0,True,,3,2
LnocpjXtNRc,1,youtube,https://www.youtube.com/watch?v=LnocpjXtNRc,"Luoluodong 啰啰咚 folk singing of Jianli, Hubei, central China",dbadagna,youtube:UCEVEsOLJ5NFpEJe7N5nbNhA,20201225.0,75.0,江汉,Jiang–Han,JHN,Han,湖北,荆州监利,county,112.103432,30.41084,,,啰啰咚,啰啰咚,田歌（啰啰咚）,field,,,,B,description: demonstration of luoluodong from Jianli (county-level city); dbadagna field documentation; singers unnamed,,traditional,,0.125,True,,0,0
hOBsDEOvwTQ,1,youtube,https://www.youtube.com/watch?v=hOBsDEOvwTQ,"Luxu mountain song 芦墟山歌 from Suzhou, China",dbadagna,youtube:UCEVEsOLJ5NFpEJe7N5nbNhA,20190902.0,88.0,江浙平原,Jiangsu–Zhejiang Plain,JZP,Han,江苏,苏州吴江区汾湖镇芦墟街道,county,120.63197,31.008452,,,芦墟山歌,芦墟山歌#hOBsDEOvwTQ,吴歌/山歌,field,杨文英,Sab4e99eb,"国家级: 吴歌(芦墟山歌) (2007, 第一批)",A1,"description: performer Yang Wenying (b.1948), National Representative Inheritor of Luxu shan ge, Luxu subdistrict",,traditional,,0.3333333333333333,True,,0,0
_-AiYyX7Ptg,1,youtube,https://www.youtube.com/watch?v=_-AiYyX7Ptg,"Fengyang huagu 凤阳花鼓 folk singing from Fengyang County 凤阳县, Anhui 安徽省, China",dbadagna,youtube:UCEVEsOLJ5NFpEJe7N5nbNhA,20230618.0,70.0,江淮,Jiang–Huai,JH,Han,安徽,滁州凤阳小溪河镇,county,117.604448,32.787502,,,凤阳花鼓,凤阳花鼓,花鼓/小调,field,,S74e5dc2d,,A2,"description: Deng Fanlan (b.1946) born and living in Xiaoxihe Town, Fengyang; filmed Xiaogang Village 2021; learned from mother and grandmother",,traditional,,0.7142857142857143,False,speech,0,0
7WUzP04jGHI,1,youtube,https://www.youtube.com/watch?v=7WUzP04jGHI,"《古丈山歌》[Guzhang Shange] ""Guzhang mountain song"" - 演唱: 何繼光/何紀光 [He Jiguang]",pwong702,youtube:UCTnNYn3aH9XYAbJllWuKn5w,20210121.0,78.0,湘,Xiang,XIA,Han,湖南,湘西古丈,county,109.998289,28.59819,,,古丈山歌,古丈山歌#7WUzP04jGHI,高腔山歌,民族唱法,,S085eb0f8,,C,"description: LP from 1st National Narrative Singing Festival, Hunan delegation; singer named, no locality",,traditional,,0.0,True,,132,2
7ANIoOroUEo,1,youtube,https://www.youtube.com/watch?v=7ANIoOroUEo,中山咸水歌,龍鸣中山咸水歌,youtube:UCu4T0tVJgeC7dynpatZRuTQ,20210227.0,203.0,粤,Yue,YUE,Han,广东,中山,prefecture,113.398784,22.517323,,,咸水歌（中山，曲目未标）,咸水歌#7ANIoOroUEo,咸水歌,原生态,,,,C,title: 中山咸水歌 only,,traditional,,0.2,True,,8,1
Jjbk3CK0RBM,1,youtube,https://www.youtube.com/watch?v=Jjbk3CK0RBM,"悠远、高亢的古老山歌从远处飘来，香格里拉山歌Shangri-La folk song: distant, high-pitched singing comes from afar",康巴汉子,youtube:UCfaC-5wKscW012TWPIngyGw,20230110.0,69.0,藏族民歌区,Tibetan,TIB,minority,云南,迪庆香格里拉,county,99.822449,27.902251,藏,,香格里拉山歌,香格里拉山歌#Jjbk3CK0RBM,山歌（鲁）,field,,,,B,title: open-air mountain song in Shangri-La heard from afar; singers unnamed,,traditional,,0.1428571428571428,True,,9,4
2k5NPhoaxhk,1,youtube,https://www.youtube.com/watch?v=2k5NPhoaxhk,Chinese Folk Song in North Shaanxi - Thirty Mile Shop  陕北民歌《三十里铺》中国音乐地图 听见陕西 瑞鸣音乐 Rhymoi Music,Musical Map of China 中国音乐地图.瑞鸣音乐 Rhymoi Music,youtube:UCN19zbpNCX9lrbKreffuSAQ,20211202.0,231.0,西北部高原,Northwest Plateau,NWP,Han,陕西,榆林绥德,county,110.389683,37.514116,,,三十里铺,三十里铺,信天游/小调,原生态,,Sff2ab49a,,C,description: Rhymoi studio series; 地区 陕西 only,series:musical_map_of_china;unaccompanied,check,,0.0,True,,0,0
othoEuLuXSQ,1,youtube,https://www.youtube.com/watch?v=othoEuLuXSQ,Chinese Dong Ethnicity Folk Song - Song of Summer Cicada 侗族民歌 《夏蝉之歌》 中国音乐地图 听见贵州 瑞鸣音乐 Rhymoi Music,Musical Map of China 中国音乐地图.瑞鸣音乐 Rhymoi Music,youtube:UCN19zbpNCX9lrbKreffuSAQ,20211124.0,163.0,西南多民族古老原始文化民歌区,Southwest Multi-ethnic,SWM,minority,贵州,黔东南,prefecture,108.560041,26.50434,侗,,夏蝉之歌,夏蝉之歌,侗族大歌,原生态,,Saa4d0d70,,C,description: Rhymoi studio series; 地区 贵州 only,series:musical_map_of_china;unaccompanied,traditional,,0.0,True,,0,0
_3sI_PtkRTU,1,youtube,https://www.youtube.com/watch?v=_3sI_PtkRTU,川江號子《大江船歌》原生態長江船歌表演。隨著三峽大壩的建成蓄水，器械化船舶的普及，那些長江上的老木船已經成為歷史，老船工也上岸成為重慶的普通市民。,醋哥食旅,youtube:UCZaaDW-Y5eVYyo3ZxUwAVKg,20220730.0,346.0,西南高原,Southwest Plateau,SWP,Han,重庆,,province,107.8839,30.067297,汉,,川江号子,川江号子#_3sI_PtkRTU,号子/劳动歌,原生态,,,,C,"description: travel vlogger, 2021 interactive boatmen-song show (川江号子 experience play)",,traditional,,0.0,True,,12,3
pq6lh-AVC9M,1,youtube,https://www.youtube.com/watch?v=pq6lh-AVC9M,龍虎山船家唱江西傳統民歌__2018.04.03.下午.,閒雲潭影,youtube:UCenNSn9GHk89WhsAs9fRo1A,20180407.0,80.0,赣,Gan,GAN,Han,江西,鹰潭龙虎山,prefecture,117.112472,28.221953,,,江西传统民歌（龙虎山船家）,江西传统民歌#pq6lh-AVC9M,船歌/小调,field,,,,B,title: boatmen singing at 龙虎山 on 2018-04-03 (dated field-style clip); singers unnamed,,traditional,,0.25,True,,13,4
FrJTOGCcJOM,1,youtube,https://www.youtube.com/watch?v=FrJTOGCcJOM,陳達 / 思想起 (1),se146np,youtube:UC36zgtGfzBqr1h4MHOGYn-g,20120111.0,227.0,闽台,Min–Tai,MT,Han,台湾,屏东恒春,province,120.971485,23.749452,,,思想起,思想起,恒春民谣,原生态,,S627e9994,,A2,"title: [singer] (恒春 singer); locality from sibling items SaE2-2gfGiI/KVEO4Nx_TzY (车城, 屏东; 许常惠 collection)",,traditional,,0.0,True,,14,1
OIjH8_mqueg,1,youtube,https://www.youtube.com/watch?v=OIjH8_mqueg,"Liaozhai liqu 聊斋俚曲 folk song from Zibo 淄博市, central Shandong 山东省, eastern China.",dbadagna,youtube:UCEVEsOLJ5NFpEJe7N5nbNhA,20260808.0,449.0,东北部平原,Northeast Plain,NEP,Han,山东,淄博,prefecture,118.058673,36.610971,,,聊斋俚曲,聊斋俚曲,俚曲/小曲,field,,,,C,"description: historic recording, only city-level Zibo; 蒲松龄 liqu",,check,,0.0,True,,0,0
DXVnCHOdi4M,1,youtube,https://www.youtube.com/watch?v=DXVnCHOdi4M,Chinese Mongolian Long Tune Folk Song - Black Steed 蒙古长调 《黑骏马》 中国音乐地图 听见内蒙古 瑞鸣音乐 Rhymoi Music,Musical Map of China 中国音乐地图.瑞鸣音乐 Rhymoi Music,youtube:UCN19zbpNCX9lrbKreffuSAQ,20211107.0,185.0,北方草原文化民歌区,Northern Steppe,NS,minority,内蒙古,锡林郭勒盟,prefecture,115.51632,44.232965,蒙古,,黑骏马,黑骏马,蒙古族长调,原生态,,Sae4aa8ba,,C,description: 地区 锡林郭勒 (league level only); Rhymoi series,series:musical_map_of_china;accompanied;instrument:马头琴,traditional,,0.0,True,,0,0
5L0K_jUeENI,1,youtube,https://www.youtube.com/watch?v=5L0K_jUeENI,312 广东梅州: 91岁老婆婆唱山歌 (兴宁客家话) Guangdong Meizhou: 91-yr-old lady singing mountain song (Xingning Hak),客网,youtube:UCMwUC6k3oIZqvalPSJ8oXIQ,20220217.0,215.0,客家特区,Hakka,HAK,Han,广东,梅州兴宁,county,115.747521,24.260532,汉,客家,客家山歌（91岁阿婆）,客家山歌#5L0K_jUeENI,山歌,原生态,,,,B,"title: 91-year-old grandma singing in Xingning Hakka, Meizhou; county named, informal field-style recording",,traditional,,0.3809523809523809,True,,2,3
52k7XPktTE8,1,youtube,https://www.youtube.com/watch?v=52k7XPktTE8,"Uyghur folk song - Yultuzum, My Star, Uyghur Music, Uyghur Song, ئۇيغۇر ناخشا , يۇلتۇزۇم, Xinjiang",Тәңіртау Ұланы • Heavenly Mountain • ءتاڭىرتاۋ,youtube:UCoqYz2sz5ACsx_Kb7tMkZhg,20191211.0,349.0,新疆民歌区,Xinjiang,XJ,minority,新疆,,province,85.294711,41.371801,维吾尔,,Yultuzum（我的星星）,yultuzum,维吾尔民歌,原生态,,Sb21e3f5e,,C,tags: Askar reqip; no locality,,check,,0.0,True,,18,2
zOPBI40ROqU,1,youtube,https://www.youtube.com/watch?v=zOPBI40ROqU,沔阳民歌《月望郎》原生态民歌手演唱,許娸雯,youtube:UCLPlus78IajJUyo3ooLsiGA,20210302.0,250.0,江汉,Jiang–Han,JHN,Han,湖北,仙桃(沔阳),prefecture,113.381345,30.287564,,,月望郎,月望郎,小调,原生态,,,,C,title: 沔阳民歌 genre label; uploader name 許娸雯 (singer unconfirmed),,traditional,,0.0,True,,19,4
rjlSq6TzLfs,1,youtube,https://www.youtube.com/watch?v=rjlSq6TzLfs,四个姑娘去踏车,嘉兴地方音乐集 - Topic,youtube:UCuBjF6VjIqm1zgVdp-1j9-g,20250410.0,146.0,江浙平原,Jiangsu–Zhejiang Plain,JZP,Han,浙江,嘉兴嘉善,county,120.902273,30.8996,,,四个姑娘去踏车,四个姑娘去踏车,田歌,原生态,,,,C,tags: 嘉善田歌 album by 嘉兴地方音乐集 (2025 studio release),,check,,0.0,True,,20,2
U2oQUmFE6v4,1,youtube,https://www.youtube.com/watch?v=U2oQUmFE6v4,Chinese Anhui Folk Songs - Pomegranate Picking | 安徽五河民歌 《摘石榴 》中国音乐地图  瑞鸣音乐 Rhymoi Music,Musical Map of China 中国音乐地图.瑞鸣音乐 Rhymoi Music,youtube:UCN19zbpNCX9lrbKreffuSAQ,20230118.0,204.0,江淮,Jiang–Huai,JH,Han,安徽,蚌埠五河,county,117.782624,33.147586,汉,,摘石榴,摘石榴,小调,原生态,,S32e163b8,,A2,"Musical Map of China description: named singer, 地区 安徽五河 (county stated)",series:musical_map_of_china;unaccompanied;multiple_singers,check,,0.05,True,,0,0
iC9yTpDVeSY,1,youtube,https://www.youtube.com/watch?v=iC9yTpDVeSY,郎在外间打山歌（湖南长沙山歌）,何纪光 - Topic,youtube:UC6zcOupu5Gi-JadrNF7dKhg,20260529.0,200.0,湘,Xiang,XIA,Han,湖南,长沙,county,113.23516,28.357041,,,郎在外间打山歌,郎在外间打山歌,山歌,民族唱法,,S085eb0f8,,C,title: 长沙山歌; album track,,traditional,,0.0,True,,132,2
lBok4B9roa0,1,youtube,https://www.youtube.com/watch?v=lBok4B9roa0,中山咸水歌（十八相送）容妹，谭妹,龍鸣中山咸水歌,youtube:UCu4T0tVJgeC7dynpatZRuTQ,20210713.0,199.0,粤,Yue,YUE,Han,广东,中山坦洲,prefecture,113.398784,22.517323,,,咸水歌·十八相送,咸水歌十八相送,咸水歌,原生态,,S4ec79e20,,A2,"title: [singer], [singer] sing 咸水歌; their 坦洲 townships stated in sibling item HKijKIGF9SE title",,traditional,,0.0,True,,8,1
ZsnaEybzIK4,1,youtube,https://www.youtube.com/watch?v=ZsnaEybzIK4,Chinese Tibetan Ethinicity Folk Song - Auspicious Mountain Song  藏族民歌 《吉祥山歌 . 扎西拉鲁》 中国音乐地图 听见西藏 瑞鸣音乐,Musical Map of China 中国音乐地图.瑞鸣音乐 Rhymoi Music,youtube:UCN19zbpNCX9lrbKreffuSAQ,20211109.0,77.0,藏族民歌区,Tibetan,TIB,minority,西藏,昌都芒康,county,98.61533,29.614572,藏,,扎西拉鲁（吉祥山歌）,扎西拉鲁,山歌,原生态,,Sc94cc02e,,A2,"Musical Map of China description: named singer, 地区 西藏芒康 (county stated)",series:musical_map_of_china;unaccompanied,traditional,,0.0,True,,0,0
DbpJNSNa7XY,1,youtube,https://www.youtube.com/watch?v=DbpJNSNa7XY,Chinese Shanxi Folk Song - Nostalgia Song in Shanxi 山西民歌《思乡曲 》中国音乐地图 听见山西 瑞鸣音乐 Rhymoi Music,Musical Map of China 中国音乐地图.瑞鸣音乐 Rhymoi Music,youtube:UCN19zbpNCX9lrbKreffuSAQ,20211213.0,313.0,西北部高原,Northwest Plateau,NWP,Han,山西,运城稷山,county,110.957783,35.591406,汉,,思乡曲,思乡曲,山曲,原生态,,Se50c6195,,A2,"Musical Map of China description: named singer, 地区 山西稷山 (county stated)",series:musical_map_of_china;accompanied;instrument:晋胡;instrument:竹笛;instrument:三弦;instrument:碰铃,check,,0.0,True,,0,0
TOG1umDJjKY,1,youtube,https://www.youtube.com/watch?v=TOG1umDJjKY,Chinese Grand Choir of Dong Ethnic Group - Song of Squirrels 侗族大歌 《松鼠歌》 中国音乐地图 听见广西  瑞鸣音乐 Rhymoi,Musical Map of China 中国音乐地图.瑞鸣音乐 Rhymoi Music,youtube:UCN19zbpNCX9lrbKreffuSAQ,20211114.0,143.0,西南多民族古老原始文化民歌区,Southwest Multi-ethnic,SWM,minority,广西,柳州三江,county,109.502287,25.74196,侗,,松鼠歌,松鼠歌,侗族大歌,原生态,,S23abad68,,A2,"Musical Map of China description: named singer, 地区 广西三江 (county stated)",series:musical_map_of_china;unaccompanied;multiple_singers,traditional,,0.0,True,,0,0
StgvMIiW08s,1,youtube,https://www.youtube.com/watch?v=StgvMIiW08s,川江号子-A Work Song of Boat Trackers in SiChuan Province,sosolare,youtube:UCr2QFQY0wvCgwep7YbRHYiA,20080108.0,332.0,西南高原,Southwest Plateau,SWP,Han,四川/重庆,,province,107.8839,30.067297,汉,,川江号子,川江号子#StgvMIiW08s,号子/劳动歌,原生态,,,,C,description: generic note on boat trackers; no place,,traditional,,0.0606060606060606,True,,27,3
dIbkBl9pL-Y,1,youtube,https://www.youtube.com/watch?v=dIbkBl9pL-Y,兴国山歌,赖云岚 - Topic,youtube:UCpbHi1pmIq-fYdntxkyluLg,20260824.0,112.0,赣,Gan,GAN,Han,江西,赣州兴国,county,115.439495,26.419303,,,兴国山歌,兴国山歌#dIbkBl9pL-Y,山歌,原生态,,Saf2932d0,,C,channel: 2026 studio release,,traditional,,0.0,True,,28,0
SaE2-2gfGiI,1,youtube,https://www.youtube.com/watch?v=SaE2-2gfGiI,【陳達】月琴彈唱 四季春 (第一景色是頂樓),吳榮恩,youtube:UCTitE35YutGJkJMDoPLORBA,20210623.0,128.0,闽台,Min–Tai,MT,Han,台湾,屏东车城/恒春,province,120.971485,23.749452,,,四季春,四季春,恒春民谣,原生态,,S627e9994,,A2,description: [singer] sings 四季春 about 车城 hot springs; from 许常惠 field collection,,traditional,,0.0,True,,14,1
YSF3z04l3WI,1,youtube,https://www.youtube.com/watch?v=YSF3z04l3WI,"Historic 1964 recording of ""Bao Leng Diao""《包楞调》(folk song from Shandong, eastern China 山东民歌)",dbadagna,youtube:UCEVEsOLJ5NFpEJe7N5nbNhA,20240310.0,159.0,东北部平原,Northeast Plain,NEP,Han,山东,菏泽成武,county,115.938579,34.9842,,,包楞调,包楞调,小调,民族唱法,,Sb47ced2a,,C,description: song collected from Zhou Jinying in 成武 1962; performer of 1964 recording unnamed,,check,,0.0,True,,0,0
7gxEFjYHDV4,1,youtube,https://www.youtube.com/watch?v=7gxEFjYHDV4,Chinese Mongolian Long Tune Folk Song -The Snow on Han Shan 蒙古长调 《汗山的雪》 中国音乐地图 听见内蒙古 瑞鸣音乐 Rhymoi,Musical Map of China 中国音乐地图.瑞鸣音乐 Rhymoi Music,youtube:UCN19zbpNCX9lrbKreffuSAQ,20211108.0,210.0,北方草原文化民歌区,Northern Steppe,NS,minority,内蒙古,锡林郭勒盟,prefecture,115.51632,44.232965,蒙古,,汗山的雪,汗山的雪,蒙古长调,原生态,,S02446af6,,C,description: 地区 锡林郭勒 only; Rhymoi series,series:musical_map_of_china;accompanied;instrument:马头琴;multiple_singers,check,,0.0,True,,0,0
zdyYFts6lUE,1,youtube,https://www.youtube.com/watch?v=zdyYFts6lUE,"Hakka folk songs 客家山歌 from Longyan, Fujian, China",dbadagna,youtube:UCEVEsOLJ5NFpEJe7N5nbNhA,20210609.0,183.0,客家特区,Hakka,HAK,Han,福建,龙岩上杭步云乡梨岭村,county,116.562832,25.119933,汉,客家,客家山歌（龙岩）,客家山歌#zdyYFts6lUE,山歌,field,,S9ff39d5c,,B,"description: televised demonstration by Liling Village mountain-song group, Buyun Township, Shanghang County; dbadagna",,traditional,,0.5,True,,0,0
PEH2FtIkAus,1,youtube,https://www.youtube.com/watch?v=PEH2FtIkAus,Uyghur folk song - Gulyarxan (English Subtitles),Uyghur Beauty,youtube:UCVWPTtqbIWZJVvLwvILD9Nw,20130910.0,295.0,新疆民歌区,Xinjiang,XJ,minority,新疆,,province,85.294711,41.371801,维吾尔,,Gulyarxan（古丽亚尔汗）,gulyarxan,维吾尔民歌,原生态,,S171a0606,,C,"description: Artist Group, director Tahir Hamut; no locality",,check,,0.0,True,,3,2
yX6PlQPfTdE,1,youtube,https://www.youtube.com/watch?v=yX6PlQPfTdE,沔阳民歌《补背褡》奴把相思害,許娸雯,youtube:UCLPlus78IajJUyo3ooLsiGA,20210314.0,255.0,江汉,Jiang–Han,JHN,Han,湖北,仙桃(沔阳),prefecture,113.381345,30.287564,,,补背褡,补背褡,小调,原生态,,,,C,title: 沔阳民歌 only,,traditional,,0.0,True,,19,4
V12fk5nanLE,1,youtube,https://www.youtube.com/watch?v=V12fk5nanLE,桃花妹子,嘉兴地方音乐集 - Topic,youtube:UCuBjF6VjIqm1zgVdp-1j9-g,20250410.0,215.0,江浙平原,Jiangsu–Zhejiang Plain,JZP,Han,浙江,嘉兴嘉善,county,120.902273,30.8996,,,桃花妹子,桃花妹子,田歌/小调,原生态,,,,C,tags: 嘉善田歌 album (2025 studio release),,check,,0.0,True,,20,2
T274y0gePD0,1,youtube,https://www.youtube.com/watch?v=T274y0gePD0,Chinese Anhui Folk Songs - Catching Strong Men | 安徽五河民歌 《抓壮丁》中国音乐地图  瑞鸣音乐 Rhymoi,Musical Map of China 中国音乐地图.瑞鸣音乐 Rhymoi Music,youtube:UCN19zbpNCX9lrbKreffuSAQ,20230118.0,332.0,江淮,Jiang–Huai,JH,Han,安徽,蚌埠五河,county,117.782624,33.147586,汉,,抓壮丁,抓壮丁,小调,原生态,,Saa3f3b60,,A2,"Musical Map of China description: named singer, 地区 安徽五河 (county stated)",series:musical_map_of_china;unaccompanied,traditional,,0.0,True,,0,0
_MVFQjco3ns,1,youtube,https://www.youtube.com/watch?v=_MVFQjco3ns,扯白歌  何纪光,Dowen L,youtube:UCvS-SHKZy9ZnbntNy5ig4LA,20131130.0,266.0,湘,Xiang,XIA,Han,湖南,湘西,prefecture,109.731854,28.694703,,,扯白歌,扯白歌,山歌,民族唱法,,S085eb0f8,,C,title only: singer [singer],,traditional,,0.0,True,,132,2
HKijKIGF9SE,1,youtube,https://www.youtube.com/watch?v=HKijKIGF9SE,中山咸水歌《陈世美》：（右）坦州七村谭妹，（左）坦州南沙容妹,龍鸣中山咸水歌,youtube:UCu4T0tVJgeC7dynpatZRuTQ,20210713.0,183.0,粤,Yue,YUE,Han,广东,中山坦洲七村/南沙,county,113.544315,22.736609,,,咸水歌·陈世美,咸水歌陈世美,咸水歌,原生态,,Safdbe458,,A2,"title: [singer] of 坦州七村, [singer] of 坦州南沙",,traditional,,0.0,True,,8,1
-vQEx3cpsI0,1,youtube,https://www.youtube.com/watch?v=-vQEx3cpsI0,Chinese Tibetan Ethinicity Folk Song - Sheep Farming Mountain Song 藏族民歌 《放羊山歌 . 鲁孜鲁》 中国音乐地图 听见西藏,Musical Map of China 中国音乐地图.瑞鸣音乐 Rhymoi Music,youtube:UCN19zbpNCX9lrbKreffuSAQ,20211110.0,79.0,藏族民歌区,Tibetan,TIB,minority,西藏,昌都芒康,county,98.61533,29.614572,藏,,鲁孜鲁（放羊山歌）,鲁孜鲁,山歌,原生态,,Sc94cc02e,,A2,"Musical Map of China description: named singer, 地区 西藏芒康 (county stated)",series:musical_map_of_china;unaccompanied,traditional,,0.0,True,,0,0
W1D_TNnQSBc,1,youtube,https://www.youtube.com/watch?v=W1D_TNnQSBc,Chinese Shanxi Folk Song - Small Cyan Horse 山西民歌《小青马》中国音乐地图 听见山西 瑞鸣音乐 Rhymoi Music,Musical Map of China 中国音乐地图.瑞鸣音乐 Rhymoi Music,youtube:UCN19zbpNCX9lrbKreffuSAQ,20211213.0,141.0,西北部高原,Northwest Plateau,NWP,Han,山西,忻州河曲,county,111.352937,39.201729,汉,,小青马,小青马,山曲,原生态,,Se50c6195,,C,"description: Rhymoi studio series; 河曲民歌, 地区 山西/内蒙",series:musical_map_of_china;unaccompanied,traditional,,0.0,True,,0,0
CU3o7a-FAE4,1,youtube,https://www.youtube.com/watch?v=CU3o7a-FAE4,Chinese Grand Choir of Dong Ethnic Group - Song of Poling A Boat 侗族大歌 《撑船歌 》 中国音乐地图 听见广西  瑞鸣音乐,Musical Map of China 中国音乐地图.瑞鸣音乐 Rhymoi Music,youtube:UCN19zbpNCX9lrbKreffuSAQ,20211114.0,137.0,西南多民族古老原始文化民歌区,Southwest Multi-ethnic,SWM,minority,广西,柳州三江,county,109.502287,25.74196,侗,,撑船歌,撑船歌,侗族大歌,原生态,,Sa6e22246,,A2,"Musical Map of China description: named singer, 地区 广西三江 (county stated)",series:musical_map_of_china;unaccompanied;multiple_singers,traditional,,0.0,True,,0,0
zValxC-jzqA,1,youtube,https://www.youtube.com/watch?v=zValxC-jzqA,四川省非遗—柳凤休闲岛—柳街薅秧歌,aidongli520,youtube:UCL8hm7T-RBWzzL0IlSFVcXA,20210730.0,122.0,西南高原,Southwest Plateau,SWP,Han,四川,成都温江柳街镇,county,103.810468,30.724102,汉,,柳街薅秧歌,柳街薅秧歌,薅秧歌/田歌,field,,,,B,"title: 四川省非遗 柳街薅秧歌 at 柳凤休闲岛 (Liujie Town, Wenjiang)",,traditional,,0.0833333333333333,True,,42,1
7PbZoKH12cA,1,youtube,https://www.youtube.com/watch?v=7PbZoKH12cA,客家山歌（江西兴国山歌）,edmundchf,youtube:UC0_Dz-GDd-re6vQd2902fmw,20211101.0,159.0,赣,Gan,GAN,Han,江西,赣州兴国,county,115.439495,26.419303,,,兴国山歌,兴国山歌#7PbZoKH12cA,山歌,原生态,,,,C,title: 兴国山歌; channel edmundchf reposts events,,traditional,,0.0,True,,43,2
KVEO4Nx_TzY,1,youtube,https://www.youtube.com/watch?v=KVEO4Nx_TzY,【陳達】雙調-台東調 草蜢仔弄雞公 (車城對東四重溪),吳榮恩,youtube:UCTitE35YutGJkJMDoPLORBA,20210703.0,159.0,闽台,Min–Tai,MT,Han,台湾,屏东车城/恒春,province,120.971485,23.749452,,,台东调,台东调,恒春民谣,原生态,,S627e9994,,A2,"description: [singer], 车城 scenery; from 许常惠 collection",,traditional,,0.0,True,,14,1
Tcdb9EqhGPo,1,youtube,https://www.youtube.com/watch?v=Tcdb9EqhGPo,中国东北老人唱的这首著名民歌《好一朵茉莉花》真好听，就跟歌中的茉莉花一样美丽漂亮！,沈阳老唱,youtube:UCbf7wdM47WnlRcWu6xd8o6A,20201215.0,126.0,东北部平原,Northeast Plain,NEP,Han,东北,,none,,,,,茉莉花（东北）,茉莉花,小调,原生态,,,,C,title: 东北老人 only; no place,,traditional,minor,0.0,True,,45,0
FTLToWzfeH4,1,youtube,https://www.youtube.com/watch?v=FTLToWzfeH4,Chinese Mongolian Long Tune Folk Song - The Vast Grasslands 蒙古长调 《辽阔的草原》 中国音乐地图 听见内蒙古 瑞鸣音乐 Rhymoi,Musical Map of China 中国音乐地图.瑞鸣音乐 Rhymoi Music,youtube:UCN19zbpNCX9lrbKreffuSAQ,20211107.0,253.0,北方草原文化民歌区,Northern Steppe,NS,minority,内蒙古,呼伦贝尔,prefecture,120.906902,49.635232,蒙古,,辽阔的草原,辽阔的草原,蒙古长调,原生态,,Sc1126e66,,C,description: 地区 呼伦贝尔 (league level only),series:musical_map_of_china;accompanied;instrument:马头琴;instrument:低音马头琴;instrument:扬琴,check,minor,0.0,True,,0,0
n9ZLmdByctc,1,youtube,https://www.youtube.com/watch?v=n9ZLmdByctc,"《梅縣情歌》[Meixian Qingge]  ""Love Song"" - 客家山歌 (Hakka Hill Song) - 演唱: 李南華，吳超文 - 「中國民間藝術團」1956, 香港 (HK)",pwong702,youtube:UCTnNYn3aH9XYAbJllWuKn5w,20210113.0,186.0,客家特区,Hakka,HAK,Han,广东,梅县,county,116.187209,24.378891,汉,客家,梅縣情歌,梅縣情歌#n9ZLmdByctc,山歌,民族唱法,,S10c83d86,,C,description: 1956 Hong Kong live recording by touring 中国民间艺术团,,check,,0.0,True,,132,2
8zrmMNTOMHY,1,youtube,https://www.youtube.com/watch?v=8zrmMNTOMHY,Uyghur folk music - Körgili keldinglimu,Uyghur Beauty,youtube:UCVWPTtqbIWZJVvLwvILD9Nw,20241015.0,176.0,新疆民歌区,Xinjiang,XJ,minority,新疆,,province,85.294711,41.371801,维吾尔,,Körgili keldinglimu,körgilikeldinglimu,维吾尔民歌,原生态,,,,C,title only,,check,,0.0,True,,3,2
wIOG1XX-YkY,1,youtube,https://www.youtube.com/watch?v=wIOG1XX-YkY,沔阳民歌《哪有闲空回娘家》,許娸雯,youtube:UCLPlus78IajJUyo3ooLsiGA,20210227.0,132.0,江汉,Jiang–Han,JHN,Han,湖北,仙桃(沔阳),prefecture,113.381345,30.287564,,,哪有闲空回娘家,哪有闲空回娘家,小调,原生态,,,,C,"title/tags: 沔阳民歌, 大跃进 era lyrics",,check,,0.0,True,,19,4
2p0Z-LSSoHw,1,youtube,https://www.youtube.com/watch?v=2p0Z-LSSoHw,大花名,嘉兴地方音乐集 - Topic,youtube:UCuBjF6VjIqm1zgVdp-1j9-g,20250410.0,87.0,江浙平原,Jiangsu–Zhejiang Plain,JZP,Han,浙江,嘉兴嘉善,county,120.902273,30.8996,,,大花名,大花名,田歌/小调,原生态,,,,C,tags: 嘉善田歌 album (2025 studio release),,traditional,,0.0,True,,20,2
YMkSpavRdBE,1,youtube,https://www.youtube.com/watch?v=YMkSpavRdBE,Chinese Anhui Folk Songs - Delivers the evening tea | 安徽巢湖民歌《送晚茶》中国音乐地图 瑞鸣音乐 Rhymoi Music,Musical Map of China 中国音乐地图.瑞鸣音乐 Rhymoi Music,youtube:UCN19zbpNCX9lrbKreffuSAQ,20230111.0,142.0,江淮,Jiang–Huai,JH,Han,安徽,巢湖,county,117.723141,31.644621,汉,,送晚茶,送晚茶,山歌/小调,原生态,,Se94a41ca,,A2,"Musical Map of China description: named singer, 地区 安徽巢湖 (county stated)",series:musical_map_of_china;unaccompanied,traditional,,0.0,True,,0,0
K_7JlabBnac,1,youtube,https://www.youtube.com/watch?v=K_7JlabBnac,Chinese Hunan Folk Song - Look at My Man on the Mountain  湖南桑植民歌 《郎在高山打一望》中国音乐地图 听见湖南 瑞鸣音乐 Rhymoi,Musical Map of China 中国音乐地图.瑞鸣音乐 Rhymoi Music,youtube:UCN19zbpNCX9lrbKreffuSAQ,20221220.0,114.0,湘,Xiang,XIA,Han,湖南,张家界桑植,county,110.181928,29.562013,汉,,郎在高山打一望,郎在高山打一望,山歌,原生态,,S53fdbe08,,A2,"Musical Map of China description: named singer, 地区 湖南桑植 (county stated)",series:musical_map_of_china;unaccompanied,traditional,,0.0,True,,0,0
LvSaSFANT7Q,1,youtube,https://www.youtube.com/watch?v=LvSaSFANT7Q,中山咸水歌《海底珍珠容易搵》,五邑人,youtube:UCU1hFwtYb7ptbJ-BwRcsd_Q,20220223.0,192.0,粤,Yue,YUE,Han,广东,中山,prefecture,113.398784,22.517323,,,海底珍珠容易搵,海底珍珠容易搵,咸水歌,原生态,,,,C,title: 中山咸水歌 only,,traditional,,0.0,True,,53,2
0ScZE0eqQ4s,1,youtube,https://www.youtube.com/watch?v=0ScZE0eqQ4s,Chinese Tibetan Ethinicity Folk Song - The Most Beautiful Hometown  藏族民歌 《最美的家乡 . 亚吉查姆》 中国音乐地图 听见西藏,Musical Map of China 中国音乐地图.瑞鸣音乐 Rhymoi Music,youtube:UCN19zbpNCX9lrbKreffuSAQ,20211226.0,191.0,藏族民歌区,Tibetan,TIB,minority,西藏,拉萨/日喀则,prefecture,86.477854,29.498529,藏,,亚吉查姆（最美的家乡）,亚吉查姆,堆谐,原生态,,Seb8e1bdd,,C,"description: Rhymoi studio series; 堆谐, 地区 拉萨/日喀则",series:musical_map_of_china;accompanied;instrument:扎念;multiple_singers;song_and_dance,traditional,,0.0,True,,0,0
-iokiXPhoIM,1,youtube,https://www.youtube.com/watch?v=-iokiXPhoIM,Chinese Shanxi Folk Song - Thirty Li of Sand and Twenty Li of Water 山西民歌《三十里的明沙二十里的水》中国音乐地图 听见山西,Musical Map of China 中国音乐地图.瑞鸣音乐 Rhymoi Music,youtube:UCN19zbpNCX9lrbKreffuSAQ,20211213.0,152.0,西北部高原,Northwest Plateau,NWP,Han,山西,忻州河曲,county,111.352937,39.201729,汉,,三十里的明沙二十里的水,三十里的明沙二十里的水,山曲,原生态,,Sb8ff3dcb,,C,description: Rhymoi studio series; 地区 山西 only,series:musical_map_of_china;accompanied;instrument:四胡;multiple_singers,traditional,,0.0,True,,0,0
gb3DqTR84fM,1,youtube,https://www.youtube.com/watch?v=gb3DqTR84fM,Chinese Grand Choir of Dong Ethnic Group - Song of High Mountain and Well Water  侗族大歌《 高山井水歌 》中国音乐地图,Musical Map of China 中国音乐地图.瑞鸣音乐 Rhymoi Music,youtube:UCN19zbpNCX9lrbKreffuSAQ,20211114.0,142.0,西南多民族古老原始文化民歌区,Southwest Multi-ethnic,SWM,minority,广西,柳州三江,county,109.502287,25.74196,侗,,高山井水歌,高山井水歌,侗族大歌,原生态,,S23abad68,,A2,"Musical Map of China description: named singer, 地区 广西三江 (county stated)",series:musical_map_of_china;unaccompanied;multiple_singers,traditional,,0.0,True,,0,0
b02z2cEe4ng,1,youtube,https://www.youtube.com/watch?v=b02z2cEe4ng,Chinese Sichuan Folk Song - Winter Vegetables 四川民歌《冬寒菜》中国音乐地图 听见四川 瑞鸣音乐 Rhymoi Music,Musical Map of China 中国音乐地图.瑞鸣音乐 Rhymoi Music,youtube:UCN19zbpNCX9lrbKreffuSAQ,20211220.0,242.0,西南高原,Southwest Plateau,SWP,Han,四川,成都新津,county,103.825572,30.422245,汉,,冬寒菜,冬寒菜,小调,原生态,,S73b8fad8,,A2,"Musical Map of China description: named singer, 地区 四川新津 (county stated)",series:musical_map_of_china;accompanied;instrument:二胡,traditional,,0.125,True,,0,0
SmPQpZQP6B0,1,youtube,https://www.youtube.com/watch?v=SmPQpZQP6B0,打支山歌过横排（江西兴国山歌）,Release - Topic,youtube:UCTXWJBZu3kji_4X4Uw8_frw,20260529.0,100.0,赣,Gan,GAN,Han,江西,赣州兴国,county,115.439495,26.419303,,,打支山歌过横排,打支山歌过横排,兴国山歌,民族唱法,,S7f548e4a,,C,title: 兴国山歌 album track,,traditional,,0.0,True,,58,3
yKVRMpfXsfM,1,youtube,https://www.youtube.com/watch?v=yKVRMpfXsfM,(月琴之友Yueqin Friends)　陳達　五孔小調,twdavid10000,youtube:UCluSrrzrSEd6i4CQhMkyNSg,20110319.0,129.0,闽台,Min–Tai,MT,Han,台湾,屏东恒春,province,120.971485,23.749452,,,五孔小调,五孔小调#yKVRMpfXsfM,恒春民谣,原生态,,S627e9994,,A2,"title: [singer] (恒春 singer); locality from sibling items SaE2-2gfGiI/KVEO4Nx_TzY (车城, 屏东; 许常惠 collection)",,traditional,,0.0,True,,14,1
u2lTtBFX-hk,1,youtube,https://www.youtube.com/watch?v=u2lTtBFX-hk,二人轉小帽《看秧歌》孫萍，尹為民。東北民歌,中国民歌,youtube:UCXNCoPoeWotc10XfHP6KExw,20200220.0,175.0,东北部平原,Northeast Plain,NEP,Han,吉林,敦化,county,128.232327,43.560094,,,看秧歌,看秧歌,二人转小帽/小调,原生态,,S70edd1df,,B,description: 放歌中国敦化专场 (local show in 敦化); singers named but no locality,,traditional,,0.1111111111111111,True,,60,4
rQXgHU1HdSY,1,youtube,https://www.youtube.com/watch?v=rQXgHU1HdSY,Chinese Mongolian Long Tune Folk Song - Tender Spring Breeze 蒙古长调 《温柔的春风》 中国音乐地图 听见内蒙古 瑞鸣音乐 Rhymoi,Musical Map of China 中国音乐地图.瑞鸣音乐 Rhymoi Music,youtube:UCN19zbpNCX9lrbKreffuSAQ,20211107.0,271.0,北方草原文化民歌区,Northern Steppe,NS,minority,内蒙古,锡林郭勒盟,prefecture,115.51632,44.232965,蒙古,,温柔的春风,温柔的春风,蒙古长调,原生态,,Sc1126e66,,C,description: 地区 锡林郭勒 only,series:musical_map_of_china;accompanied;instrument:马头琴;instrument:大马头琴;instrument:扬琴,check,,0.0,True,,0,0
qRAQvCp4hxs,1,youtube,https://www.youtube.com/watch?v=qRAQvCp4hxs,客家山歌(老山歌)：王鳳珠 - 採茶 ( Hakka Song - Picking Tea ),ufoskyler,youtube:UCWIgDda4BPb3P6zCBixaZQg,20140102.0,113.0,客家特区,Hakka,HAK,Han,台湾,桃竹苗,province,120.971485,23.749452,汉,客家,老山歌·採茶,老山歌採茶,老山歌,原生态,,S314b356a,,C,"description: singer named, no locality in text; v1 area from title",,traditional,,0.0,True,,62,3
Z7DTJxKWVtM,1,youtube,https://www.youtube.com/watch?v=Z7DTJxKWVtM,Ayshemgul Memet (traditional Uyghur folk songs),Morgenland Festival Osnabrueck,youtube:UCIqcvoriI2iMMCWO_ZQg_Wg,20110427.0,641.0,新疆民歌区,Xinjiang,XJ,minority,新疆,,province,85.294711,41.371801,维吾尔,,Ayshemgul Memet 维吾尔传统民歌,ayshemgulmemet维吾尔传统民歌,维吾尔民歌,原生态,,S359f9bff,,C,description: Morgenland Festival Osnabrueck 2010 live; no Xinjiang locality,,traditional,minor,0.0,True,,63,1
Y8ObEeqS0jg,1,youtube,https://www.youtube.com/watch?v=Y8ObEeqS0jg,沔阳民歌《反照花台》,許娸雯,youtube:UCLPlus78IajJUyo3ooLsiGA,20210228.0,114.0,江汉,Jiang–Han,JHN,Han,湖北,仙桃(沔阳),prefecture,113.381345,30.287564,,,反照花台,反照花台,小调,原生态,,,,C,title: 沔阳民歌 only,,traditional,,0.0,True,,19,4
8Ysw8xB__Mo,1,youtube,https://www.youtube.com/watch?v=8Ysw8xB__Mo,黄浦太湖结成亲,嘉兴地方音乐集 - Topic,youtube:UCuBjF6VjIqm1zgVdp-1j9-g,20250410.0,221.0,江浙平原,Jiangsu–Zhejiang Plain,JZP,Han,浙江,嘉兴嘉善,county,120.902273,30.8996,,,黄浦太湖结成亲,黄浦太湖结成亲,田歌,原生态,,,,C,"tags: 嘉善田歌 album; composer 侯家声, lyricist 陈晓霞",,composed,,0.0,False,composed,20,2
4Rob1X6RdnQ,1,youtube,https://www.youtube.com/watch?v=4Rob1X6RdnQ,"Chinese Anhui Folk Songs - Tiny Waterwheel, Eight Chi Long | 安徽巢湖民歌《小小水车八尺长》中国音乐地图 瑞鸣音乐 Rhymoi Music",Musical Map of China 中国音乐地图.瑞鸣音乐 Rhymoi Music,youtube:UCN19zbpNCX9lrbKreffuSAQ,20230111.0,153.0,江淮,Jiang–Huai,JH,Han,安徽,巢湖,county,117.723141,31.644621,汉,,小小水车八尺长,小小水车八尺长,山歌/小调,原生态,,Sfd892301,,A2,"Musical Map of China description: named singer, 地区 安徽巢湖 (county stated)",series:musical_map_of_china;unaccompanied,traditional,,0.0,True,,0,0
33oUosoxL2I,1,youtube,https://www.youtube.com/watch?v=33oUosoxL2I,Chinese Hunan Folk Song - Missing My Man  湖南桑植民歌 《欠姐歌》中国音乐地图 听见湖南 瑞鸣音乐 Rhymoi Music,Musical Map of China 中国音乐地图.瑞鸣音乐 Rhymoi Music,youtube:UCN19zbpNCX9lrbKreffuSAQ,20221220.0,116.0,湘,Xiang,XIA,Han,湖南,张家界桑植,county,110.181928,29.562013,汉,,欠姐歌,欠姐歌,山歌,原生态,,S4399d0bc,,A2,"Musical Map of China description: named singer, 地区 湖南桑植 (county stated)",series:musical_map_of_china;unaccompanied,traditional,,0.0,True,,0,0
zGxgmKzzVtQ,1,youtube,https://www.youtube.com/watch?v=zGxgmKzzVtQ,澳門海港歷史文化協會 攞魚歌 －何金沛 (澳門非物質文化遺產－鹹水歌),MacauPortHistory,youtube:UCAvEgbQwy4HciiN7O6Cg4bw,20220603.0,156.0,粤,Yue,YUE,Han,澳门,,province,113.566988,22.159307,,,攞魚歌,攞魚歌,咸水歌,原生态,,S2e04a6a1,"澳门非遗: 咸水歌 (bearer, level per title)",A2,"title: [singer] sings 摞鱼歌, labelled 澳门非物质文化遗产; description: Macau fishers' tradition",,traditional,,0.625,True,,68,0
jUZEBYXkK-c,1,youtube,https://www.youtube.com/watch?v=jUZEBYXkK-c,Chinese Tibetan Ethinicity Folk Song - Great Horse  藏族民歌 《骏马 . 达朵瓦》 中国音乐地图 听见西藏 瑞鸣音乐 Rhymoi,Musical Map of China 中国音乐地图.瑞鸣音乐 Rhymoi Music,youtube:UCN19zbpNCX9lrbKreffuSAQ,20211110.0,170.0,藏族民歌区,Tibetan,TIB,minority,青海,,province,96.043533,35.726403,藏,,达朵瓦（骏马）,达朵瓦,山歌,原生态,,S8838fa0d,,C,description: Rhymoi studio series; 地区 青海 only,series:musical_map_of_china;accompanied;instrument:曼陀铃,traditional,,0.0,True,,0,0
1OmCeJB64f0,1,youtube,https://www.youtube.com/watch?v=1OmCeJB64f0,Chinese Shaanxi Folk Song - 24 Hours  陕西民歌《十二辰》中国音乐地图 听见陕西 瑞鸣音乐 Rhymoi Music,Musical Map of China 中国音乐地图.瑞鸣音乐 Rhymoi Music,youtube:UCN19zbpNCX9lrbKreffuSAQ,20211203.0,169.0,西北部高原,Northwest Plateau,NWP,Han,陕西,汉中镇巴,county,107.877299,32.509853,汉,,十二辰,十二辰,小调,原生态,,Sd913a499,,C,"description: Rhymoi studio series; 陕南镇巴民歌, 地区 陕西",series:musical_map_of_china;unaccompanied,traditional,,0.0,True,,0,0
HZz-B4dZUiM,1,youtube,https://www.youtube.com/watch?v=HZz-B4dZUiM,Chinese Dong Ethnicity Folk Song - Marriage Song . The Middle of August 侗族民歌 《出嫁歌 . 八月半》 中国音乐地图 听见贵州,Musical Map of China 中国音乐地图.瑞鸣音乐 Rhymoi Music,youtube:UCN19zbpNCX9lrbKreffuSAQ,20211124.0,107.0,西南多民族古老原始文化民歌区,Southwest Multi-ethnic,SWM,minority,贵州,,province,106.880455,26.826368,侗,,出嫁歌·八月半,出嫁歌八月半,侗族民歌/婚俗歌,原生态,,Saa4d0d70,,C,description: Rhymoi studio series; 地区 贵州 only,series:musical_map_of_china;unaccompanied,traditional,,0.0,True,,0,0
AT1lowVR8UY,1,youtube,https://www.youtube.com/watch?v=AT1lowVR8UY,[2025年非遗晚会]石柱土家啰儿调《太阳出来喜洋洋》选段 演唱：杨中合 | CCTV,CCTV中国中央电视台,youtube:UCcLK3j-XWdGBnt5bR9NJHaQ,20250204.0,100.0,西南高原,Southwest Plateau,SWP,Han,重庆,石柱,prefecture,108.298494,30.093676,土家,,太阳出来喜洋洋（石柱啰儿调）,太阳出来喜洋洋,啰儿调/山歌,原生态,,Sc5d63ccd,(level not stated): 石柱土家啰儿调,A2,title: 石柱 啰儿调 sung by [singer] at 2025 非遗晚会 which invites inheritors,,check,,0.0,True,,0,0
A3jsSBv0bTA,1,youtube,https://www.youtube.com/watch?v=A3jsSBv0bTA,兴国山歌-打只山歌过横排,Xing-Jiang Zhu,youtube:UC0vEoOfoUOC9HwABZD5CDCw,20101102.0,141.0,赣,Gan,GAN,Han,江西,赣州兴国,county,115.439495,26.419303,,,打支山歌过横排,打支山歌过横排,兴国山歌,other,,,,C,"description: Jiangxi TV production, 兴国 in title; singer unnamed",,traditional,,0.0,True,,73,4
mGGB36P2sIA,1,youtube,https://www.youtube.com/watch?v=mGGB36P2sIA,恆春民謠 : 平 埔 調 (朱丁順 老師  演唱),Wen Wen,youtube:UCunmYVO1p_XWIUVsZXb3srg,20160909.0,346.0,闽台,Min–Tai,MT,Han,台湾,屏东恒春,province,120.971485,23.749452,,,平埔调,平埔调,恒春民谣,原生态,,S7ad644c4,台湾薪传奖民族艺师 (per sibling item eOq5gNh7irQ),A2,title: [singer] 老师 演唱; locality 恒春半岛 from sibling eOq5gNh7irQ,,traditional,,0.0,True,,74,0
E6IxSZJTg50,1,youtube,https://www.youtube.com/watch?v=E6IxSZJTg50,东北二人转小帽《小拜年》专业组王伟国李玉强精彩演唱,黑龙江网络广播电视台 China Heilongjiang Tv Official Channel,youtube:UCBax7v1k1a8c3ZjobK5gXig,20170928.0,135.0,东北部平原,Northeast Plain,NEP,Han,黑龙江,,province,127.693027,48.040465,,,小拜年,小拜年,二人转小帽/小调,原生态,,S78db31d3,,C,"channel: 黑龙江 TV; title: 专业组, no county",,traditional,,0.0,True,,75,0
0CNho28Ar18,1,youtube,https://www.youtube.com/watch?v=0CNho28Ar18,Chinese Mongolian Long Tune Folk Song - The Round-hoof Claret Horse 蒙古长调 《圆蹄枣骝马》 中国音乐地图 听见内蒙古 瑞鸣音乐,Musical Map of China 中国音乐地图.瑞鸣音乐 Rhymoi Music,youtube:UCN19zbpNCX9lrbKreffuSAQ,20211107.0,223.0,北方草原文化民歌区,Northern Steppe,NS,minority,内蒙古,锡林郭勒盟,prefecture,115.51632,44.232965,蒙古,,圆蹄枣骝马,圆蹄枣骝马,蒙古长调,原生态,,Sc1126e66,,C,description: 地区 锡林郭勒 only,series:musical_map_of_china;accompanied;instrument:马头琴;instrument:大马头琴;instrument:扬琴,traditional,,0.0,True,,0,0
BF-cFn4DcyE,1,youtube,https://www.youtube.com/watch?v=BF-cFn4DcyE,客家山歌(山歌子)：王鳳珠 - 客家花 ( Hakka Tung Flowers ),ufoskyler,youtube:UCWIgDda4BPb3P6zCBixaZQg,20150322.0,212.0,客家特区,Hakka,HAK,Han,台湾,桃竹苗,province,120.971485,23.749452,汉,客家,山歌子·客家花,山歌子客家花,山歌子,原生态,,S314b356a,,C,"description: singer named, no locality; new lyrics on 傳統曲",,check,,0.0,True,,62,3
iGGVf34N3wQ,1,youtube,https://www.youtube.com/watch?v=iGGVf34N3wQ,"Uyghur Iraq Muqam, performed by Shohret Nur, Rihab Azar, Elizabeth Nott",UK CHINESE MUSIC,youtube:UCUqcGzflaTf3vEvh4B128ug,20240913.0,137.0,新疆民歌区,Xinjiang,XJ,minority,新疆,,province,85.294711,41.371801,维吾尔,,伊拉克木卡姆（选段）,伊拉克木卡姆#iGGVf34N3wQ,十二木卡姆,民族唱法,,Scc6313e5,,C,description: 2024 SOAS London concert,,traditional,minor,0.0,True,,78,4
nv9Ykq9s_K0,1,youtube,https://www.youtube.com/watch?v=nv9Ykq9s_K0,沔阳民歌《姑娘送你咚咚锵》,許娸雯,youtube:UCLPlus78IajJUyo3ooLsiGA,20210929.0,204.0,江汉,Jiang–Han,JHN,Han,湖北,仙桃(沔阳),prefecture,113.381345,30.287564,,,姑娘送你咚咚锵,姑娘送你咚咚锵,小调,原生态,,,,C,title: 沔阳民歌 only,,traditional,,0.0,True,,19,4
KDWpaeUbGGI,1,youtube,https://www.youtube.com/watch?v=KDWpaeUbGGI,"Ningbo xiaodiao 宁波小调 folk ballad from Ningbo, Zhejiang, China",dbadagna,youtube:UCEVEsOLJ5NFpEJe7N5nbNhA,20210618.0,267.0,江浙平原,Jiangsu–Zhejiang Plain,JZP,Han,浙江,宁波,prefecture,121.479174,29.733017,,,宁波小调,宁波小调#KDWpaeUbGGI,小调,原生态,,Sb197b449,,C,"description: probably recorded in Ningbo (city); performers named, no locality",,traditional,,0.0,True,,0,0
1oFMne5Oqdk,1,youtube,https://www.youtube.com/watch?v=1oFMne5Oqdk,Chinese Anhui  Folk Drama - Songs at Spring Festival | 安徽民间曲艺 合肥门歌《春节卖唱歌》中国音乐地图 听见安徽 瑞鸣音乐 Rhymoi,Musical Map of China 中国音乐地图.瑞鸣音乐 Rhymoi Music,youtube:UCN19zbpNCX9lrbKreffuSAQ,20230112.0,230.0,江淮,Jiang–Huai,JH,Han,安徽,合肥,prefecture,117.360447,31.762594,汉,,春节卖唱歌（合肥门歌）,春节卖唱歌,门歌,原生态,,S886794eb,,C,description: 地区 合肥 (city); 门歌 begging songs; Rhymoi series,series:musical_map_of_china;accompanied;instrument:二胡;instrument:鼓;instrument:锣;multiple_singers,traditional,,0.0,True,,0,0
TITIMBYM4vI,1,youtube,https://www.youtube.com/watch?v=TITIMBYM4vI,Chinese Hunan Folk Song - Mother Probe the Daughter  湖南桑植民歌 《娘试女》中国音乐地图 听见湖南 瑞鸣音乐 Rhymoi,Musical Map of China 中国音乐地图.瑞鸣音乐 Rhymoi Music,youtube:UCN19zbpNCX9lrbKreffuSAQ,20221220.0,279.0,湘,Xiang,XIA,Han,湖南,张家界桑植,county,110.181928,29.562013,汉,,娘试女,娘试女,小调,原生态,,S85b57cae,,A2,"Musical Map of China description: named singer, 地区 湖南桑植 (county stated)",series:musical_map_of_china;unaccompanied;multiple_singers;song_and_dance,traditional,,0.0357142857142857,True,,0,0
q6stz5L-ve4,1,youtube,https://www.youtube.com/watch?v=q6stz5L-ve4,VTS 02 1何細妹 嘆生禮 嘆阿爹,World Worship Artisans,youtube:UC5-r0ye5eWBWJSQZhWvZ9Ng,20220119.0,450.0,粤,Yue,YUE,Han,香港,"伶仃岛出生,香港仔",province,114.134357,22.377366,汉,疍家,嘆生禮·嘆阿爹,嘆生禮嘆阿爹,叹歌（疍家）,field,,Sdb54387d,,A2,"description: [singer] born Lingding Island, settled Aberdeen, sings fisher songs; 岸上渔歌 DVD",,traditional,,0.2888888888888888,True,,83,4
Q9MAzgqHrhY,1,youtube,https://www.youtube.com/watch?v=Q9MAzgqHrhY,Chinese Tibetan Ethinicity Folk Song - Black Yak  藏族民歌 《黑色牦牛 . 诺拉琼》 中国音乐地图 听见西藏 瑞鸣音乐 Rhymoi,Musical Map of China 中国音乐地图.瑞鸣音乐 Rhymoi Music,youtube:UCN19zbpNCX9lrbKreffuSAQ,20211110.0,149.0,藏族民歌区,Tibetan,TIB,minority,西藏,那曲,prefecture,89.24948,32.783399,藏,,诺拉琼（黑色牦牛）,诺拉琼,牧歌,原生态,,Sb2f70839,,C,description: Rhymoi studio series; 地区 那曲 (prefecture),series:musical_map_of_china;unaccompanied,traditional,,0.0,True,,0,0
i11_N8kjt6s,1,youtube,https://www.youtube.com/watch?v=i11_N8kjt6s,Chinese Shaanxi Folk Song - Picking the Fairy Peaches  陕西民歌《打仙桃 》中国音乐地图 听见陕西 瑞鸣音乐 Rhymoi Music,Musical Map of China 中国音乐地图.瑞鸣音乐 Rhymoi Music,youtube:UCN19zbpNCX9lrbKreffuSAQ,20211204.0,75.0,西北部高原,Northwest Plateau,NWP,Han,陕西,陕南,province,108.887114,35.263661,汉,,打仙桃,打仙桃,小调,原生态,,Sd913a499,,C,description: Rhymoi studio series; 地区 陕西 only,series:musical_map_of_china;unaccompanied,traditional,,0.0,True,,0,0
Ydep74YX0zQ,1,youtube,https://www.youtube.com/watch?v=Ydep74YX0zQ,Chinese Dong Ethnicity Folk Song - Toasting Song of Dong Ethnic Group 侗族民歌 《侗家敬酒歌》 中国音乐地图 听见贵州 瑞鸣音乐,Musical Map of China 中国音乐地图.瑞鸣音乐 Rhymoi Music,youtube:UCN19zbpNCX9lrbKreffuSAQ,20211124.0,74.0,西南多民族古老原始文化民歌区,Southwest Multi-ethnic,SWM,minority,贵州,,province,106.880455,26.826368,侗,,侗家敬酒歌,侗家敬酒歌#Ydep74YX0zQ,酒歌,原生态,,Saa4d0d70,,C,description: Rhymoi studio series; 地区 贵州 only,series:musical_map_of_china;unaccompanied,traditional,,0.0,True,,0,0
lAtp0PZY3SA,1,youtube,https://www.youtube.com/watch?v=lAtp0PZY3SA,原生态云南山歌花灯，你肯定没有听过这样的山歌（原创实拍）,hongyu huang (山歌大土豆),youtube:UC7SxzK7QfPyjE48TG24e7IQ,20180208.0,83.0,西南高原,Southwest Plateau,SWP,Han,云南,,province,101.485106,25.008643,汉,,云南山歌（花灯调）,云南山歌#lAtp0PZY3SA,山歌,原生态,,,,C,title: 云南山歌 only; amateur recording,,traditional,,0.0,True,,87,4
KMAQXHLEZcY,1,youtube,https://www.youtube.com/watch?v=KMAQXHLEZcY,徐子尧 打支山歌过横排 (兴国山歌) 4K版 【刀郎山歌万里音乐会】,刀郎歌曲传唱,youtube:UCv-8IDyYCHiEVzhd-6_G2Aw,20260922.0,210.0,赣,Gan,GAN,Han,江西,赣州兴国,county,115.439495,26.419303,,,打支山歌过横排,打支山歌过横排,兴国山歌,民族唱法,,S56bc8e9e,,C,title: 刀郎山歌万里音乐会 concert,,traditional,exclude,0.0,False,label,88,2
eOq5gNh7irQ,1,youtube,https://www.youtube.com/watch?v=eOq5gNh7irQ,朱丁順《卜聽民謠來阮兜》恆春民謠彈唱＿牛卜吃草（恆春小調）,陳明章Chen Ming Chang,youtube:UC3frBty1b2cXWZ_HcRrtn-Q,20240222.0,409.0,闽台,Min–Tai,MT,Han,台湾,屏东恒春半岛,province,120.971485,23.749452,,,牛卜吃草（恒春小调）,牛卜吃草,恒春民谣,原生态,,S7ad644c4,台湾薪传奖民族艺师,A2,description: [singer] national-treasure level 薪传奖 artist of Hengchun peninsula folk songs,,traditional,,0.0,True,,74,0
kutaqt1qmjI,1,youtube,https://www.youtube.com/watch?v=kutaqt1qmjI,二人轉歌曲：丟戒指(王紅梅),小新,youtube:UCJkQoVfpelPSFk1ToIwDOng,20191226.0,178.0,东北部平原,Northeast Plain,NEP,Han,东北,,none,,,,,丢戒指,丢戒指,二人转小帽/小调,原生态,,S1f4af5f5,,C,title only: 二人转,,traditional,,0.0,True,,90,1
13c_Qkkv4vs,1,youtube,https://www.youtube.com/watch?v=13c_Qkkv4vs,Chinese Mongolian Long Tune Folk Song - The Brown Eagle 蒙古长调 《褐色的雄鹰》 中国音乐地图 听见内蒙古 瑞鸣音乐 Rhymoi Music,Musical Map of China 中国音乐地图.瑞鸣音乐 Rhymoi Music,youtube:UCN19zbpNCX9lrbKreffuSAQ,20211107.0,259.0,北方草原文化民歌区,Northern Steppe,NS,minority,内蒙古,呼伦贝尔,prefecture,120.906902,49.635232,蒙古,,褐色的雄鹰,褐色的雄鹰,蒙古长调,原生态,,S2fd90e71,,C,description: 地区 呼伦贝尔 only,series:musical_map_of_china;accompanied;instrument:马头琴,check,,0.0,True,,0,0
KbaNc8UCkZo,1,youtube,https://www.youtube.com/watch?v=KbaNc8UCkZo,客家山歌(平板)：王鳳珠 - 飲水思源 ( Drink From The Source ),ufoskyler,youtube:UCWIgDda4BPb3P6zCBixaZQg,20150303.0,221.0,客家特区,Hakka,HAK,Han,台湾,桃竹苗,province,120.971485,23.749452,汉,客家,平板·飲水思源,平板飲水思源,平板,原生态,,S314b356a,,C,"description: singer named, no locality",,check,,0.0,True,,62,3
zeVlUL17NXc,1,youtube,https://www.youtube.com/watch?v=zeVlUL17NXc,Uyghur Song & Music - The Twelve Muqams 十二木卡姆,kwwkwwkww,youtube:UCG6djxZXJPa28tl3RB3D-RQ,20071015.0,242.0,新疆民歌区,Xinjiang,XJ,minority,新疆,,province,85.294711,41.371801,维吾尔,,十二木卡姆（选段）,十二木卡姆#zeVlUL17NXc,十二木卡姆,民族唱法,,,,C,title only; excerpt,,traditional,,0.0,True,,0,0
5ZbIgssct_8,1,youtube,https://www.youtube.com/watch?v=5ZbIgssct_8,沔阳民歌《到春来呀百花开呀》,許娸雯,youtube:UCLPlus78IajJUyo3ooLsiGA,20211004.0,170.0,江汉,Jiang–Han,JHN,Han,湖北,仙桃(沔阳),prefecture,113.381345,30.287564,,,到春来呀百花开呀,到春来呀百花开呀,小调,原生态,,,,C,title: 沔阳民歌 only,,traditional,,0.0,True,,19,4
ek7JhOIacwc,1,youtube,https://www.youtube.com/watch?v=ek7JhOIacwc,"Ma deng diao 马灯调 (""horse lantern tune"") folk singing from Ningbo, Zhejiang, China",dbadagna,youtube:UCEVEsOLJ5NFpEJe7N5nbNhA,20210627.0,114.0,江浙平原,Jiangsu–Zhejiang Plain,JZP,Han,浙江,宁波,prefecture,121.479174,29.733017,,,马灯调,马灯调,小调/灯调,原生态,,,,C,description: TV news segment about a 2019 forum in Hangzhou,,traditional,,0.8181818181818182,False,speech,0,0
q5P86Jt6XMA,1,youtube,https://www.youtube.com/watch?v=q5P86Jt6XMA,Chinese Anhui  Folk Drama - Scenery in Twelve Months | 安徽民间曲艺 合肥门歌《十二月景象》中国音乐地图 听见安徽 瑞鸣音乐 Rhymoi,Musical Map of China 中国音乐地图.瑞鸣音乐 Rhymoi Music,youtube:UCN19zbpNCX9lrbKreffuSAQ,20230112.0,266.0,江淮,Jiang–Huai,JH,Han,安徽,合肥,prefecture,117.360447,31.762594,汉,,十二月景象（合肥门歌）,十二月景象,门歌,原生态,,S886794eb,,C,description: 地区 合肥 (city); Rhymoi series,series:musical_map_of_china;accompanied;instrument:二胡;instrument:鼓;instrument:锣;multiple_singers,traditional,,0.0,True,,0,0
NsGQtTxlIsw,1,youtube,https://www.youtube.com/watch?v=NsGQtTxlIsw,Chinese Hunan Folk Song - Fragrance of Locust Flowers   湖南桑植民歌《槐树花儿香》中国音乐地图 听见湖南 瑞鸣音乐 Rhymoi Music,Musical Map of China 中国音乐地图.瑞鸣音乐 Rhymoi Music,youtube:UCN19zbpNCX9lrbKreffuSAQ,20221220.0,132.0,湘,Xiang,XIA,Han,湖南,张家界桑植,county,110.181928,29.562013,汉,,槐树花儿香,槐树花儿香,山歌,原生态,,S1261dac8,,A2,"Musical Map of China description: named singer, 地区 湖南桑植 (county stated)",series:musical_map_of_china;unaccompanied;multiple_singers,traditional,,0.0,True,,0,0
nHfssZrmYFM,1,youtube,https://www.youtube.com/watch?v=nHfssZrmYFM,VTS 06 1黎連壽 行船歌 大船拋住沱濘頭,World Worship Artisans,youtube:UC5-r0ye5eWBWJSQZhWvZ9Ng,20220117.0,216.0,粤,Yue,YUE,Han,香港,塔门,province,114.134357,22.377366,汉,疍家,行船歌（大船拋住沱濘頭）,行船歌,渔歌/咸水歌,field,,S52d7081e,,A2,"description: [singer] native of Tap Mun, knows ~20 fisher songs; 岸上渔歌 DVD",,traditional,,0.1818181818181818,True,,83,4
rrzuEQwOWE0,1,youtube,https://www.youtube.com/watch?v=rrzuEQwOWE0,Chinese Tibetan Ethinicity Folk Song - The Moon Shines on the Mountains  藏族民歌 《月亮映照山岭 . 夏松夏》中国音乐地图,Musical Map of China 中国音乐地图.瑞鸣音乐 Rhymoi Music,youtube:UCN19zbpNCX9lrbKreffuSAQ,20211226.0,173.0,藏族民歌区,Tibetan,TIB,minority,西藏,日喀则/林芝,prefecture,86.477854,29.498529,藏,,夏松夏（月亮映照山岭）,夏松夏,堆谐,原生态,,Seb8e1bdd,,C,description: Rhymoi studio series; 堆谐,series:musical_map_of_china;accompanied;instrument:扎念;multiple_singers;song_and_dance,traditional,,0.0,True,,0,0
tFB_I-gKGuY,1,youtube,https://www.youtube.com/watch?v=tFB_I-gKGuY,Chinese Shaanxi  Folk Song- Little Feet and Red Embroidered Shoes 陕西民歌《小小脚儿红绣鞋》中国音乐地图 听见陕西 瑞鸣音乐,Musical Map of China 中国音乐地图.瑞鸣音乐 Rhymoi Music,youtube:UCN19zbpNCX9lrbKreffuSAQ,20211204.0,88.0,西北部高原,Northwest Plateau,NWP,Han,陕西,陕南,province,108.887114,35.263661,汉,,小小脚儿红绣鞋,小小脚儿红绣鞋,小调,原生态,,Sd913a499,,C,description: Rhymoi studio series; 地区 陕西 only,series:musical_map_of_china;unaccompanied,traditional,,0.0,True,,0,0
h3ALoKV6mlg,1,youtube,https://www.youtube.com/watch?v=h3ALoKV6mlg,Chinese Miao Ethnicity Folk Song - Gedong Flying Song 苗族民歌 《革东飞歌》 中国音乐地图 听见贵州 瑞鸣音乐 Rhymoi Music,Musical Map of China 中国音乐地图.瑞鸣音乐 Rhymoi Music,youtube:UCN19zbpNCX9lrbKreffuSAQ,20211111.0,135.0,西南多民族古老原始文化民歌区,Southwest Multi-ethnic,SWM,minority,贵州,黔东南台江,county,108.302641,26.639027,苗,,革东飞歌,革东飞歌,飞歌,原生态,,S4cb445d0,,A2,"Musical Map of China description: named singer, 地区 贵州台江 (county stated)",series:musical_map_of_china;unaccompanied,composed,,0.0,False,composed,0,0
PLziBckREhA,1,youtube,https://www.youtube.com/watch?v=PLziBckREhA,板扎呢云南山歌，领唱的大叔有点帅（原创）,hongyu huang (山歌大土豆),youtube:UC7SxzK7QfPyjE48TG24e7IQ,20180208.0,83.0,西南高原,Southwest Plateau,SWP,Han,云南,,province,101.485106,25.008643,汉,,云南山歌,云南山歌#PLziBckREhA,山歌,原生态,,,,C,title: 云南山歌 only; amateur recording,,traditional,,0.125,True,,87,4
uRPilTtZZRE,1,youtube,https://www.youtube.com/watch?v=uRPilTtZZRE,斑鸠调 (赣南民歌),黄玉英 - Topic,youtube:UCeM32vMoM7twe-a96Bth8lQ,20220210.0,175.0,赣,Gan,GAN,Han,江西,赣南,province,115.732975,27.636112,,,斑鸠调,斑鸠调,采茶调/小调,民族唱法,,S67cefc9b,,C,title: 赣南民歌 album 采茶金曲 track,,traditional,,0.0,True,,103,1
tbalMg_ky7A,1,youtube,https://www.youtube.com/watch?v=tbalMg_ky7A,朱丁順《卜聽民謠來阮兜》恆春民謠彈唱＿長工故事I（四季春）,陳明章Chen Ming Chang,youtube:UC3frBty1b2cXWZ_HcRrtn-Q,20240222.0,471.0,闽台,Min–Tai,MT,Han,台湾,屏东恒春半岛,province,120.971485,23.749452,,,长工歌（四季春调）,长工歌,恒春民谣,原生态,,S7ad644c4,台湾薪传奖民族艺师,A2,"description: [singer] 薪传奖 artist, 恒春半岛",,traditional,,0.0,True,,74,0
FSb3FzbufBc,1,youtube,https://www.youtube.com/watch?v=FSb3FzbufBc,二人转传奇《瞧情郎》闫淑萍,yuleerrenzhuan,youtube:UC2yFwGU3UUtUM4BHZDOBTfA,20130621.0,156.0,东北部平原,Northeast Plain,NEP,Han,东北,,none,,,,,瞧情郎,瞧情郎,二人转小帽/小调,原生态,,S282cf95c,,C,title: 二人转; desc generic genre text,,traditional,,0.0,True,,105,2
ncta7lrwOYY,1,youtube,https://www.youtube.com/watch?v=ncta7lrwOYY,Chinese Mongolian Long Tune Folk Song - Naughty Claret Horse 蒙古长调 《调皮的枣红马》 中国音乐地图 听见内蒙古 瑞鸣音乐 Rhymoi,Musical Map of China 中国音乐地图.瑞鸣音乐 Rhymoi Music,youtube:UCN19zbpNCX9lrbKreffuSAQ,20211107.0,220.0,北方草原文化民歌区,Northern Steppe,NS,minority,内蒙古,锡林郭勒盟,prefecture,115.51632,44.232965,蒙古,,调皮的枣红马,调皮的枣红马,蒙古长调,原生态,,S9f95da64,,C,description: 地区 锡林郭勒 only,series:musical_map_of_china;accompanied;instrument:马头琴;instrument:低音马头琴;instrument:扬琴,check,,0.0,True,,0,0
w_Tm08XqP9E,1,youtube,https://www.youtube.com/watch?v=w_Tm08XqP9E,客家山歌(山歌仔)：王鳳珠 - 冬梅 ( Winter Prunus Mume ),ufoskyler,youtube:UCWIgDda4BPb3P6zCBixaZQg,20140726.0,186.0,客家特区,Hakka,HAK,Han,台湾,桃竹苗,province,120.971485,23.749452,汉,客家,山歌仔·冬梅,山歌仔冬梅,山歌仔,原生态,,S314b356a,,C,"description: singer named, no locality; new lyrics",,check,,0.0,True,,62,3
wP83AfHGH5c,1,youtube,https://www.youtube.com/watch?v=wP83AfHGH5c,Chinese Uyghur Ethnicity Folk Song - Meeting My Lover in the Garden 维吾尔族民歌 《在花园中遇见了我的情人》中国音乐地图 听见新疆,Musical Map of China 中国音乐地图.瑞鸣音乐 Rhymoi Music,youtube:UCN19zbpNCX9lrbKreffuSAQ,20211223.0,317.0,新疆民歌区,Xinjiang,XJ,minority,新疆,,province,85.294711,41.371801,维吾尔,,在花园中遇见了我的情人,在花园中遇见了我的情人,维吾尔民歌,原生态,,S42f6cbaa,,C,description: 地区 新疆 only; Rhymoi series,series:musical_map_of_china;accompanied;instrument:热瓦甫;instrument:都塔尔,check,,0.0,True,,0,0
ypw84SPR-Ug,1,youtube,https://www.youtube.com/watch?v=ypw84SPR-Ug,湖北民歌《幸福歌》,許娸雯,youtube:UCLPlus78IajJUyo3ooLsiGA,20220525.0,122.0,江汉,Jiang–Han,JHN,Han,湖北,江汉平原,county,114.259269,30.604071,,,幸福歌,幸福歌,小调,原生态,,,,C,title: 湖北民歌 only,,composed,minor,0.0,False,composed,19,4
9vmVEubrgJM,1,youtube,https://www.youtube.com/watch?v=9vmVEubrgJM,"Lianxiang dance/song 打莲湘  / 打连厢 from Suzhou, China",dbadagna,youtube:UCEVEsOLJ5NFpEJe7N5nbNhA,20200601.0,120.0,江浙平原,Jiangsu–Zhejiang Plain,JZP,Han,江苏,苏州甪直,prefecture,120.660806,31.382865,,,打莲湘,打莲湘,莲湘/小调,field,,,,B,"description: stage performance, caption 苏州甪直打连厢, filmed Suzhou 2013; dbadagna",,check,,0.0,True,,0,0
O7R3dAryAcA,1,youtube,https://www.youtube.com/watch?v=O7R3dAryAcA,Chinese Anhui  Folk Drama - Celebration of Birthday at Hall Meeting | 安徽民间曲艺 合肥门歌《堂会祝寿》中国音乐地图 听见安徽,Musical Map of China 中国音乐地图.瑞鸣音乐 Rhymoi Music,youtube:UCN19zbpNCX9lrbKreffuSAQ,20230112.0,264.0,江淮,Jiang–Huai,JH,Han,安徽,合肥,prefecture,117.360447,31.762594,汉,,堂会祝寿（合肥门歌）,堂会祝寿,门歌,原生态,,S886794eb,,C,description: 地区 合肥 (city); Rhymoi series,series:musical_map_of_china;accompanied;instrument:二胡;instrument:鼓;instrument:锣;multiple_singers,traditional,,0.0,True,,0,0
2iBrbZjjSw8,1,youtube,https://www.youtube.com/watch?v=2iBrbZjjSw8,Chinese Hunan Folk Song - Chestnuts Blossom in A Line  湖南桑植民歌 《板栗开花一条线 》中国音乐地图 听见湖南 瑞鸣音乐 Rhymoi,Musical Map of China 中国音乐地图.瑞鸣音乐 Rhymoi Music,youtube:UCN19zbpNCX9lrbKreffuSAQ,20221220.0,92.0,湘,Xiang,XIA,Han,湖南,张家界桑植,county,110.181928,29.562013,汉,,板栗开花一条线,板栗开花一条线,山歌,原生态,,S4399d0bc,,A2,"Musical Map of China description: named singer, 地区 湖南桑植 (county stated)",series:musical_map_of_china;unaccompanied,traditional,,0.0,True,,0,0
nxXbSC48XVw,1,youtube,https://www.youtube.com/watch?v=nxXbSC48XVw,Traditional Danzhou (Hainan) Folk Song 传统海南《儋州调声》,Iain Inglis,youtube:UCH2d6iPuSQKTNeC_2dDfEqQ,20170622.0,157.0,粤,Yue,YUE,Han,海南,三亚(儋州调声),prefecture,109.421656,18.362263,,,儋州调声（传统）,儋州调声,调声,原生态,,,,C,description: 儋州调声 filmed in Sanya (city); performers unnamed,,traditional,,0.0,True,,113,1
L0IC3ELtQIs,1,youtube,https://www.youtube.com/watch?v=L0IC3ELtQIs,Chinese Tibetan Ethinicity Folk Song -The Tibetan Antelope Is Running 藏族民歌  《藏羚羊在奔跑 . 蕞》 中国音乐地图 听见西藏,Musical Map of China 中国音乐地图.瑞鸣音乐 Rhymoi Music,youtube:UCN19zbpNCX9lrbKreffuSAQ,20211110.0,139.0,藏族民歌区,Tibetan,TIB,minority,西藏,那曲,prefecture,89.24948,32.783399,藏,,蕞（藏羚羊在奔跑）,蕞,驮盐歌,原生态,,Sb2f70839,,C,description: Rhymoi studio series; 地区 那曲,series:musical_map_of_china;unaccompanied,traditional,,0.0,True,,0,0
5W3OGo182V0,1,youtube,https://www.youtube.com/watch?v=5W3OGo182V0,Chinese Hui Ethnicity Folk Song - The Grand Hezhou Tune | 回族民歌 花儿《河州大令》中国音乐地图  听见甘肃 瑞鸣音乐 Rhymoi,Musical Map of China 中国音乐地图.瑞鸣音乐 Rhymoi Music,youtube:UCN19zbpNCX9lrbKreffuSAQ,20240106.0,143.0,西北部高原,Northwest Plateau,NWP,Han,甘肃,临夏,county,103.187295,35.574698,回,,河州大令,河州大令,花儿,原生态,,Se67f61e7,,C,description: Rhymoi studio series; 地区 甘肃/临夏州,series:musical_map_of_china;unaccompanied,traditional,,0.0,True,,0,0
Ijq1hsCA5lI,1,youtube,https://www.youtube.com/watch?v=Ijq1hsCA5lI,Hmong (Miao) Song - The Flying Song from Jiuyang Town 久仰飞歌,kwwkwwkww,youtube:UCG6djxZXJPa28tl3RB3D-RQ,20090302.0,130.0,西南多民族古老原始文化民歌区,Southwest Multi-ethnic,SWM,minority,贵州,黔东南剑河久仰镇,county,108.668206,26.650559,苗,,久仰飞歌,久仰飞歌,苗族飞歌,原生态,,,,C,"description: Jiuyang Town, Jianhe County named, no performance context",,traditional,,0.0,True,,0,0
ANoml74LnnQ,1,youtube,https://www.youtube.com/watch?v=ANoml74LnnQ,九寨民歌 - 南坪小调,kwwkwwkww,youtube:UCG6djxZXJPa28tl3RB3D-RQ,20090319.0,178.0,西南高原,Southwest Plateau,SWP,Han,四川,阿坝九寨沟(南坪),county,103.926618,33.311923,汉,,南坪小调,南坪小调#ANoml74LnnQ,小调/南坪曲子,原生态,,,,C,title: 九寨民歌 only,,traditional,,0.0,True,,0,0
Md_DDGyAJxg,1,youtube,https://www.youtube.com/watch?v=Md_DDGyAJxg,江西-赣南民歌《斑鸠调》,乡音，方言歌曲收藏馆,youtube:UCZAOwR9Huqmn9TqxAVlHTXg,20211027.0,176.0,赣,Gan,GAN,Han,江西,赣南,province,115.732975,27.636112,,,斑鸠调,斑鸠调,采茶调/小调,other,,,,C,title: 赣南民歌; dialect-song collection channel,,traditional,,0.0,True,,118,0
L_CtWupDxDY,1,youtube,https://www.youtube.com/watch?v=L_CtWupDxDY,張日貴唱恆春民謠思想枝-20130815-賴鵬智攝,賴鵬智,youtube:UCChHGhVMqhT8DTEDGhEmGUw,20130826.0,172.0,闽台,Min–Tai,MT,Han,台湾,屏东满州乡,province,120.971485,23.749452,,,思想起,思想起,恒春民谣,原生态,,S403712fb,,A2,"tags: [singer] sings 恒春民谣, 满州乡, 屏东; video 2013",,traditional,,0.0,True,,119,1
lzs2IIV6yjQ,1,youtube,https://www.youtube.com/watch?v=lzs2IIV6yjQ,二人轉劇場《小帽》：月牙五更(孫曉明&趙瑩),小新,youtube:UCJkQoVfpelPSFk1ToIwDOng,20190405.0,205.0,东北部平原,Northeast Plain,NEP,Han,东北,,none,,,,,月牙五更,月牙五更,二人转小帽/小调,原生态,,S6bb10790,,C,title only: 二人转小帽,,traditional,,0.0476190476190476,True,,90,1
dFHXHGD0Df0,1,youtube,https://www.youtube.com/watch?v=dFHXHGD0Df0,Chinese Mongolian Long Tune Folk Song - Small Yellow Horse 蒙古长调 《小黄马》 中国音乐地图 听见内蒙古 Rhymoi Music,Musical Map of China 中国音乐地图.瑞鸣音乐 Rhymoi Music,youtube:UCN19zbpNCX9lrbKreffuSAQ,20211105.0,278.0,北方草原文化民歌区,Northern Steppe,NS,minority,内蒙古,锡林郭勒盟,prefecture,115.51632,44.232965,蒙古,,小黄马,小黄马,蒙古长调,原生态,,S9f95da64,,C,description: 地区 锡林郭勒 only,series:musical_map_of_china;accompanied;instrument:马头琴;instrument:低音马头琴;instrument:扬琴,traditional,,0.0,True,,0,0
4p87lfkeLcg,1,youtube,https://www.youtube.com/watch?v=4p87lfkeLcg,Chinese Guangdong Hakkas Folk Song - Mountain Songs of Xingning  广东客家民歌 《兴宁山歌》中国音乐地图 听见广东 瑞鸣音乐,Musical Map of China 中国音乐地图.瑞鸣音乐 Rhymoi Music,youtube:UCN19zbpNCX9lrbKreffuSAQ,20211211.0,71.0,客家特区,Hakka,HAK,Han,广东,梅州兴宁,county,115.747521,24.260532,汉,客家,兴宁山歌,兴宁山歌#4p87lfkeLcg,山歌,原生态,,Sbf3c9d81,,A2,"Musical Map of China description: named singer, 地区 广东兴宁县 (county stated)",series:musical_map_of_china;unaccompanied,traditional,,0.0,True,,0,0
8D7tbBkuisk,1,youtube,https://www.youtube.com/watch?v=8D7tbBkuisk,Chinese Uyghur Ethnicity Folk Song -  Lover is Talking to You 维吾尔族民歌 《情人对你说》中国音乐地图 听见新疆 瑞鸣音乐 Rhymoi,Musical Map of China 中国音乐地图.瑞鸣音乐 Rhymoi Music,youtube:UCN19zbpNCX9lrbKreffuSAQ,20211223.0,269.0,新疆民歌区,Xinjiang,XJ,minority,新疆,,province,85.294711,41.371801,维吾尔,,情人对你说,情人对你说,维吾尔民歌,原生态,,S42f6cbaa,,C,description: 地区 新疆 only; Rhymoi series,series:musical_map_of_china;accompanied;instrument:手鼓;instrument:都塔尔;instrument:弹布尔;instrument:热瓦甫;instrument:萨塔尔,check,,0.0,True,,0,0
0mvTb2kX7W0,1,youtube,https://www.youtube.com/watch?v=0mvTb2kX7W0,"Xinyang folk song 信阳民歌 from Xinyang 信阳市 Henan, China",dbadagna,youtube:UCEVEsOLJ5NFpEJe7N5nbNhA,20210113.0,242.0,江汉,Jiang–Han,JHN,Han,河南,信阳,prefecture,114.889128,32.080437,,,信阳民歌,信阳民歌#0mvTb2kX7W0,山歌/小调,民族唱法,,Se7293e1f,,C,"description: music video, singer Lei Tijie, Xinyang city; scenery of 潢川县",,traditional,,0.0,True,,0,0
eKXAhmob1Mg,1,youtube,https://www.youtube.com/watch?v=eKXAhmob1Mg,"Huizhou folk song 徽州民歌 from Anhui, China",dbadagna,youtube:UCEVEsOLJ5NFpEJe7N5nbNhA,20200620.0,244.0,江浙平原,Jiangsu–Zhejiang Plain,JZP,Han,安徽,黄山歙县,county,118.095868,30.252547,,,徽州民歌,徽州民歌#eKXAhmob1Mg,山歌/小调,field,,Se723b327,国家级: 徽州民歌 (操明花),A2,description: Cao Minghua National-Level Representative Transmitter of Huizhou folk songs; filmed in She County 2019,,traditional,,0.0,True,,0,0
olFFh11z3Fk,1,youtube,https://www.youtube.com/watch?v=olFFh11z3Fk,◆揚州民歌◆ 《拔根蘆柴花》邵伯秧號子、江都、王瑞如、揚州話、下江官話,"廣陵雪 Kuangq lingz shyeh, Guãng Líng xuêc.",youtube:UC_-90lgkcHvT8n-IDn4Fh6g,20170411.0,164.0,江淮,Jiang–Huai,JH,Han,江苏,扬州江都邵伯镇,county,119.694782,32.534162,,,拔根芦柴花,拔根芦柴花,秧号子,原生态,,S9d55223d,(level not stated): 拔根芦柴花 (邵伯秧号子) 传承人,A2,"description: Wang Ruru, native of Shaobo Town, Jiangdu; 民歌 inheritor",,check,,0.25,True,,0,0
lBuYY_cn8Vo,1,youtube,https://www.youtube.com/watch?v=lBuYY_cn8Vo,Chinese Hunan Folk Song - Red lights on the Banana Trees  湖南桑植民歌 《芭蕉树上挂红灯》中国音乐地图 听见湖南 瑞鸣音乐 Rhymoi,Musical Map of China 中国音乐地图.瑞鸣音乐 Rhymoi Music,youtube:UCN19zbpNCX9lrbKreffuSAQ,20221220.0,86.0,湘,Xiang,XIA,Han,湖南,张家界桑植,county,110.181928,29.562013,汉,,芭蕉树上挂红灯,芭蕉树上挂红灯,山歌,原生态,,S53fdbe08,,A2,"Musical Map of China description: named singer, 地区 湖南桑植 (county stated)",series:musical_map_of_china;unaccompanied,traditional,,0.0,True,,0,0
lAGz4EhGe3Q,1,youtube,https://www.youtube.com/watch?v=lAGz4EhGe3Q,现场实拍，海南儋州调声本土唱法，太震撼了,海口宝哥,youtube:UClU9ziim5sQJe9rQxOTD6NQ,20220528.0,165.0,粤,Yue,YUE,Han,海南,儋州,prefecture,109.390059,19.579264,,,儋州调声（本土唱法）,儋州调声,调声,原生态,,,,C,title: 儋州调声 local style; no singer or place detail,,traditional,,0.0,True,,128,0
dpP2vB7SLxo,1,youtube,https://www.youtube.com/watch?v=dpP2vB7SLxo,Chinese Tibetan Ethinicity Folk Song - The Sun After Snow  藏族民歌 《雪后的太阳 . 阿古强巴》 中国音乐地图 听见西藏 瑞鸣音乐,Musical Map of China 中国音乐地图.瑞鸣音乐 Rhymoi Music,youtube:UCN19zbpNCX9lrbKreffuSAQ,20211110.0,211.0,藏族民歌区,Tibetan,TIB,minority,西藏,昌都芒康,county,98.61533,29.614572,藏,,阿古强巴（雪后的太阳）,阿古强巴,山歌,原生态,,Sc94cc02e,,C,description: Rhymoi studio series; 地区 芒康/巴塘/德钦,series:musical_map_of_china;accompanied;instrument:哔旺,traditional,,0.0,True,,0,0
FESI6lXIFsQ,1,youtube,https://www.youtube.com/watch?v=FESI6lXIFsQ,Chinese Gansu Han Ethnicity Folk Songs - The Third Soft Tune | 甘肃汉族民歌 花儿《软三令》中国音乐地图 听见甘肃 瑞鸣音乐 Rhymoi,Musical Map of China 中国音乐地图.瑞鸣音乐 Rhymoi Music,youtube:UCN19zbpNCX9lrbKreffuSAQ,20240116.0,156.0,西北部高原,Northwest Plateau,NWP,Han,甘肃,临夏永靖,county,103.187295,35.574698,汉,,软三令,软三令,刘家峡花儿,原生态,,Sf6a9baf3,,A2,"Musical Map of China description: named singer, 地区 甘肃省临夏回族自治州永靖县 (county stated)",series:musical_map_of_china;unaccompanied,traditional,,0.0,True,,0,0
XAtSXTQTczE,1,youtube,https://www.youtube.com/watch?v=XAtSXTQTczE,苗族飞歌 | Miao Flying Song | 云南乡音 · 源生坊 #yunnan #indigenous #music #native,Yunnan Village Music,youtube:UCXhlRMysR-I6OZi_a8H9lFQ,20260410.0,479.0,西南多民族古老原始文化民歌区,Southwest Multi-ethnic,SWM,minority,云南,,province,101.485106,25.008643,苗,,苗族飞歌,苗族飞歌,苗族飞歌,原生态,,,,C,description: general note on flying songs; no place or singer,,traditional,,0.0625,True,,131,3
8l1yhALLo1c,1,youtube,https://www.youtube.com/watch?v=8l1yhALLo1c,云南民歌《小河淌水》云南省著名歌唱家黄虹老师演唱 1953年录音,Beautiful and  Entertaiment Source 美丽及娱乐资源,youtube:UCgTbQoYVr93gX1pA5H2V_Zw,20250131.0,224.0,西南高原,Southwest Plateau,SWP,Han,云南,大理弥渡,county,100.210651,25.742713,汉,,小河淌水,小河淌水,山歌/小调,民族唱法,,S4ec66bc9,,C,title: [singer] 1953 recording; 弥渡 as song origin,,composed,,0.0,False,composed,132,2
xnIrEnrZzeo,1,youtube,https://www.youtube.com/watch?v=xnIrEnrZzeo,[2019非遗公开课]赣南采茶戏《斑鸠调》 演唱：吴碧霞|CCTV,CCTV中国中央电视台,youtube:UCcLK3j-XWdGBnt5bR9NJHaQ,20190607.0,136.0,赣,Gan,GAN,Han,江西,赣南,province,115.732975,27.636112,,,斑鸠调,斑鸠调,采茶调/小调,民族唱法,,Sb37ed55a,,C,"title: CCTV 非遗公开课, 赣南采茶调",,traditional,,0.0,True,,0,0
8zOoTNcmKdE,1,youtube,https://www.youtube.com/watch?v=8zOoTNcmKdE,(月琴之友Yueqin Friends)  恆春民謠阿嬤  陳英 月琴彈唱: 思想起,twdavid10000,youtube:UCluSrrzrSEd6i4CQhMkyNSg,20110907.0,311.0,闽台,Min–Tai,MT,Han,台湾,屏东恒春,province,120.971485,23.749452,,,思想起,思想起,恒春民谣,原生态,,Sbb85ac3a,,C,title: 恒春民谣阿嬷 [singer]; locality only through genre name,,traditional,,0.0,True,,14,1
7zyWgK_bqlY,1,youtube,https://www.youtube.com/watch?v=7zyWgK_bqlY,哭五更（天津民歌）,Release - Topic,youtube:UC4vTMjsQkMZ-NJ2YHx-iG7w,20260529.0,507.0,东北部平原,Northeast Plain,NEP,Han,天津,,province,117.347043,39.288036,,,哭五更,哭五更,小调,民族唱法,,S5f8a3f75,,C,title: 天津民歌; album track,,traditional,,0.0,True,,135,3
8IXA7Ujc-TQ,1,youtube,https://www.youtube.com/watch?v=8IXA7Ujc-TQ,Chinese Mongolian Long Tune Folk Song - Strong and Vigorous Steed 蒙古长调 《矫健的骏马》 中国音乐地图 听见内蒙古 中国音乐地图,Musical Map of China 中国音乐地图.瑞鸣音乐 Rhymoi Music,youtube:UCN19zbpNCX9lrbKreffuSAQ,20211105.0,233.0,北方草原文化民歌区,Northern Steppe,NS,minority,内蒙古,锡林郭勒盟,prefecture,115.51632,44.232965,蒙古,,矫健的骏马,矫健的骏马,蒙古长调,原生态,,S9f95da64,,C,description: 地区 锡林郭勒 only,series:musical_map_of_china;accompanied;instrument:马头琴;instrument:低音马头琴;instrument:扬琴,check,,0.0,True,,0,0
rRZBWlDuU7Q,1,youtube,https://www.youtube.com/watch?v=rRZBWlDuU7Q,Chinese Guangdong Hakkas Folk Song - Moutain Songs of Fengshun  广东客家民歌 《丰顺山歌》中国音乐地图 听见广东 瑞鸣音乐 Rhymoi,Musical Map of China 中国音乐地图.瑞鸣音乐 Rhymoi Music,youtube:UCN19zbpNCX9lrbKreffuSAQ,20211211.0,75.0,客家特区,Hakka,HAK,Han,广东,梅州丰顺,county,116.28764,23.912892,汉,客家,丰顺山歌,丰顺山歌#rRZBWlDuU7Q,山歌,原生态,,Sbf3c9d81,,A2,"Musical Map of China description: named singer, 地区 广东丰顺县 (county stated)",series:musical_map_of_china;unaccompanied,traditional,,0.0,True,,0,0
_UpnaSEKlqU,1,youtube,https://www.youtube.com/watch?v=_UpnaSEKlqU,Chinese Uyghur Ethnicity Folk Song - The Song of the Coachman 维吾尔族民歌 《马车夫之歌》中国音乐地图 听见新疆 瑞鸣音乐 Rhymoi,Musical Map of China 中国音乐地图.瑞鸣音乐 Rhymoi Music,youtube:UCN19zbpNCX9lrbKreffuSAQ,20211223.0,278.0,新疆民歌区,Xinjiang,XJ,minority,新疆,,province,85.294711,41.371801,维吾尔,,马车夫之歌,马车夫之歌,维吾尔民歌,原生态,,S8dad14d2,,C,description: 地区 新疆 only; Rhymoi series,series:musical_map_of_china;accompanied;instrument:都塔尔,traditional,,0.0,True,,0,0
J0uzr2CaCkA,1,youtube,https://www.youtube.com/watch?v=J0uzr2CaCkA,"Xinyang folk song 信阳民歌 from Xinyang 信阳市 Henan, China",dbadagna,youtube:UCEVEsOLJ5NFpEJe7N5nbNhA,20210113.0,216.0,江汉,Jiang–Han,JHN,Han,河南,信阳浉河区,county,113.96164,32.045818,,,信阳民歌,信阳民歌#J0uzr2CaCkA,山歌/小调,field,,Sbbf39cfa,,B,"description: contestant no. 6 at 2011 Rainbow Cup Xinyang Folk Song Competition, Eyuwan Memorial Hall, Shihe District",,traditional,,0.0,True,,0,0
AnsPJiX6KW8,1,youtube,https://www.youtube.com/watch?v=AnsPJiX6KW8,"Tongling cattle songs 铜陵牛歌 from Anhui 安徽省, east-central China",dbadagna,youtube:UCEVEsOLJ5NFpEJe7N5nbNhA,20250624.0,265.0,江浙平原,Jiangsu–Zhejiang Plain,JZP,Han,安徽,铜陵义安区,county,117.924969,30.956626,,,铜陵牛歌,铜陵牛歌,牛歌/山歌,field,,,,B,"description: demonstration of Tongling niu ge, filmed Yi'an District 2023; performer unnamed; dbadagna",,traditional,,0.0,True,,0,0
yAvFMVVo49s,1,youtube,https://www.youtube.com/watch?v=yAvFMVVo49s,◆揚州民歌◆ 《撒趟子撂在外》邵伯秧號子、江都話、揚州話、淮东、下江官話,"廣陵雪 Kuangq lingz shyeh, Guãng Líng xuêc.",youtube:UC_-90lgkcHvT8n-IDn4Fh6g,20170723.0,178.0,江淮,Jiang–Huai,JH,Han,江苏,扬州江都邵伯镇,county,119.694782,32.534162,,,撒趟子撂在外,撒趟子撂在外,秧号子,原生态,,,,C,title/description: 邵伯秧号子 place only; singer unnamed in text; reposted audio,,traditional,,0.0,True,,0,0
p93ke4-XSrQ,1,youtube,https://www.youtube.com/watch?v=p93ke4-XSrQ,Chinese Hunan Folk Song -An Arduous Journey from Sichuan  湖南桑植民歌 《四川下来蹲蹲儿岩 》中国音乐地图 听见湖南 瑞鸣音乐 Rhymoi,Musical Map of China 中国音乐地图.瑞鸣音乐 Rhymoi Music,youtube:UCN19zbpNCX9lrbKreffuSAQ,20221220.0,79.0,湘,Xiang,XIA,Han,湖南,张家界桑植,county,110.181928,29.562013,汉,,四川下来蹲蹲儿岩（上四川）,四川下来蹲蹲儿岩,山歌,原生态,,S53fdbe08,,A2,"Musical Map of China description: named singer, 地区 湖南桑植 (county stated)",series:musical_map_of_china;unaccompanied,traditional,,0.0,True,,0,0
FahgEXth4Mo,1,youtube,https://www.youtube.com/watch?v=FahgEXth4Mo,摇侬调（崖州民歌）,蔡葩 - Topic,youtube:UCqUHeFcueTofdu7AwhwXe4g,20220129.0,216.0,粤,Yue,YUE,Han,海南,三亚崖州,county,109.125084,18.368426,,,摇侬调,摇侬调,崖州民歌,民族唱法,,S62b2a33f,,C,title: 崖州民歌; 2020 studio release,,traditional,,0.0,True,,143,3
VTOm9Nef1hQ,1,youtube,https://www.youtube.com/watch?v=VTOm9Nef1hQ,Chinese Tibetan Ethinicity Folk Song - Climbing Mountain Bu  藏族民歌 《上部山 . 雄雅日》 中国音乐地图,Musical Map of China 中国音乐地图.瑞鸣音乐 Rhymoi Music,youtube:UCN19zbpNCX9lrbKreffuSAQ,20211110.0,160.0,藏族民歌区,Tibetan,TIB,minority,青海,青海/甘肃,province,103.823557,36.058039,藏,,雄雅日（上部山）,雄雅日,山歌,原生态,,S470e6fda,,C,description: Rhymoi studio series; 地区 青海/甘肃,series:musical_map_of_china;accompanied;instrument:曼陀铃,traditional,,0.0,True,,0,0
0gENsX3Nt-4,1,youtube,https://www.youtube.com/watch?v=0gENsX3Nt-4,Chinese Gansu Flower Songs - I Am Just Like Liang Shanbo 甘肃洮岷花儿《青铜倒了一面锣，把我好比梁山伯》中国音乐地图 听见甘肃 瑞鸣音乐,Musical Map of China 中国音乐地图.瑞鸣音乐 Rhymoi Music,youtube:UCN19zbpNCX9lrbKreffuSAQ,20221221.0,202.0,西北部高原,Northwest Plateau,NWP,Han,甘肃,甘南临潭/定西岷县,county,104.24039,34.423916,汉,,青铜倒了一面锣（洮岷花儿）,青铜倒了一面锣,花儿,原生态,,S3062659f,,C,description: Rhymoi studio series; 地区 洮州(临潭)/岷州(岷县),series:musical_map_of_china;unaccompanied;multiple_singers,traditional,,0.0,True,,0,0
OAS8V7pr15U,1,youtube,https://www.youtube.com/watch?v=OAS8V7pr15U,Chinese Miao Ethnicity Folk Song - Standing on the High Miaoling Mountains 苗族民歌 《站在高高的苗岭》中国音乐地图 听见贵州,Musical Map of China 中国音乐地图.瑞鸣音乐 Rhymoi Music,youtube:UCN19zbpNCX9lrbKreffuSAQ,20211111.0,140.0,西南多民族古老原始文化民歌区,Southwest Multi-ethnic,SWM,minority,贵州,黔东南雷山,county,108.145834,26.339054,苗,,站在高高的苗岭,站在高高的苗岭,飞歌,原生态,,S807f2ec7,,A2,"Musical Map of China description: named singer, 地区 贵州雷山 (county stated)",series:musical_map_of_china;unaccompanied,check,,0.0,True,,0,0
rpDdNukM64Q,1,youtube,https://www.youtube.com/watch?v=rpDdNukM64Q,[原声天籁——中国民歌盛典]云南弥渡民歌《小河淌水》 演唱：吕薇 张英席 杨一方 应忆俊|CCTV,CCTV中国中央电视台,youtube:UCcLK3j-XWdGBnt5bR9NJHaQ,20240112.0,104.0,西南高原,Southwest Plateau,SWP,Han,云南,大理弥渡,county,100.210651,25.742713,汉,,小河淌水,小河淌水,山歌/小调,民族唱法,,S02a8ab78,,C,"title: CCTV gala, 弥渡民歌",,composed,,0.0,False,composed,0,0
-gvCbLpZKBQ,1,youtube,https://www.youtube.com/watch?v=-gvCbLpZKBQ,红绣鞋 (赣南民歌),黄玉英 - Topic,youtube:UCeM32vMoM7twe-a96Bth8lQ,20220210.0,185.0,赣,Gan,GAN,Han,江西,赣南,province,115.732975,27.636112,,,红绣鞋,红绣鞋,小调,民族唱法,,S67cefc9b,,C,title: 赣南民歌 album 采茶金曲 track,,traditional,,0.0,True,,103,1
FU8UXVrQDFc,1,youtube,https://www.youtube.com/watch?v=FU8UXVrQDFc,Zhangzhou Jin'ge (锦歌) 《思亲》,Aaron Yap,youtube:UCUrpBruxiNH3tq1xHTx4SGg,20160105.0,258.0,闽台,Min–Tai,MT,Han,福建,漳州,prefecture,117.458578,24.330766,,,思亲（锦歌）,思亲,锦歌,民族唱法,,,,C,description: Zhangpu opera troupe at a TV quyi competition,,check,,0.0,True,,149,4
Nx-6vq3LNZo,1,youtube,https://www.youtube.com/watch?v=Nx-6vq3LNZo,[民歌纯享]山东民歌《沂蒙山小调》 演唱：宋守莲 | CCTV,CCTV中国中央电视台,youtube:UCcLK3j-XWdGBnt5bR9NJHaQ,20171001.0,129.0,东北部平原,Northeast Plain,NEP,Han,山东,临沂,prefecture,118.286421,35.311899,,,沂蒙山小调,沂蒙山小调#Nx-6vq3LNZo,小调,民族唱法,,S266c6c8f,,C,title: 山东民歌; CCTV 民歌大会 TV,,composed,,0.0,False,composed,0,0
qc_kvoTVKHU,1,youtube,https://www.youtube.com/watch?v=qc_kvoTVKHU,Chinese Mongolian Long Tune Folk Song - My Hometown Chagan Taohai  蒙古长调  《查干陶海故乡》中国音乐地图 听见内蒙古 瑞鸣音乐,Musical Map of China 中国音乐地图.瑞鸣音乐 Rhymoi Music,youtube:UCN19zbpNCX9lrbKreffuSAQ,20211105.0,241.0,北方草原文化民歌区,Northern Steppe,NS,minority,内蒙古,锡林郭勒盟,prefecture,115.51632,44.232965,蒙古,,查干陶海故乡,查干陶海故乡,蒙古长调,原生态,,S9f95da64,,C,description: 地区 锡林郭勒 only,series:musical_map_of_china;accompanied;instrument:马头琴;instrument:低音马头琴;instrument:扬琴,check,,0.0,True,,0,0
hIxA5inYmYc,1,youtube,https://www.youtube.com/watch?v=hIxA5inYmYc,Hakka Mountain Song -  On Baihua Mountain| 客家山歌《百花山上》中国音乐地图 听见福建 Rhymoi Music,Musical Map of China 中国音乐地图.瑞鸣音乐 Rhymoi Music,youtube:UCN19zbpNCX9lrbKreffuSAQ,20260217.0,102.0,客家特区,Hakka,HAK,Han,福建,龙岩永定,county,116.818594,24.756095,汉,客家,百花山上,百花山上,山歌,原生态,,S92001a56,,A2,"Musical Map of China description: named singer, 地区 福建龙岩永定 (county stated)",series:musical_map_of_china;unaccompanied,traditional,,0.0,True,,0,0
IsOWrh5LofY,1,youtube,https://www.youtube.com/watch?v=IsOWrh5LofY,Chinese Uyghur Ethnicity Folk Song - Along the Roadside in Ili 维吾尔族民歌 《伊犁的大路边》中国音乐地图 听见新疆 瑞鸣音乐,Musical Map of China 中国音乐地图.瑞鸣音乐 Rhymoi Music,youtube:UCN19zbpNCX9lrbKreffuSAQ,20211223.0,173.0,新疆民歌区,Xinjiang,XJ,minority,新疆,伊犁,province,85.294711,41.371801,维吾尔,,伊犁的大路边,伊犁的大路边,伊犁民歌,原生态,,S3d2bf801,,C,title: 伊犁的大路边 (song name); description 地区 新疆 only,series:musical_map_of_china;accompanied;instrument:达卜;instrument:都塔尔;instrument:弹布尔;instrument:热瓦甫;instrument:萨塔尔,traditional,,0.0,True,,0,0
xPPfLpMRyjA,1,youtube,https://www.youtube.com/watch?v=xPPfLpMRyjA,神农架原生态花鼓歌,凤Phoenix,youtube:UCFwPYQyf-vXZ0RA2uXdCGtA,20180103.0,551.0,江汉,Jiang–Han,JHN,Han,湖北,神农架,prefecture,110.480761,31.589684,,,神农架花鼓歌,神农架花鼓歌,花鼓歌,原生态,,,,C,title only,,traditional,,0.0363636363636363,True,,154,4
Olcf1aQqQMA,1,youtube,https://www.youtube.com/watch?v=Olcf1aQqQMA,Chinese Anhui Folk Songs - Gathering Bean Plants in the Field | 安徽当涂民歌 《姐在田里薅豆棵》中国音乐地图  瑞鸣音乐 Rhymoi,Musical Map of China 中国音乐地图.瑞鸣音乐 Rhymoi Music,youtube:UCN19zbpNCX9lrbKreffuSAQ,20230112.0,117.0,江浙平原,Jiangsu–Zhejiang Plain,JZP,Han,安徽,马鞍山当涂,county,118.601418,31.463515,汉,,姐在田里薅豆棵,姐在田里薅豆棵,田歌/山歌,原生态,,S9d202f7c,,A2,"Musical Map of China description: named singer, 地区 安徽当涂 (county stated)",series:musical_map_of_china;unaccompanied,traditional,,0.0,True,,0,0
7O_hCMuiNrI,1,youtube,https://www.youtube.com/watch?v=7O_hCMuiNrI,[中国民歌大会]邵伯秧号子《拔根芦柴花》 演唱：王瑞如,CCTV中国中央电视台,youtube:UCcLK3j-XWdGBnt5bR9NJHaQ,20161007.0,112.0,江淮,Jiang–Huai,JH,Han,江苏,扬州江都邵伯镇,county,119.694782,32.534162,,,拔根芦柴花,拔根芦柴花,秧号子,原生态,,S9d55223d,(level not stated): 拔根芦柴花 (邵伯秧号子) 传承人,A2,"title: CCTV 民歌大会, singer [singer]; her 邵伯 locality from olFFh11z3Fk description",,check,,0.0,True,,0,0
ucvwdvPxjzs,1,youtube,https://www.youtube.com/watch?v=ucvwdvPxjzs,Chinese Hunan Folk Song -Persuading Boys in Spring  湖南长沙民歌 《春季劝男》中国音乐地图 听见湖南 瑞鸣音乐 Rhymoi,Musical Map of China 中国音乐地图.瑞鸣音乐 Rhymoi Music,youtube:UCN19zbpNCX9lrbKreffuSAQ,20221221.0,101.0,湘,Xiang,XIA,Han,湖南,长沙,county,113.23516,28.357041,汉,,春季劝男,春季劝男,小调,原生态,,S86e18d7e,,C,description: 地区 长沙 (city); Rhymoi studio series,series:musical_map_of_china;unaccompanied,traditional,,0.0,True,,0,0
WFDmGoqEF9s,1,youtube,https://www.youtube.com/watch?v=WFDmGoqEF9s,[中国民歌大会]黎族民歌《五指山歌》 演唱：黄宝培 董建忠,CCTV中国中央电视台,youtube:UCcLK3j-XWdGBnt5bR9NJHaQ,20161009.0,141.0,粤,Yue,YUE,Han,海南,五指山,prefecture,109.511892,18.824035,,,五指山歌,五指山歌#WFDmGoqEF9s,山歌（黎族民歌）,民族唱法,,Sb149e317,,C,title: CCTV 民歌大会,,check,,0.0,True,,0,0
C6cln8f4WX8,1,youtube,https://www.youtube.com/watch?v=C6cln8f4WX8,Chinese Tibetan Ethinicity Folk Song - Jasper Valley - Mangkang Wine Song 藏族民歌 《碧玉一样的山谷 . 芒康酒歌》,Musical Map of China 中国音乐地图.瑞鸣音乐 Rhymoi Music,youtube:UCN19zbpNCX9lrbKreffuSAQ,20211110.0,139.0,藏族民歌区,Tibetan,TIB,minority,西藏,昌都芒康,county,98.61533,29.614572,藏,,芒康酒歌（碧玉一样的山谷）,芒康酒歌#C6cln8f4WX8,酒歌,原生态,,Sc94cc02e,,A2,"Musical Map of China description: named singer, 地区 西藏芒康 (county stated)",series:musical_map_of_china;accompanied;instrument:哔旺,traditional,,0.0,True,,0,0
Q3VJKSpiAsw,1,youtube,https://www.youtube.com/watch?v=Q3VJKSpiAsw,Chinese Gansu Flower Songs - Bundles of Firewood Bundled with a Sickle  甘肃洮岷花儿《镰刀捆的捆捆柴》中国音乐地图 听见甘肃,Musical Map of China 中国音乐地图.瑞鸣音乐 Rhymoi Music,youtube:UCN19zbpNCX9lrbKreffuSAQ,20221221.0,156.0,西北部高原,Northwest Plateau,NWP,Han,甘肃,甘南临潭/定西岷县,county,104.24039,34.423916,汉,,镰刀捆的捆捆柴（洮岷花儿）,镰刀捆的捆捆柴,花儿,原生态,,S6d5d0e97,,C,description: Rhymoi studio series; 地区 洮州(临潭)/岷州(岷县),series:musical_map_of_china;unaccompanied,traditional,,0.0,True,,0,0
yWo3JwEpZ8A,1,youtube,https://www.youtube.com/watch?v=yWo3JwEpZ8A,Chinese Miao Ethnicity Folk Song - Song of Spring 苗族民歌 《春之歌》 中国音乐地图 听见贵州 瑞鸣音乐 Rhymoi Music,Musical Map of China 中国音乐地图.瑞鸣音乐 Rhymoi Music,youtube:UCN19zbpNCX9lrbKreffuSAQ,20211111.0,191.0,西南多民族古老原始文化民歌区,Southwest Multi-ethnic,SWM,minority,贵州,黔东南,prefecture,108.560041,26.50434,苗,,春之歌,春之歌,情歌,原生态,,S807f2ec7,,C,description: Rhymoi studio series; 地区 黔东南,series:musical_map_of_china;unaccompanied,traditional,,0.0,True,,0,0
0Pn6HchMovo,1,youtube,https://www.youtube.com/watch?v=0Pn6HchMovo,"《猜調》[Cai Diao] ""Guessing"" - 演唱: 黄虹 [Huang Hong] - 雲南民歌 (Yunnan Folk Song) - 1956 live in HK",pwong702,youtube:UCTnNYn3aH9XYAbJllWuKn5w,20210106.0,91.0,西南高原,Southwest Plateau,SWP,Han,云南,昆明,prefecture,102.87442,25.387092,汉,,猜调,猜调,小调/对歌,民族唱法,,S4ec66bc9,,C,description: 1956 Hong Kong live recording of touring troupe,,traditional,,0.0,True,,132,2
dVXakn52YUs,1,youtube,https://www.youtube.com/watch?v=dVXakn52YUs,割韭菜 (赣南民歌),黄玉英 - Topic,youtube:UCeM32vMoM7twe-a96Bth8lQ,20220210.0,112.0,赣,Gan,GAN,Han,江西,赣南,province,115.732975,27.636112,,,割韭菜,割韭菜,小调,民族唱法,,S67cefc9b,,C,title: 赣南民歌 album 采茶金曲 track,,traditional,,0.0,True,,103,1
PSZNZRyWsE8,1,youtube,https://www.youtube.com/watch?v=PSZNZRyWsE8,Zhangzhou Jin'ge (锦歌) 《凌波情》,Aaron Yap,youtube:UCUrpBruxiNH3tq1xHTx4SGg,20160105.0,371.0,闽台,Min–Tai,MT,Han,福建,漳州,prefecture,117.458578,24.330766,,,凌波情（锦歌）,凌波情,锦歌,民族唱法,,,,C,"description: Zhangzhou opera troupe jin'ge division, TV competition",,check,,0.0,True,,149,4
1y84y9nhOOU,1,youtube,https://www.youtube.com/watch?v=1y84y9nhOOU,1. 包楞调 (山东菏泽成武) - 1995 彭丽媛，Liyuan Peng - 彭丽媛演唱各地方民歌（华东）,Jewely 0,youtube:UCQSSGzA8J0DJT1fgZYdcIGw,20220822.0,128.0,东北部平原,Northeast Plain,NEP,Han,山东,菏泽成武,county,115.938579,34.9842,,,包楞调,包楞调,小调,民族唱法,,S46c7fe5d,,C,title: song origin 成武 only,,check,,0.0,True,,0,0
4nz0xy5KtFM,1,youtube,https://www.youtube.com/watch?v=4nz0xy5KtFM,辽阔的草原 宝音德力格尔,z z,youtube:UCGb3PSNPi6WjOGV4aNHLrWg,20230611.0,194.0,北方草原文化民歌区,Northern Steppe,NS,minority,内蒙古,锡林郭勒盟,prefecture,115.51632,44.232965,蒙古,,辽阔的草原,辽阔的草原,长调,原生态,,S11463c2c,,C,"title: singer named, no locality or description",,check,,0.2631578947368421,True,,280,3
WmgF16BlmJw,1,youtube,https://www.youtube.com/watch?v=WmgF16BlmJw,Hakka Folk Song -  The Plowing Song| 福建客家山歌《犁田歌》中国音乐地图 听见福建 Rhymoi Music,Musical Map of China 中国音乐地图.瑞鸣音乐 Rhymoi Music,youtube:UCN19zbpNCX9lrbKreffuSAQ,20260216.0,244.0,客家特区,Hakka,HAK,Han,福建,龙岩,prefecture,116.74379,25.291574,汉,客家,犁田歌,犁田歌#WmgF16BlmJw,山歌/劳动歌,原生态,,Sb716d0ce,,C,description: 地区 龙岩 only; Rhymoi series,series:musical_map_of_china;unaccompanied,traditional,,0.0,True,,0,0
2LnC97Eh7u8,1,youtube,https://www.youtube.com/watch?v=2LnC97Eh7u8,Chinese Uyghur Ethnicity Folk Song - Ruzi Laimu 维吾尔族民歌 《茹孜莱姆》 中国音乐地图 听见新疆 瑞鸣音乐 Rhymoi Music,Musical Map of China 中国音乐地图.瑞鸣音乐 Rhymoi Music,youtube:UCN19zbpNCX9lrbKreffuSAQ,20211111.0,264.0,新疆民歌区,Xinjiang,XJ,minority,新疆,,province,85.294711,41.371801,维吾尔,,茹孜莱姆,茹孜莱姆,维吾尔民歌,原生态,,Scd50f55a,,C,description: 地区 新疆 only; Rhymoi series,series:musical_map_of_china;accompanied;instrument:都塔尔,traditional,,0.0,True,,0,0
dWyZ7mjANfM,1,youtube,https://www.youtube.com/watch?v=dWyZ7mjANfM,Dance by Tujia Ethnics of China . Tiaosang  (跳丧舞),Yang Yang,youtube:UCQYq_y7SFzorriE-dxTNEqg,20111007.0,318.0,江汉,Jiang–Han,JHN,Han,湖北,鄂西,province,112.271301,30.987527,土家,,撒叶儿嗬（跳丧）,撒叶儿嗬,丧歌,other,,,,C,"title/description: Tujia tiaosang funeral dance, no place",,traditional,,0.0,True,,169,0
kfOdG39CSHc,1,youtube,https://www.youtube.com/watch?v=kfOdG39CSHc,Chinese Anhui Folk Songs - Yu Lianzi | 安徽当涂民歌 《玉莲子》中国音乐地图  瑞鸣音乐 Rhymoi Music,Musical Map of China 中国音乐地图.瑞鸣音乐 Rhymoi Music,youtube:UCN19zbpNCX9lrbKreffuSAQ,20230112.0,113.0,江浙平原,Jiangsu–Zhejiang Plain,JZP,Han,安徽,马鞍山当涂,county,118.601418,31.463515,汉,,玉莲子,玉莲子,小调,原生态,,S5d7efc0d,,A2,"Musical Map of China description: named singer, 地区 安徽当涂 (county stated)",series:musical_map_of_china;unaccompanied,traditional,,0.0,True,,0,0
zPq2gKbJBn4,1,youtube,https://www.youtube.com/watch?v=zPq2gKbJBn4,原生态《打麦号子》  江苏南通,善知岛英语,youtube:UCBzFjHISKtLz9LUO200rmVQ,20180314.0,333.0,江淮,Jiang–Huai,JH,Han,江苏,南通通州区金沙镇金北村,county,121.05163,32.113882,,,打麦号子,打麦号子#zPq2gKbJBn4,号子,原生态,,,,B,"description: sung by villagers of Jinbei Village, Jinsha Town, Tongzhou District",,traditional,,0.0303030303030303,True,,171,4
_paVphckc9A,1,youtube,https://www.youtube.com/watch?v=_paVphckc9A,Chinese Hunan Changsha Folk Song -There’s No Song without My Girl  湖南长沙民歌 《山歌无姐做不成》中国音乐地图 听见湖南 瑞鸣音乐,Musical Map of China 中国音乐地图.瑞鸣音乐 Rhymoi Music,youtube:UCN19zbpNCX9lrbKreffuSAQ,20221221.0,102.0,湘,Xiang,XIA,Han,湖南,长沙,county,113.23516,28.357041,汉,,山歌无姐做不成,山歌无姐做不成,山歌,原生态,,S86e18d7e,,C,description: 地区 长沙 (city); Rhymoi studio series,series:musical_map_of_china;unaccompanied,traditional,,0.0,True,,0,0
4qcmnqaO9z4,1,youtube,https://www.youtube.com/watch?v=4qcmnqaO9z4,"Hainanese Song-“Ask Me To Sing, I Shall Sing” (Eng Sub) 海南歌-“叫侬唱歌侬就唱” (英文字幕)",richard foo,youtube:UCCQvAoeYGkuSRD6zHeHhg2Q,20230709.0,186.0,粤,Yue,YUE,Han,海南,,province,109.754859,19.189767,,,叫侬唱歌侬就唱,叫侬唱歌侬就唱,海南民歌,民族唱法,,S711542d9,,C,title: Hainanese song; tags name Li Yi Hua,,composed,,0.0,False,composed,173,2
uSN27yyrkCI,1,youtube,https://www.youtube.com/watch?v=uSN27yyrkCI,Chinese Tibetan Ethinicity Folk Song - Misty Mountains - Ri Mu Ba Jian 藏族民歌 《云雾缭绕的山 . 日穆巴坚》 中国音乐地图,Musical Map of China 中国音乐地图.瑞鸣音乐 Rhymoi Music,youtube:UCN19zbpNCX9lrbKreffuSAQ,20211110.0,147.0,藏族民歌区,Tibetan,TIB,minority,西藏,那曲/当雄,county,90.883319,30.418793,藏,,日穆巴坚（云雾缭绕的山）,日穆巴坚,山歌,原生态,,Sb2f70839,,C,description: Rhymoi studio series; 地区 那曲/当雄,series:musical_map_of_china;unaccompanied,traditional,,0.0,True,,0,0
rsAH1kLVLEE,1,youtube,https://www.youtube.com/watch?v=rsAH1kLVLEE,Chinese Han Ethnicity Folk Songs - Peony Tune  | 青海汉族民歌 花儿《二牡丹令 抓蚂蚱》中国音乐地图  听见青海 瑞鸣音乐 Rhymoi Music,Musical Map of China 中国音乐地图.瑞鸣音乐 Rhymoi Music,youtube:UCN19zbpNCX9lrbKreffuSAQ,20240113.0,73.0,西北部高原,Northwest Plateau,NWP,Han,青海,,province,96.043533,35.726403,汉,,二牡丹令·抓蚂蚱,二牡丹令抓蚂蚱,河煌花儿,原生态,,S1691b06f,,C,description: Rhymoi studio series; 地区 青海省 only,series:musical_map_of_china;unaccompanied,traditional,,0.0,True,,0,0
tnbM2gKiXQo,1,youtube,https://www.youtube.com/watch?v=tnbM2gKiXQo,Kwv Txhiaj: Guizhou Bijie Miao Folk Song 贵州毕节苗族原生态苗歌曲,Hmong Asian,youtube:UCN1r5bU7MF1EPCVzdbNJsUQ,20170826.0,174.0,西南多民族古老原始文化民歌区,Southwest Multi-ethnic,SWM,minority,贵州,毕节,prefecture,105.550244,27.113787,苗,,毕节苗歌（Kwv Txhiaj）,毕节苗歌,苗族民歌,原生态,,,,C,title: 毕节 (city) 苗歌,,traditional,,0.0,True,,176,3
ZrZEfe8Mh4s,1,youtube,https://www.youtube.com/watch?v=ZrZEfe8Mh4s,"《趕馬調》[Ganma Diao] ""Herdsman's Love Song""- 演唱: 黄虹 [Huang Hong]-雲南民歌(Yunnan Folk Song)-1956 live in HK",pwong702,youtube:UCTnNYn3aH9XYAbJllWuKn5w,20210106.0,128.0,西南高原,Southwest Plateau,SWP,Han,云南,,province,101.485106,25.008643,汉,,赶马调,赶马调,山歌,民族唱法,,S4ec66bc9,,C,description: 1956 Hong Kong live recording of touring troupe,,traditional,,0.0,True,,132,2
aueyg3cHMDk,1,youtube,https://www.youtube.com/watch?v=aueyg3cHMDk,打鞋底 (赣南民歌),黄玉英 - Topic,youtube:UCeM32vMoM7twe-a96Bth8lQ,20220210.0,138.0,赣,Gan,GAN,Han,江西,赣南,province,115.732975,27.636112,,,打鞋底,打鞋底,小调,民族唱法,,S67cefc9b,,C,title: 赣南民歌 album 采茶金曲 track,,traditional,,0.0,True,,103,1
kKoWKgD0s5w,1,youtube,https://www.youtube.com/watch?v=kKoWKgD0s5w,Zhangzhou Jin'ge （锦歌）music,Aaron Yap,youtube:UCUrpBruxiNH3tq1xHTx4SGg,20151109.0,548.0,闽台,Min–Tai,MT,Han,福建,漳州,prefecture,117.458578,24.330766,,,锦歌,锦歌,锦歌,民族唱法,,,,C,description: actresses of Zhangzhou opera troupe; believed a new composition,,composed,,0.0,False,composed,149,4
Orl2WbccyM0,1,youtube,https://www.youtube.com/watch?v=Orl2WbccyM0,河北民歌  小放牛,mingechina,youtube:UCO14uxiFIQC6lLgTe0KuMwA,20081126.0,221.0,东北部平原,Northeast Plain,NEP,Han,河北,,province,114.502461,38.045474,,,小放牛,小放牛,小调,民族唱法,,,,C,title: 河北民歌,,check,,0.0,True,,180,4
ss8IRGB1pRU,1,youtube,https://www.youtube.com/watch?v=ss8IRGB1pRU,走马 蒙古长调 达瓦桑布,zhongnangua,youtube:UC0rCcfpmXX13u6bkJkt25Fg,20091005.0,283.0,北方草原文化民歌区,Northern Steppe,NS,minority,内蒙古,,province,114.077429,44.331087,蒙古,,走马,走马,长调,原生态,,S3a12b391,,C,title only,,traditional,,0.0714285714285714,True,,181,3
Tobw4tclFB8,1,youtube,https://www.youtube.com/watch?v=Tobw4tclFB8,Hakka Mountain Song -  Ten Laments| 客家山歌《十跌古》中国音乐地图 听见福建 Rhymoi Music,Musical Map of China 中国音乐地图.瑞鸣音乐 Rhymoi Music,youtube:UCN19zbpNCX9lrbKreffuSAQ,20260217.0,130.0,客家特区,Hakka,HAK,Han,福建,龙岩永定,county,116.818594,24.756095,汉,客家,十跌古,十跌古,山歌,原生态,,S92001a56,,A2,"Musical Map of China description: named singer, 地区 福建龙岩永定 (county stated)",series:musical_map_of_china;unaccompanied,traditional,,0.0,True,,0,0
4yOCiE0oyjY,1,youtube,https://www.youtube.com/watch?v=4yOCiE0oyjY,Chinese Uyghur Ethnicity Folk Song - Stunning Mountain Talike 维吾尔族民歌 《美丽的塔里克山》中国音乐地图 听见新疆 瑞鸣音乐,Musical Map of China 中国音乐地图.瑞鸣音乐 Rhymoi Music,youtube:UCN19zbpNCX9lrbKreffuSAQ,20211223.0,245.0,新疆民歌区,Xinjiang,XJ,minority,新疆,,province,85.294711,41.371801,维吾尔,,美丽的塔里克山,美丽的塔里克山,维吾尔民歌,原生态,,S3d2bf801,,C,description: 地区 新疆 only; Rhymoi series,series:musical_map_of_china;accompanied;instrument:达卜;instrument:都塔尔;instrument:弹布尔;instrument:热瓦甫;instrument:萨塔尔,check,,0.0,True,,0,0
1gE4yho_znQ,1,youtube,https://www.youtube.com/watch?v=1gE4yho_znQ,神農溪土家族山歌（長江三峽）,施得勝,youtube:UCS3RYicjYpZ2tyrL4JTQ4bA,20130731.0,239.0,江汉,Jiang–Han,JHN,Han,湖北,巴东神农溪,county,110.294043,30.821563,土家,,神农溪土家族山歌,神农溪土家族山歌,山歌,原生态,,,,C,"description: travelogue text on Shennong Stream, Badong County; singers unnamed, tourist context",,traditional,,0.3333333333333333,False,speech,184,3
zOEvy8Z-NQM,1,youtube,https://www.youtube.com/watch?v=zOEvy8Z-NQM,Chinese Anhui Folk Songs - Wheat-threshing Song | 安徽当涂民歌 《打麦歌 》中国音乐地图  瑞鸣音乐 Rhymoi Music,Musical Map of China 中国音乐地图.瑞鸣音乐 Rhymoi Music,youtube:UCN19zbpNCX9lrbKreffuSAQ,20230112.0,122.0,江浙平原,Jiangsu–Zhejiang Plain,JZP,Han,安徽,马鞍山当涂,county,118.601418,31.463515,汉,,打麦歌,打麦歌,号子/山歌,原生态,,S5d7efc0d,,A2,"Musical Map of China description: named singer, 地区 安徽当涂 (county stated)",series:musical_map_of_china;unaccompanied,traditional,,0.0,True,,0,0
NZbwiGfzEp0,1,youtube,https://www.youtube.com/watch?v=NZbwiGfzEp0,【南通山歌】红娘子-拔黄秧,善知岛英语,youtube:UCBzFjHISKtLz9LUO200rmVQ,20190820.0,644.0,江淮,Jiang–Huai,JH,Han,江苏,南通,prefecture,121.047928,32.182334,,,红娘子·拔黄秧（南通山歌）,红娘子拔黄秧,山歌/秧歌,原生态,,,,C,title only: 南通山歌,,traditional,,0.453125,True,,171,4
8V2Yv9EPfE4,1,youtube,https://www.youtube.com/watch?v=8V2Yv9EPfE4,Chinese Hunan Dongting Fishermen's Song - Dongting Haozi  湖南洞庭渔歌《洞庭号子》中国音乐地图 听见湖南 瑞鸣音乐 Rhymoi Music,Musical Map of China 中国音乐地图.瑞鸣音乐 Rhymoi Music,youtube:UCN19zbpNCX9lrbKreffuSAQ,20221221.0,117.0,湘,Xiang,XIA,Han,湖南,岳阳洞庭湖,county,113.220802,29.16623,汉,,洞庭号子,洞庭号子#8V2Yv9EPfE4,号子（渔歌）,原生态,,S31795493,,C,description: 地区 岳阳 (city); Rhymoi studio series,series:musical_map_of_china;unaccompanied,traditional,,0.0833333333333333,True,,0,0
uidh7TkClhI,1,youtube,https://www.youtube.com/watch?v=uidh7TkClhI,非遗文化 临高渔歌,八月,youtube:UC4tiNf5oM2rw0oM_AGDcRmw,20260915.0,104.0,粤,Yue,YUE,Han,海南,临高,prefecture,109.71548,19.809704,,,临高渔歌（哩哩美）,临高渔歌#uidh7TkClhI,渔歌,原生态,,,,C,title: 临高渔歌; description is a camp visit travel blog,,traditional,,0.0,True,,188,0
2ydRrqbHOY8,1,youtube,https://www.youtube.com/watch?v=2ydRrqbHOY8,Chinese Tibetan Ethinicity Folk Song - High Mount Qomolangma  藏族民歌 《高高的珠峰 . 日吞布》中国音乐地图 听见西藏 瑞鸣音乐,Musical Map of China 中国音乐地图.瑞鸣音乐 Rhymoi Music,youtube:UCN19zbpNCX9lrbKreffuSAQ,20211226.0,233.0,藏族民歌区,Tibetan,TIB,minority,西藏,日喀则,prefecture,86.477854,29.498529,藏,,日吞布（高高的珠峰）,日吞布,山歌,原生态,,Sabf9bb9b,,C,description: Rhymoi studio series; 地区 日喀则 (city),series:musical_map_of_china;accompanied;instrument:扎念,traditional,,0.0,True,,0,0
rz0-Qn8pV3M,1,youtube,https://www.youtube.com/watch?v=rz0-Qn8pV3M,Chinese Han Ethnicity Folk Songs - May Flowers | 青海汉族民歌《五月花儿》中国音乐地图  听见青海 瑞鸣音乐 Rhymoi Music,Musical Map of China 中国音乐地图.瑞鸣音乐 Rhymoi Music,youtube:UCN19zbpNCX9lrbKreffuSAQ,20240113.0,184.0,西北部高原,Northwest Plateau,NWP,Han,青海,,province,96.043533,35.726403,汉,,五月花儿,五月花儿#rz0-Qn8pV3M,民间小调,原生态,,S00b5ecfc,,C,description: Rhymoi studio series; 地区 青海省 only,series:musical_map_of_china;accompanied;instrument:板胡;instrument:二胡;instrument:三弦,traditional,,0.0,True,,0,0
BY2UzpV_67M,1,youtube,https://www.youtube.com/watch?v=BY2UzpV_67M,Chinese Yi Ethnicity Folk Song - Yi Pastoral Songs 彝族民歌 《彝族牧歌》 中国音乐地图 听见贵州 瑞鸣音乐 Rhymoi Music,Musical Map of China 中国音乐地图.瑞鸣音乐 Rhymoi Music,youtube:UCN19zbpNCX9lrbKreffuSAQ,20211123.0,115.0,西南多民族古老原始文化民歌区,Southwest Multi-ethnic,SWM,minority,贵州,毕节,prefecture,105.550244,27.113787,彝,,彝族牧歌,彝族牧歌#BY2UzpV_67M,牧歌,原生态,,Sab1ce8ff,,C,description: Rhymoi studio series; 地区 毕节,series:musical_map_of_china;unaccompanied,traditional,,0.0,True,,0,0
fMcewGlJEz8,1,youtube,https://www.youtube.com/watch?v=fMcewGlJEz8,放马山歌  黄虹（1979年云南省歌舞团乐队伴奏）,Dowen L,youtube:UCvS-SHKZy9ZnbntNy5ig4LA,20131023.0,105.0,西南高原,Southwest Plateau,SWP,Han,云南,玉溪,prefecture,102.204123,24.138434,汉,,放马山歌,放马山歌#fMcewGlJEz8,山歌,民族唱法,,S4ec66bc9,,C,title: 1979 Yunnan song-dance troupe accompaniment,,check,,0.0,True,,132,2
xOx_0pQKsUU,1,youtube,https://www.youtube.com/watch?v=xOx_0pQKsUU,瓜子仁 (赣南民歌),黄玉英 - Topic,youtube:UCeM32vMoM7twe-a96Bth8lQ,20220210.0,127.0,赣,Gan,GAN,Han,江西,赣南,province,115.732975,27.636112,,,瓜子仁,瓜子仁,小调,民族唱法,,S67cefc9b,,C,title: 赣南民歌 album 采茶金曲 track,,traditional,,0.0,True,,103,1
v1FsdWrAvLo,1,youtube,https://www.youtube.com/watch?v=v1FsdWrAvLo,Fujian Folk Songs -  The Sea Song  Fishermen Haozi| 福建民歌《出海歌·渔民号子》中国音乐地图 听见福建  瑞鸣音乐 Rhymoi Music,Musical Map of China 中国音乐地图.瑞鸣音乐 Rhymoi Music,youtube:UCN19zbpNCX9lrbKreffuSAQ,20260215.0,115.0,闽台,Min–Tai,MT,Han,福建,莆田,prefecture,118.894712,25.445304,汉,,出海歌·渔民号子,出海歌渔民号子,号子,原生态,,S43af4505,,C,description: 地区 莆田 (city); Rhymoi series,series:musical_map_of_china;unaccompanied,traditional,,0.0,True,,0,0
By334DK4svU,1,youtube,https://www.youtube.com/watch?v=By334DK4svU,[民歌纯享]东北民歌《月牙五更》 演唱：李东海 李月 | CCTV,CCTV中国中央电视台,youtube:UCcLK3j-XWdGBnt5bR9NJHaQ,20171007.0,170.0,东北部平原,Northeast Plain,NEP,Han,东北,,none,,,,,月牙五更,月牙五更,小调,民族唱法,,Sca4b1bcd,,C,title: 东北民歌; CCTV TV,,traditional,,0.0,True,,0,0
Lby4rfR4MnA,1,youtube,https://www.youtube.com/watch?v=Lby4rfR4MnA,"Traditional Mongolian Long Song ""Duuriimaa"" by Altanjargal",OTMT,youtube:UCaHb9XYarJ_uucKYk5uvUGQ,20131124.0,233.0,北方草原文化民歌区,Northern Steppe,NS,minority,蒙古国,,none,,,蒙古,,Duuriimaa,duuriimaa,长调,原生态,,S0f669bbf,,C,title/description: Mongolia (not China),,traditional,exclude,0.0,False,label,196,3
AJrkviaKPdo,1,youtube,https://www.youtube.com/watch?v=AJrkviaKPdo,Hakka Mountain Song -  The Mulberry Picking Song| 客家山歌《采桑歌》中国音乐地图 听见福建 Rhymoi Music,Musical Map of China 中国音乐地图.瑞鸣音乐 Rhymoi Music,youtube:UCN19zbpNCX9lrbKreffuSAQ,20260217.0,143.0,客家特区,Hakka,HAK,Han,福建,龙岩永定,county,116.818594,24.756095,汉,客家,采桑歌,采桑歌,山歌,原生态,,S92001a56,,A2,"Musical Map of China description: named singer, 地区 福建龙岩永定 (county stated)",series:musical_map_of_china;unaccompanied,traditional,,0.0,True,,0,0
8x7cWRmIq_c,1,youtube,https://www.youtube.com/watch?v=8x7cWRmIq_c,Chinese Uyghur Ethnicity Folk Song - Let Me See Your Face 维吾尔族民歌 《让我看看你的脸》中国音乐地图 听见新疆 瑞鸣音乐 Rhymoi,Musical Map of China 中国音乐地图.瑞鸣音乐 Rhymoi Music,youtube:UCN19zbpNCX9lrbKreffuSAQ,20211223.0,227.0,新疆民歌区,Xinjiang,XJ,minority,新疆,,province,85.294711,41.371801,维吾尔,,让我看看你的脸,让我看看你的脸,维吾尔民歌,原生态,,S3d2bf801,,C,description: 地区 新疆 only; Rhymoi series,series:musical_map_of_china;accompanied;instrument:达卜;instrument:都塔尔;instrument:弹布尔;instrument:热瓦甫;instrument:萨塔尔,check,,0.0,True,,0,0
U1tVdxbm8DI,1,youtube,https://www.youtube.com/watch?v=U1tVdxbm8DI,卖马调（湖北长阳民歌）,周友金 - Topic,youtube:UCyleSqInuhe2K0m1XuPSBpQ,20260529.0,147.0,江汉,Jiang–Han,JHN,Han,湖北,宜昌长阳,county,110.847903,30.478506,,,卖马调,卖马调,小调,民族唱法,,S55540655,,C,title: 长阳民歌; album track,,traditional,,0.0,True,,199,2
by1cl6VhGYs,1,youtube,https://www.youtube.com/watch?v=by1cl6VhGYs,Chinese Anhui Folk Songs - Washing the Flower Cabbage | 安徽石台民歌 《洗菜苔》中国音乐地图  瑞鸣音乐,Musical Map of China 中国音乐地图.瑞鸣音乐 Rhymoi Music,youtube:UCN19zbpNCX9lrbKreffuSAQ,20230110.0,149.0,江浙平原,Jiangsu–Zhejiang Plain,JZP,Han,安徽,池州石台,county,117.528717,30.191749,汉,,洗菜苔,洗菜苔,小调,原生态,,Sbba033fd,,A2,"Musical Map of China description: named singer, 地区 安徽石台 (county stated)",series:musical_map_of_china;unaccompanied,traditional,,0.0,True,,0,0
9cC410QXPgo,1,youtube,https://www.youtube.com/watch?v=9cC410QXPgo,南通漁歌,mingechina,youtube:UCO14uxiFIQC6lLgTe0KuMwA,20081125.0,264.0,江淮,Jiang–Huai,JH,Han,江苏,南通,prefecture,121.047928,32.182334,,,南通渔歌,南通渔歌#9cC410QXPgo,渔歌,民族唱法,,,,C,title only: 南通渔歌,,traditional,,0.0,True,,180,4
nlzPk8P1PvE,1,youtube,https://www.youtube.com/watch?v=nlzPk8P1PvE,Chinese Hunan Dongting Fishermen's Song - Song of Drinking Tea  湖南洞庭渔歌《恰茶歌》中国音乐地图 听见湖南 瑞鸣音乐 Rhymoi,Musical Map of China 中国音乐地图.瑞鸣音乐 Rhymoi Music,youtube:UCN19zbpNCX9lrbKreffuSAQ,20221221.0,110.0,湘,Xiang,XIA,Han,湖南,岳阳洞庭湖,county,113.220802,29.16623,汉,,恰茶歌,恰茶歌#nlzPk8P1PvE,渔歌,原生态,,S31795493,,C,description: 地区 岳阳 (city); Rhymoi studio series,series:musical_map_of_china;unaccompanied,traditional,,0.0,True,,0,0
zB1ff5DqAHc,1,youtube,https://www.youtube.com/watch?v=zB1ff5DqAHc,"中国广东(Guangdong,China)台山传统民歌(Taishan Folk Songs)卖鸡调《懒婆娘》演唱 袁国麟",五邑人,youtube:UCU1hFwtYb7ptbJ-BwRcsd_Q,20201220.0,342.0,粤,Yue,YUE,Han,广东,江门台山,county,112.710629,22.042758,,,卖鸡调·懒婆娘,卖鸡调懒婆娘,卖鸡调（五邑民歌）,原生态,,S4dee6135,,A2,"description: sung by Yuan Guolin, former director of Taishan Cultural Centre; recorded 1980s",,traditional,,0.0294117647058823,True,,53,2
ZdkUw2z7sAA,1,youtube,https://www.youtube.com/watch?v=ZdkUw2z7sAA,Chinese Tibetan Ethinicity Folk Song - On the Top of the Snow Mountain  藏族民歌 《雪山顶上 . 岗堆吞布》中国音乐地图,Musical Map of China 中国音乐地图.瑞鸣音乐 Rhymoi Music,youtube:UCN19zbpNCX9lrbKreffuSAQ,20211226.0,145.0,藏族民歌区,Tibetan,TIB,minority,西藏,阿里,prefecture,82.564653,33.063726,藏,,岗堆吞布（雪山顶上）,岗堆吞布,山歌,原生态,,S774ccb39,,C,description: Rhymoi studio series; 地区 阿里 (prefecture),series:musical_map_of_china;accompanied;instrument:扎念,traditional,,0.0,True,,0,0
tUuDj2_wWiU,1,youtube,https://www.youtube.com/watch?v=tUuDj2_wWiU,Chinese Hui Ethnicity Folk Songs - Tears Drown the Heart | 宁夏回族民歌 花儿《眼泪花儿把心淹了》中国音乐地图  听见宁夏 瑞鸣音乐,Musical Map of China 中国音乐地图.瑞鸣音乐 Rhymoi Music,youtube:UCN19zbpNCX9lrbKreffuSAQ,20240110.0,133.0,西北部高原,Northwest Plateau,NWP,Han,宁夏,,province,106.169866,37.291332,回,,眼泪花儿把心淹了,眼泪花儿把心淹了,六盘山花儿,原生态,,S9784c96e,,C,description: Rhymoi studio series; 地区 宁夏 only,series:musical_map_of_china;unaccompanied,traditional,,0.0,True,,0,0
1ypImBsL_Ds,1,youtube,https://www.youtube.com/watch?v=1ypImBsL_Ds,Chinese Yi Ethnicity Folk Song - Ashima's Long Narrative Poem 撒尼人民歌 《阿诗玛叙事长诗第一段 》中国音乐地图 听见云南 瑞鸣音乐,Musical Map of China 中国音乐地图.瑞鸣音乐 Rhymoi Music,youtube:UCN19zbpNCX9lrbKreffuSAQ,20211120.0,186.0,西南多民族古老原始文化民歌区,Southwest Multi-ethnic,SWM,minority,云南,石林,county,103.418596,24.740927,彝,撒尼,阿诗玛叙事长诗（第一段）,阿诗玛叙事长诗,叙事长诗,原生态,,Sab1ce8ff,,C,description: Rhymoi studio series; 地区 云南 only,series:musical_map_of_china;unaccompanied,traditional,,0.0,True,,0,0
GhQAoqnkpzM,1,youtube,https://www.youtube.com/watch?v=GhQAoqnkpzM,弥渡山歌  黄虹,Dowen L,youtube:UCvS-SHKZy9ZnbntNy5ig4LA,20131022.0,91.0,西南高原,Southwest Plateau,SWP,Han,云南,大理弥渡,county,100.210651,25.742713,汉,,弥渡山歌,弥渡山歌#GhQAoqnkpzM,山歌,民族唱法,,S4ec66bc9,,C,title: 弥渡山歌 (song origin),,traditional,,0.0,True,,132,2
iM4W0CEZAqs,1,youtube,https://www.youtube.com/watch?v=iM4W0CEZAqs,闹五更 (赣南民歌),黄玉英 - Topic,youtube:UCeM32vMoM7twe-a96Bth8lQ,20220210.0,199.0,赣,Gan,GAN,Han,江西,赣南,province,115.732975,27.636112,,,闹五更,闹五更,小调,民族唱法,,S2f30fbcf,,C,title: 赣南民歌 album 采茶金曲 track,,traditional,,0.0,True,,103,1
2jZVPoNnNUg,1,youtube,https://www.youtube.com/watch?v=2jZVPoNnNUg,Fujian Banggu Dong -  Pregnancy Through the Months| 福建民歌《十二月病囝》中国音乐地图 听见福建  瑞鸣音乐 Rhymoi Music,Musical Map of China 中国音乐地图.瑞鸣音乐 Rhymoi Music,youtube:UCN19zbpNCX9lrbKreffuSAQ,20260215.0,183.0,闽台,Min–Tai,MT,Han,福建,莆田,prefecture,118.894712,25.445304,汉,,十二月病囝,十二月病囝,小调,原生态,,S43af4505,,C,"description: 梆鼓咚 folk drama, 地区 莆田; Rhymoi series",series:musical_map_of_china;unaccompanied,traditional,,0.0,True,,0,0
m_rjaSYqUKM,1,youtube,https://www.youtube.com/watch?v=m_rjaSYqUKM,9. 绣荷包 (山东临沂苍山—古兰陵) - 1983 彭丽媛，Liyuan Peng - 彭丽媛演唱各地方民歌（华东）,Jewely 0,youtube:UCQSSGzA8J0DJT1fgZYdcIGw,20220821.0,171.0,东北部平原,Northeast Plain,NEP,Han,山东,临沂苍山,prefecture,118.286421,35.311899,,,绣荷包（山东）,绣荷包,小调,民族唱法,,S46c7fe5d,,C,title: song origin 苍山 only,,traditional,,0.0,True,,0,0
OPJ1WTF2SDY,1,youtube,https://www.youtube.com/watch?v=OPJ1WTF2SDY,Mongolian Long song ( Urtiin duu ) Galbingga group. Mongol Nutgiin Uzesgelen,batoyun ch,youtube:UCcHzscUrUw2rtYvS2GUcCAQ,20100922.0,305.0,北方草原文化民歌区,Northern Steppe,NS,minority,蒙古国,,none,,,蒙古,,Mongol Nutgiin Uzesgelen,mongolnutgiinuzesgelen,长调,原生态,,S1b4a2a21,,C,description: Mongolian long song group; composer S Tsoodol,,composed,exclude,0.0,False,label;composed,211,3
MlmCTzYoG-A,1,youtube,https://www.youtube.com/watch?v=MlmCTzYoG-A,Hakka Mountain Song -  My Love Sails for Southern Seas| 客家山歌《阿哥出门往南洋》中国音乐地图 听见福建 Rhymoi Music,Musical Map of China 中国音乐地图.瑞鸣音乐 Rhymoi Music,youtube:UCN19zbpNCX9lrbKreffuSAQ,20260217.0,141.0,客家特区,Hakka,HAK,Han,福建,龙岩永定,county,116.818594,24.756095,汉,客家,阿哥出门往南洋,阿哥出门往南洋,山歌,原生态,,S92001a56,,A2,"Musical Map of China description: named singer, 地区 福建龙岩永定 (county stated)",series:musical_map_of_china;unaccompanied,traditional,,0.0,True,,0,0
wq8r9j8GVHE,1,youtube,https://www.youtube.com/watch?v=wq8r9j8GVHE,Chinese Uyghur Ethnicity Folk Song - Good Friends 维吾尔族民歌 《好朋友》中国音乐地图 听见新疆 瑞鸣音乐 Rhymoi Music,Musical Map of China 中国音乐地图.瑞鸣音乐 Rhymoi Music,youtube:UCN19zbpNCX9lrbKreffuSAQ,20211223.0,260.0,新疆民歌区,Xinjiang,XJ,minority,新疆,,province,85.294711,41.371801,维吾尔,,好朋友,好朋友,维吾尔民歌,原生态,,S8dad14d2,,C,description: 地区 新疆 only; Rhymoi series,series:musical_map_of_china;accompanied;instrument:都塔尔,check,,0.0,True,,0,0
iYwg8oM-yCE,1,youtube,https://www.youtube.com/watch?v=iYwg8oM-yCE,卖篾货（湖北长阳民歌）,周友金 - Topic,youtube:UCyleSqInuhe2K0m1XuPSBpQ,20260529.0,220.0,江汉,Jiang–Han,JHN,Han,湖北,宜昌长阳,county,110.847903,30.478506,,,卖篾货,卖篾货,小调,民族唱法,,S55540655,,C,title: 长阳民歌; album track,,traditional,,0.0,True,,199,2
L9PGkNgT7-c,1,youtube,https://www.youtube.com/watch?v=L9PGkNgT7-c,Chinese Anhui Folk Songs - Tea Picking Song | 安徽石台民歌 《采茶歌》中国音乐地图  瑞鸣音乐 Rhymoi Music,Musical Map of China 中国音乐地图.瑞鸣音乐 Rhymoi Music,youtube:UCN19zbpNCX9lrbKreffuSAQ,20230110.0,151.0,江浙平原,Jiangsu–Zhejiang Plain,JZP,Han,安徽,池州石台,county,117.528717,30.191749,汉,,采茶歌,采茶歌#L9PGkNgT7-c,茶歌,原生态,,S21899209,,A2,"Musical Map of China description: named singer, 地区 安徽石台 (county stated)",series:musical_map_of_china;unaccompanied;multiple_singers,traditional,,0.0,True,,0,0
iBw2JmuHH60,1,youtube,https://www.youtube.com/watch?v=iBw2JmuHH60,Chinese Yangzhou Ditty - Jiangsu Folk Song - Flower Tune  江苏扬州小调 《鲜花调 . 茉莉花》中国音乐地图 听见江苏 瑞鸣音乐 Rhymoi,Musical Map of China 中国音乐地图.瑞鸣音乐 Rhymoi Music,youtube:UCN19zbpNCX9lrbKreffuSAQ,20211128.0,72.0,江淮,Jiang–Huai,JH,Han,江苏,扬州,prefecture,119.479719,32.737224,,,鲜花调·茉莉花（扬州）,鲜花调茉莉花,小调,原生态,,S07112c86,,C,description: 地区 江苏 only; 茉莉花原曲 remark,series:musical_map_of_china;unaccompanied,traditional,,0.0,True,,0,0
Fc3-3vOyDdw,1,youtube,https://www.youtube.com/watch?v=Fc3-3vOyDdw,Chinese Hunan Dongting Fishermen's Song -Song of Te Te  湖南洞庭渔歌 《特特歌》中国音乐地图 听见湖南 瑞鸣音乐 Rhymoi Music,Musical Map of China 中国音乐地图.瑞鸣音乐 Rhymoi Music,youtube:UCN19zbpNCX9lrbKreffuSAQ,20221221.0,116.0,湘,Xiang,XIA,Han,湖南,岳阳洞庭湖,county,113.220802,29.16623,汉,,特特歌,特特歌,渔歌,原生态,,S31795493,,C,description: 地区 岳阳 (city); Rhymoi studio series,series:musical_map_of_china;unaccompanied,traditional,,0.0,True,,0,0
-LdAjRYMWrg,1,youtube,https://www.youtube.com/watch?v=-LdAjRYMWrg,台山民间藝人（盲人）演唱#台山传统民歌《賀年歌》,五邑人,youtube:UCU1hFwtYb7ptbJ-BwRcsd_Q,20230125.0,178.0,粤,Yue,YUE,Han,广东,江门台山,county,112.710629,22.042758,,,賀年歌,賀年歌,台山民歌,原生态,,,,C,"title: blind folk artist, 台山 民歌; unnamed",,traditional,,0.0,True,,53,2
cq0qk9Wy0ns,1,youtube,https://www.youtube.com/watch?v=cq0qk9Wy0ns,Chinese Tibetan Ethnicity Folk song and dance - Flowers of Yangjin 藏族民间歌舞 堆谐《央金朵朵》中国音乐地图 听见西藏 瑞鸣音乐,Musical Map of China 中国音乐地图.瑞鸣音乐 Rhymoi Music,youtube:UCN19zbpNCX9lrbKreffuSAQ,20211225.0,244.0,藏族民歌区,Tibetan,TIB,minority,西藏,拉萨/日喀则,prefecture,86.477854,29.498529,藏,,央金朵朵,央金朵朵,堆谐,原生态,,Scc42e641,,C,description: Rhymoi studio series; 堆谐,series:musical_map_of_china;accompanied;instrument:铁庆;instrument:扬琴;instrument:扎念;instrument:京胡;instrument:竹笛;multiple_singers;song_and_dance,traditional,,0.0,True,,0,0
M50I2MtuCl4,1,youtube,https://www.youtube.com/watch?v=M50I2MtuCl4,"Hua'er 花儿 from Ningxia 宁夏, northwest China",dbadagna,youtube:UCEVEsOLJ5NFpEJe7N5nbNhA,20200225.0,92.0,西北部高原,Northwest Plateau,NWP,Han,宁夏,中卫海原,county,105.795615,36.516888,回,,宁夏花儿,宁夏花儿#M50I2MtuCl4,花儿,原生态,,S37218262,国家级: 花儿 (2016),A2,"description: Ma Handong (b.1962), Hui from Haiyuan County, National-Level Inheritor of hua'er; CCTV 2004 competition clip",,traditional,,0.0,True,,0,0
-O3sWvWdc8U,1,youtube,https://www.youtube.com/watch?v=-O3sWvWdc8U,[中国民歌大会]彝族民歌《打歌 海菜腔》 演唱：高洪章等,CCTV中国中央电视台,youtube:UCcLK3j-XWdGBnt5bR9NJHaQ,20161004.0,233.0,西南多民族古老原始文化民歌区,Southwest Multi-ethnic,SWM,minority,云南,红河石屏,county,102.446462,23.73971,彝,,打歌·海菜腔,打歌海菜腔,海菜腔,原生态,,S3346aaaa,,C,title: CCTV 民歌大会 stage,,traditional,,0.0,True,,0,0
Z2Kt9UShBZA,1,youtube,https://www.youtube.com/watch?v=Z2Kt9UShBZA,耍山调  黄虹,Dowen L,youtube:UCvS-SHKZy9ZnbntNy5ig4LA,20131023.0,126.0,西南高原,Southwest Plateau,SWP,Han,云南,昆明,prefecture,102.87442,25.387092,汉,,耍山调,耍山调,山歌,民族唱法,,S4ec66bc9,,C,description: 昆明北门调,,traditional,,0.0,True,,132,2
zuecP79NphI,1,youtube,https://www.youtube.com/watch?v=zuecP79NphI,牡丹调 (赣南民歌),黄玉英 - Topic,youtube:UCeM32vMoM7twe-a96Bth8lQ,20220210.0,118.0,赣,Gan,GAN,Han,江西,赣南,province,115.732975,27.636112,,,牡丹调,牡丹调,小调,民族唱法,,S570cf39c,,C,title: 赣南民歌 album 采茶金曲 track,,traditional,,0.0,True,,103,1
J5X3JWcz3yc,1,youtube,https://www.youtube.com/watch?v=J5X3JWcz3yc,Fujian Folk Songs -  Guyi Mountain Song| 福建民歌《古邑山歌》中国音乐地图 听见福建  瑞鸣音乐 Rhymoi Music,Musical Map of China 中国音乐地图.瑞鸣音乐 Rhymoi Music,youtube:UCN19zbpNCX9lrbKreffuSAQ,20260215.0,97.0,闽台,Min–Tai,MT,Han,福建,莆田,prefecture,118.894712,25.445304,汉,,古邑山歌,古邑山歌#J5X3JWcz3yc,山歌,原生态,,S43af4505,,C,description: 地区 莆田; Rhymoi series,series:musical_map_of_china;unaccompanied,traditional,,0.0,True,,0,0
w4HbcixB-7o,1,youtube,https://www.youtube.com/watch?v=w4HbcixB-7o,送情郎（东北民歌）,单秀荣 - Topic,youtube:UCkrbAGeLiIHb2eg41jQxyjQ,20260529.0,170.0,东北部平原,Northeast Plain,NEP,Han,东北,,none,,,,,送情郎,送情郎,小调,民族唱法,,S695751ee,,C,title: 东北民歌 album track,,traditional,,0.0,True,,225,2
hcIgvxdRlIw,1,youtube,https://www.youtube.com/watch?v=hcIgvxdRlIw,Mongol Song - Urtiin Duu,Bsqueak,youtube:UCx1jVljBHYSoz8zjYdCDrjQ,20070806.0,437.0,北方草原文化民歌区,Northern Steppe,NS,minority,内蒙古,,province,114.077429,44.331087,蒙古,,Urtiin Duu,urtiinduu,长调,field,,,,C,description: two singers at 2007 Tsagaan Sar in Ovor Mongol (no county),,check,,0.0,True,,226,1
O5gm8EkS9ws,1,youtube,https://www.youtube.com/watch?v=O5gm8EkS9ws,Chinese Hunan Hakka Folk Song - My Girl is Like Osmanthus Trees  湖南浏阳客家民歌 《老妹好比桂花树》中国音乐地图 听见湖南 瑞鸣音乐,Musical Map of China 中国音乐地图.瑞鸣音乐 Rhymoi Music,youtube:UCN19zbpNCX9lrbKreffuSAQ,20221221.0,98.0,客家特区,Hakka,HAK,Han,湖南,长沙浏阳,county,113.23516,28.357041,汉,客家,老妹好比桂花树,老妹好比桂花树,客家山歌,原生态,,S4fe4f867,,A2,"Musical Map of China description: named singer, 地区 湖南浏阳 (county stated)",series:musical_map_of_china;unaccompanied,traditional,,0.0,True,,0,0
vGIHmg9VJAc,1,youtube,https://www.youtube.com/watch?v=vGIHmg9VJAc,Uyghur Ethnicity Folk Song - Mudan Han 维吾尔族民歌 《牡丹汗》 中国音乐地图 听见新疆 瑞鸣音乐 Rhymoi Music,Musical Map of China 中国音乐地图.瑞鸣音乐 Rhymoi Music,youtube:UCN19zbpNCX9lrbKreffuSAQ,20211111.0,173.0,新疆民歌区,Xinjiang,XJ,minority,新疆,伊犁,province,85.294711,41.371801,维吾尔,,牡丹汗,牡丹汗,伊犁民歌,原生态,,Sffaad3d7,,C,description: 地区 伊犁 (prefecture level); Rhymoi series,series:musical_map_of_china;accompanied;instrument:艾捷克;instrument:萨塔尔;instrument:热瓦甫;instrument:弹布尔;instrument:都塔尔;instrument:达卜;multiple_singers,traditional,,0.0,True,,0,0
BDUMaSSv2Wk,1,youtube,https://www.youtube.com/watch?v=BDUMaSSv2Wk,嗺咚嗺（湖北民歌）,周友金 - Topic,youtube:UCyleSqInuhe2K0m1XuPSBpQ,20260529.0,148.0,江汉,Jiang–Han,JHN,Han,湖北,,province,112.271301,30.987527,,,嗺咚嗺,嗺咚嗺,田歌/小调,民族唱法,,S55540655,,C,title: 湖北民歌; album track,,traditional,,0.0,True,,199,2
9-7vupFx8p8,1,youtube,https://www.youtube.com/watch?v=9-7vupFx8p8,Chinese Anhui Folk Songs - Rice-planting Haozi | 安徽贵池民歌《秧号子》中国音乐地图  瑞鸣音乐 Rhymoi Music,Musical Map of China 中国音乐地图.瑞鸣音乐 Rhymoi Music,youtube:UCN19zbpNCX9lrbKreffuSAQ,20230118.0,136.0,江浙平原,Jiangsu–Zhejiang Plain,JZP,Han,安徽,池州贵池,county,117.509042,30.510078,汉,,秧号子,秧号子#9-7vupFx8p8,秧号子,原生态,,S68130703,,A2,"Musical Map of China description: named singer, 地区 安徽贵池 (county stated)",series:musical_map_of_china;unaccompanied,traditional,,0.0,True,,0,0
AvdR356zizY,1,youtube,https://www.youtube.com/watch?v=AvdR356zizY,Chinese Yangzhou Ditty - Jiangsu Folk Song -  Kuakua Tune  江苏扬州小调 《侉侉调 . 探清水河同一曲调》中国音乐地图 听见江苏 瑞鸣音乐,Musical Map of China 中国音乐地图.瑞鸣音乐 Rhymoi Music,youtube:UCN19zbpNCX9lrbKreffuSAQ,20211128.0,93.0,江淮,Jiang–Huai,JH,Han,江苏,扬州,prefecture,119.479719,32.737224,,,侉侉调,侉侉调,小调,原生态,,S07112c86,,C,description: 地区 江苏 only; Rhymoi series,series:musical_map_of_china;unaccompanied,traditional,,0.0,True,,0,0
mylPyi8efCU,1,youtube,https://www.youtube.com/watch?v=mylPyi8efCU,Chinese Hunan Dongting Fishermen's Song -Song of the Demoiselle  湖南洞庭渔歌 《蓑衣歌 》中国音乐地图 听见湖南 瑞鸣音乐,Musical Map of China 中国音乐地图.瑞鸣音乐 Rhymoi Music,youtube:UCN19zbpNCX9lrbKreffuSAQ,20221221.0,128.0,湘,Xiang,XIA,Han,湖南,岳阳洞庭湖,county,113.220802,29.16623,汉,,蓑衣歌,蓑衣歌,渔歌,原生态,,S31795493,,C,description: 地区 岳阳 (city); Rhymoi studio series,series:musical_map_of_china;unaccompanied,traditional,,0.0,True,,0,0
H09rVy6vKWg,1,youtube,https://www.youtube.com/watch?v=H09rVy6vKWg,【AI修復】廣東台山話民歌錄像 禾樓歌對唱 《山歌論籮勿論篇》,SunVui Ho,youtube:UC_oCURzq_a5kcbVAyigKjpg,20200708.0,234.0,粤,Yue,YUE,Han,广东,江门台山,county,112.710629,22.042758,,,禾樓歌（山歌論籮勿論篇）,禾樓歌,禾楼歌/山歌,原生态,,S2a441482,,B,"description: sung by 余洪仪 and [singer] with 台山民间艺术团, recorded by 台山广播电视台 c.1990s",,traditional,,0.0,True,,233,2
OR1XDKFKZIU,1,youtube,https://www.youtube.com/watch?v=OR1XDKFKZIU,Chinese Tibetan Ethnicity Folk song and dance - The Shaking Tree  藏族民间歌舞 《摇动的树 . 舒假啦》中国音乐地图 听见西藏,Musical Map of China 中国音乐地图.瑞鸣音乐 Rhymoi Music,youtube:UCN19zbpNCX9lrbKreffuSAQ,20211225.0,110.0,藏族民歌区,Tibetan,TIB,minority,西藏,拉萨/日喀则,prefecture,86.477854,29.498529,藏,,舒假啦（摇动的树）,舒假啦,堆谐,原生态,,S4ba18b26,,C,description: Rhymoi studio series; 堆谐,series:musical_map_of_china;accompanied;instrument:铁庆;instrument:扬琴;instrument:扎念;instrument:京胡;instrument:竹笛;song_and_dance,traditional,,0.0,True,,0,0
UUPlv96R8Ug,1,youtube,https://www.youtube.com/watch?v=UUPlv96R8Ug,Chinese Gansu Folk Songs - The Articulate Girl | 甘肃凉州民歌 《巧嘴姑娘》中国音乐地图 听见甘肃 瑞鸣音乐 Rhymoi Music,Musical Map of China 中国音乐地图.瑞鸣音乐 Rhymoi Music,youtube:UCN19zbpNCX9lrbKreffuSAQ,20240109.0,346.0,西北部高原,Northwest Plateau,NWP,Han,甘肃,武威凉州区,county,102.753191,37.912189,汉,,巧嘴姑娘,巧嘴姑娘,民间小调,原生态,,Sc628ea8d,,A2,"Musical Map of China description: named singer, 地区 甘肃省武威市凉州区 (county stated)",series:musical_map_of_china;accompanied;instrument:三弦;instrument:板胡;instrument:二胡,traditional,,0.0,True,,0,0
Cij77-BKgT4,1,youtube,https://www.youtube.com/watch?v=Cij77-BKgT4,Chinese Yi Ethnicity Folk Song - Weeping Tune 彝族民歌 《哭嫁调》 中国音乐地图 听见云南 瑞鸣音乐 Rhymoi Music,Musical Map of China 中国音乐地图.瑞鸣音乐 Rhymoi Music,youtube:UCN19zbpNCX9lrbKreffuSAQ,20211109.0,203.0,西南多民族古老原始文化民歌区,Southwest Multi-ethnic,SWM,minority,云南,红河,county,102.235013,23.244348,彝,,哭嫁调,哭嫁调,婚俗歌,原生态,,S57826108,,C,description: Rhymoi studio series; 地区 红河,series:musical_map_of_china;accompanied;instrument:胡吐吐,traditional,,0.0,True,,0,0
7ylXz05-HOM,1,youtube,https://www.youtube.com/watch?v=7ylXz05-HOM,白鹤双双飞下来（云南姚安民歌）,黄虹 - Topic,youtube:UCnfF9dawP1iJ8-9yGl4Ygsw,20260529.0,138.0,西南高原,Southwest Plateau,SWP,Han,云南,楚雄姚安,county,101.321931,24.874184,汉,,白鹤双双飞下来,白鹤双双飞下来,山歌,民族唱法,,S4ec66bc9,,C,title: 姚安民歌 album track,,traditional,,0.0,True,,132,2
6YwMXhnAacY,1,youtube,https://www.youtube.com/watch?v=6YwMXhnAacY,长铜钱歌 (赣南民歌),黄玉英 - Topic,youtube:UCeM32vMoM7twe-a96Bth8lQ,20220210.0,170.0,赣,Gan,GAN,Han,江西,赣南,province,115.732975,27.636112,,,长铜钱歌,长铜钱歌,小调,民族唱法,,S570cf39c,,C,title: 赣南民歌 album 采茶金曲 track,,traditional,,0.0,True,,103,1
0bGs7DlCwOg,1,youtube,https://www.youtube.com/watch?v=0bGs7DlCwOg,仙游民歌《十二月景》,莆仙乡音社 Our Henghua,youtube:UCckwqf71vPwdwvrOL0ha66A,20220424.0,308.0,闽台,Min–Tai,MT,Han,福建,莆田仙游,county,118.69905,25.464518,,,十二月景,十二月景,小调,原生态,,,,C,title: 仙游民歌 only,,traditional,,0.032258064516129,True,,239,2
NYY3fAlCIIg,1,youtube,https://www.youtube.com/watch?v=NYY3fAlCIIg,小看戏（东北民歌）,张德富 - Topic,youtube:UC-3-9W9vnLHULh9d4ur6uVw,20260529.0,233.0,东北部平原,Northeast Plain,NEP,Han,东北,,none,,,,,小看戏,小看戏,小调/秧歌,民族唱法,,S6fb387ad,,C,title: 东北民歌 album track,,traditional,,0.0,True,,240,4
Qr0WT-3TiZ4,1,youtube,https://www.youtube.com/watch?v=Qr0WT-3TiZ4,"""In Praise of Genghis Khan"" - Mongolian Traditional Song",Ingen,youtube:UCQ7_q-UwRnso1AzuYrJEuEw,20200321.0,303.0,北方草原文化民歌区,Northern Steppe,NS,minority,蒙古,,none,,,蒙古,,赞颂成吉思汗,赞颂成吉思汗,赞歌/长调,other,,,,C,title only; channel of anthems and patriotic songs,,check,minor,0.0,True,,241,1
jBC_Rx1IXkI,1,youtube,https://www.youtube.com/watch?v=jBC_Rx1IXkI,Chinese Hunan Hakka Folk Song - Duet Song of Hakkas 湖南浏阳客家民歌 《客家盘歌》中国音乐地图 听见湖南 瑞鸣音乐 Rhymoi Music,Musical Map of China 中国音乐地图.瑞鸣音乐 Rhymoi Music,youtube:UCN19zbpNCX9lrbKreffuSAQ,20221221.0,118.0,客家特区,Hakka,HAK,Han,湖南,长沙浏阳,county,113.23516,28.357041,汉,客家,客家盘歌,客家盘歌,盘歌,原生态,,S93c24681,,A2,"Musical Map of China description: named singer, 地区 湖南浏阳 (county stated)",series:musical_map_of_china;unaccompanied;multiple_singers,traditional,,0.0,True,,0,0
VfZHbP-C9bs,1,youtube,https://www.youtube.com/watch?v=VfZHbP-C9bs,"Hami mukam 哈密木卡姆 from Qumul, Xinjiang, western China",dbadagna,youtube:UCEVEsOLJ5NFpEJe7N5nbNhA,20150625.0,357.0,新疆民歌区,Xinjiang,XJ,minority,新疆,哈密,prefecture,93.512835,43.0655,维吾尔,,哈密木卡姆,哈密木卡姆#VfZHbP-C9bs,哈密木卡姆,field,,,,C,"description: stage performance, Hami Prefecture (prefecture level); dbadagna",,traditional,,0.0833333333333333,True,,0,0
-OerjbkiY7c,1,youtube,https://www.youtube.com/watch?v=-OerjbkiY7c,湖北民歌《催咚催》,jasonchia77,youtube:UC95bIQwoKmqUN4LchWGsuvQ,20200420.0,275.0,江汉,Jiang–Han,JHN,Han,湖北,,province,112.271301,30.987527,,,催咚催,催咚催,田歌/小调,民族唱法,,,,C,"title/description: 湖北民歌, 打麦歌",,traditional,,0.0,True,,244,3
lk6J45dZwtE,1,youtube,https://www.youtube.com/watch?v=lk6J45dZwtE,Chinese Anhui Folk Songs - Xinan River Haozi  | 安徽黄山民歌《新安江号子》中国音乐地图 瑞鸣音乐 Rhymoi Music,Musical Map of China 中国音乐地图.瑞鸣音乐 Rhymoi Music,youtube:UCN19zbpNCX9lrbKreffuSAQ,20230110.0,164.0,江浙平原,Jiangsu–Zhejiang Plain,JZP,Han,安徽,黄山,county,118.095868,30.252547,汉,,新安江号子,新安江号子#lk6J45dZwtE,号子,原生态,,S43f284b2,,C,description: 地区 黄山 (city) ; Rhymoi studio series,series:musical_map_of_china;unaccompanied,traditional,,0.125,True,,0,0
rhtkjb1_-IA,1,youtube,https://www.youtube.com/watch?v=rhtkjb1_-IA,Chinese Yangzhou Ditty - Jiangsu Folk Song - Yangzhou Ditty. Barley  扬州小调 《大麦 》中国音乐地图 听见江苏 瑞鸣音乐,Musical Map of China 中国音乐地图.瑞鸣音乐 Rhymoi Music,youtube:UCN19zbpNCX9lrbKreffuSAQ,20211129.0,73.0,江淮,Jiang–Huai,JH,Han,江苏,扬州,prefecture,119.479719,32.737224,,,大麦,大麦,小调,原生态,,S07112c86,,C,description: 地区 江苏 only; Rhymoi series,series:musical_map_of_china;unaccompanied,traditional,,0.0,True,,0,0
Bq4txMD5F4A,1,youtube,https://www.youtube.com/watch?v=Bq4txMD5F4A,Chinese Miao Ethnicity Folk Song - Song of Sitting in the Hall | 苗族民歌 《坐堂歌》中国音乐地图  听见湖南 瑞鸣音乐 Rhymoi,Musical Map of China 中国音乐地图.瑞鸣音乐 Rhymoi Music,youtube:UCN19zbpNCX9lrbKreffuSAQ,20221226.0,340.0,湘,Xiang,XIA,Han,湖南,湘西,prefecture,109.731854,28.694703,苗,,坐堂歌,坐堂歌,苗歌,原生态,,S3099c9a5,,C,description: 地区 湘西 (prefecture); narrators credited,series:musical_map_of_china;accompanied;instrument:旁白;multiple_singers,traditional,,0.0294117647058823,True,,0,0
AJvMQCI9K6w,1,youtube,https://www.youtube.com/watch?v=AJvMQCI9K6w,台山木鱼金兰腔《情歌对唱》演唱 萍姐 红生,五邑人,youtube:UCU1hFwtYb7ptbJ-BwRcsd_Q,20210714.0,298.0,粤,Yue,YUE,Han,广东,江门台山,county,112.710629,22.042758,,,木鱼金兰腔·情歌对唱,木鱼金兰腔情歌对唱,木鱼歌,原生态,,Sffb94e74,,B,description: 1987 live recording of Taishan muyu duet; title 台山,,traditional,,0.0,True,,53,2
RdaRiSswSao,1,youtube,https://www.youtube.com/watch?v=RdaRiSswSao,Chinese Tibetan Ethnicity Folk song and dance - Handsome Young Guy 藏族民间歌舞 《英俊的少年 . 觉啦斯琼》中国音乐地图 听见西藏,Musical Map of China 中国音乐地图.瑞鸣音乐 Rhymoi Music,youtube:UCN19zbpNCX9lrbKreffuSAQ,20211225.0,274.0,藏族民歌区,Tibetan,TIB,minority,西藏,拉萨/日喀则,prefecture,86.477854,29.498529,藏,,觉啦斯琼（英俊的少年）,觉啦斯琼,堆谐,原生态,,S6561b20d,,C,description: Rhymoi studio series; 堆谐,series:musical_map_of_china;accompanied;instrument:铁庆;instrument:扬琴;instrument:扎念;instrument:京胡;instrument:竹笛;multiple_singers;song_and_dance,traditional,,0.0,True,,0,0
n4edNSCBVo4,1,youtube,https://www.youtube.com/watch?v=n4edNSCBVo4,"Yulin xiaoqu 榆林小曲 narrative singing from Shaanxi, northwest China",dbadagna,youtube:UCEVEsOLJ5NFpEJe7N5nbNhA,20210102.0,168.0,西北部高原,Northwest Plateau,NWP,Han,陕西,榆林,prefecture,109.577105,38.048207,,,榆林小曲,榆林小曲#n4edNSCBVo4,小曲,原生态,,S7906285f,,C,"description: lead performer Li Kunsen; probably filmed Yulin, exact location unknown",,traditional,,0.0,True,,0,0
NKNiYVn-VP4,1,youtube,https://www.youtube.com/watch?v=NKNiYVn-VP4,Chinese Yi Ethnicity Folk Song - Tune of Herding the Cattle 彝族民歌 《赶牛调 中国音乐地图》 听见云南 瑞鸣音乐 Rhymoi Music,Musical Map of China 中国音乐地图.瑞鸣音乐 Rhymoi Music,youtube:UCN19zbpNCX9lrbKreffuSAQ,20211108.0,114.0,西南多民族古老原始文化民歌区,Southwest Multi-ethnic,SWM,minority,云南,,province,101.485106,25.008643,彝,,赶牛调,赶牛调,山歌,原生态,,S57826108,,C,description: Rhymoi studio series; 地区 云南 only,series:musical_map_of_china;unaccompanied,traditional,,0.0,True,,0,0
MsVeR1mllq0,1,youtube,https://www.youtube.com/watch?v=MsVeR1mllq0,月牙弯弯映小河（云南大姚民歌）,黄虹 - Topic,youtube:UCnfF9dawP1iJ8-9yGl4Ygsw,20260529.0,129.0,西南高原,Southwest Plateau,SWP,Han,云南,楚雄大姚,county,101.321931,24.874184,汉,,月牙弯弯映小河,月牙弯弯映小河,山歌,民族唱法,,S4ec66bc9,,C,title: 大姚民歌 album track,,traditional,,0.0,True,,132,2
eFRoS9tU6ek,1,youtube,https://www.youtube.com/watch?v=eFRoS9tU6ek,照镜子 (赣南民歌),黄玉英 - Topic,youtube:UCeM32vMoM7twe-a96Bth8lQ,20220210.0,214.0,赣,Gan,GAN,Han,江西,赣南,province,115.732975,27.636112,,,照镜子,照镜子,小调,民族唱法,,S67cefc9b,,C,title: 赣南民歌 album 采茶金曲 track,,traditional,,0.0,True,,103,1
dAyGqcHrDJc,1,youtube,https://www.youtube.com/watch?v=dAyGqcHrDJc,【蓮花褒歌】《請茶歌》——廈門蓮花褒歌演唱團|廈門衛視,天天看一廈,youtube:UCPe5NCNPzox5bIxrfF7fMmQ,20220223.0,279.0,闽台,Min–Tai,MT,Han,福建,厦门同安莲花镇,county,118.109393,24.769817,,,请茶歌（莲花褒歌）,请茶歌#dAyGqcHrDJc,褒歌,field,,S709a8aa1,,B,"description: Lianhua Town villagers' troupe (2019) singing at Su Song Park, Tong'an; Xiamen TV",,check,,0.0,True,,254,4
5SjzwXvvZqE,1,youtube,https://www.youtube.com/watch?v=5SjzwXvvZqE,赶集（山东渤海民歌）,Release - Topic,youtube:UCJjG6AmlkAPdPcnKfGq55Ig,20260529.0,142.0,东北部平原,Northeast Plain,NEP,Han,山东,渤海,province,118.187759,36.376092,,,赶集,赶集,小调,民族唱法,,Sc5e7a2e3,,C,title: 山东渤海民歌 album track,,traditional,,0.0,True,,255,1
M1uV3wXUI6Y,1,youtube,https://www.youtube.com/watch?v=M1uV3wXUI6Y,【纯享】草原长调宛如天籁！阿木古楞、特仑演唱蒙古族民歌《牧歌》| CCTV「原声天籁——中国民歌盛典」,CCTV中国中央电视台,youtube:UCcLK3j-XWdGBnt5bR9NJHaQ,20231105.0,183.0,北方草原文化民歌区,Northern Steppe,NS,minority,内蒙古,呼伦贝尔,prefecture,120.906902,49.635232,蒙古,,牧歌,牧歌#M1uV3wXUI6Y,长调,原生态,,S733d02cf,,C,"title: CCTV gala, no locality for singers",,check,,0.0,True,,0,0
xPcc4AJpN88,1,youtube,https://www.youtube.com/watch?v=xPcc4AJpN88,Chinese Hunan Hakka Folk Song -  A Guy from Guangdong  湖南浏阳客家民歌 《广东上来一个人》中国音乐地图 听见湖南 瑞鸣音乐 Rhymoi,Musical Map of China 中国音乐地图.瑞鸣音乐 Rhymoi Music,youtube:UCN19zbpNCX9lrbKreffuSAQ,20221221.0,78.0,客家特区,Hakka,HAK,Han,湖南,长沙浏阳,county,113.23516,28.357041,汉,客家,广东上来一个人,广东上来一个人,客家山歌,原生态,,S5cde10a7,,A2,"Musical Map of China description: named singer, 地区 湖南浏阳 (county stated)",series:musical_map_of_china;unaccompanied,traditional,,0.0,True,,0,0
ftOoFea6_jc,1,youtube,https://www.youtube.com/watch?v=ftOoFea6_jc,呐喊的刀郎木卡姆，原生态的声音，新疆震撼从不隐藏。,疆探,youtube:UC-2CZhriVmj2GOQuPQoWCXg,20250609.0,102.0,新疆民歌区,Xinjiang,XJ,minority,新疆,麦盖提,county,78.23669,38.841286,维吾尔,,刀郎木卡姆,刀郎木卡姆#ftOoFea6_jc,刀郎木卡姆,原生态,,,,C,"title only; 麦盖提 appears only in v1 area label, none in text",,traditional,,0.0,True,,258,4
AMzX-KDWSbA,1,youtube,https://www.youtube.com/watch?v=AMzX-KDWSbA,车水情歌（湖北民歌）,周友金 - Topic,youtube:UCyleSqInuhe2K0m1XuPSBpQ,20260529.0,173.0,江汉,Jiang–Han,JHN,Han,湖北,,province,112.271301,30.987527,,,车水情歌,车水情歌#AMzX-KDWSbA,车水歌（田歌）,民族唱法,,S55540655,,C,title: 湖北民歌; album track,,traditional,,0.0,True,,199,2
gj1oNTTMTuk,1,youtube,https://www.youtube.com/watch?v=gj1oNTTMTuk,Chinese Zhoushan Fisherman’s song - Sagebrush Haozi 舟山渔歌 《打水篙号子 》中国音乐地图 听见浙江 瑞鸣音乐 Rhymoi Music,Musical Map of China 中国音乐地图.瑞鸣音乐 Rhymoi Music,youtube:UCN19zbpNCX9lrbKreffuSAQ,20211116.0,131.0,江浙平原,Jiangsu–Zhejiang Plain,JZP,Han,浙江,舟山,prefecture,122.146805,30.056563,汉,,打水篙号子,打水篙号子#gj1oNTTMTuk,号子/渔歌,原生态,,Sa13f794d,,C,description: 地区 浙江 only; Rhymoi series,series:musical_map_of_china;unaccompanied;multiple_singers,traditional,,0.0769230769230769,True,,0,0
U0Qngjzl8Cs,1,youtube,https://www.youtube.com/watch?v=U0Qngjzl8Cs,Chinese Yangzhou Ditty - Jiangsu Folk Song - Intimate Guest  扬州小调《知心客 . 天涯歌女原曲》中国音乐地图 听见江苏 瑞鸣音乐,Musical Map of China 中国音乐地图.瑞鸣音乐 Rhymoi Music,youtube:UCN19zbpNCX9lrbKreffuSAQ,20211129.0,103.0,江淮,Jiang–Huai,JH,Han,江苏,扬州,prefecture,119.479719,32.737224,,,知心客,知心客,小调,原生态,,S07112c86,,C,description: 地区 江苏 only; Rhymoi series,series:musical_map_of_china;unaccompanied,traditional,,0.0,True,,0,0
qDObl3MlNTo,1,youtube,https://www.youtube.com/watch?v=qDObl3MlNTo,Chinese Tujia Ethnicity Folk Song - Weaving Love Song 土家族民歌 《织锦情歌》中国音乐地图 听见湖南 瑞鸣音乐 Rhymoi Music,Musical Map of China 中国音乐地图.瑞鸣音乐 Rhymoi Music,youtube:UCN19zbpNCX9lrbKreffuSAQ,20221220.0,111.0,湘,Xiang,XIA,Han,湖南,湘西龙山,county,109.509485,29.219406,土家,,织锦情歌,织锦情歌#qDObl3MlNTo,情歌,原生态,,Sae46f0db,,A2,"Musical Map of China description: named singer, 地区 湖南湘西龙山 (county stated)",series:musical_map_of_china;unaccompanied,traditional,,0.0,True,,0,0
Sz8a0w8PlF4,1,youtube,https://www.youtube.com/watch?v=Sz8a0w8PlF4,東莞石龍話唱木魚歌《陳世美》,PKD32,youtube:UCKC0Iv7IrjqQoYk8EMdfstg,20150203.0,176.0,粤,Yue,YUE,Han,广东,东莞石龙,prefecture,113.879966,22.931879,,,木魚歌·陳世美,木魚歌陳世美,木鱼歌,原生态,,,,C,title: 东莞石龙话 木鱼歌 only,,traditional,,0.8888888888888888,True,,263,2
gxzupBxUj5Y,1,youtube,https://www.youtube.com/watch?v=gxzupBxUj5Y,Chinese Tibetan Ethnicity Folk song and dance - Under the Daylight Mountain 藏族民间歌舞 《白日山下 . 觉拉扎西》,Musical Map of China 中国音乐地图.瑞鸣音乐 Rhymoi Music,youtube:UCN19zbpNCX9lrbKreffuSAQ,20211225.0,284.0,藏族民歌区,Tibetan,TIB,minority,西藏,拉萨/日喀则,prefecture,86.477854,29.498529,藏,,觉拉扎西（白日山下）,觉拉扎西,堆谐,原生态,,S4ba18b26,,C,description: Rhymoi studio series; 堆谐,series:musical_map_of_china;accompanied;instrument:铁庆;instrument:扬琴;instrument:扎念;instrument:京胡;instrument:竹笛;song_and_dance,traditional,,0.0,True,,0,0
MLATfV9BLPI,1,youtube,https://www.youtube.com/watch?v=MLATfV9BLPI,Chinese Shanxi song-and-dance duet - Pay New Year's Call  山西二人台 《拜大年》 中国音乐地图 听见山西  瑞鸣音乐 Rhymoi Music,Musical Map of China 中国音乐地图.瑞鸣音乐 Rhymoi Music,youtube:UCN19zbpNCX9lrbKreffuSAQ,20211114.0,173.0,西北部高原,Northwest Plateau,NWP,Han,山西,,province,112.304436,37.618179,,,拜大年（二人台）,拜大年,山西二人台,原生态,,Sb8ff3dcb,,C,description: Rhymoi studio series; 地区 山西 only,series:musical_map_of_china;accompanied;instrument:四胡;instrument:笙;instrument:枚;instrument:扬琴;instrument:梆子;instrument:四块瓦;multiple_singers,traditional,,0.0,True,,0,0
aY14KFrayFw,1,youtube,https://www.youtube.com/watch?v=aY14KFrayFw,弥渡彝族山歌 |Midu Yi folk songs| 云南乡音 · 源生坊 #yunnan #indigenous #music #native,Yunnan Village Music,youtube:UCXhlRMysR-I6OZi_a8H9lFQ,20260225.0,334.0,西南多民族古老原始文化民歌区,Southwest Multi-ethnic,SWM,minority,云南,大理弥渡,county,100.210651,25.742713,彝,,弥渡彝族山歌,弥渡彝族山歌#aY14KFrayFw,山歌,field,,,,B,title: 弥渡彝族山歌; channel 云南乡音 (源生坊) documents village artists; performers unnamed in text,,traditional,,0.0606060606060606,True,,131,3
CsqtVIqLdfQ,1,youtube,https://www.youtube.com/watch?v=CsqtVIqLdfQ,《高山砍柴》 云南民歌、黄虹演唱,Tt Weilin,youtube:UCxcoD12BC49KS6Ei063dLRw,20130909.0,106.0,西南高原,Southwest Plateau,SWP,Han,云南,,province,101.485106,25.008643,汉,,高山砍柴,高山砍柴,山歌,民族唱法,,S4ec66bc9,,C,title: 云南民歌; arranger 方弓,,check,,0.0,True,,132,2
8o_yZfpN1P8,1,youtube,https://www.youtube.com/watch?v=8o_yZfpN1P8,睄妹子 (赣南民歌),黄玉英 - Topic,youtube:UCeM32vMoM7twe-a96Bth8lQ,20220210.0,186.0,赣,Gan,GAN,Han,江西,赣南,province,115.732975,27.636112,,,睄妹子,睄妹子,小调,民族唱法,,S2f30fbcf,,C,title: 赣南民歌 album 采茶金曲 track,,traditional,,0.0,True,,103,1
ot2moOLWivA,1,youtube,https://www.youtube.com/watch?v=ot2moOLWivA,閩南語童謠 《天烏烏》,Yukkan Wong,youtube:UC5BekUA-woUFHcieh6OsBcA,20110710.0,223.0,闽台,Min–Tai,MT,Han,台湾,,province,120.971485,23.749452,,,天乌乌,天乌乌,童谣/小调,other,,,,C,title: 闽南语童谣 only,,traditional,,0.0,True,,269,0
5bl2VTSDK9w,1,youtube,https://www.youtube.com/watch?v=5bl2VTSDK9w,王珂迩演唱山东民歌《长腔山歌》 清脆悦耳 百听不厌 [民歌中国] | 中国音乐电视Music TV,中国音乐电视 Music TV,youtube:UCK3uufpnv3u6waDYJXmx6Kg,20260831.0,179.0,东北部平原,Northeast Plain,NEP,Han,山东,,province,118.187759,36.376092,,,长腔山歌,长腔山歌#5bl2VTSDK9w,山歌,民族唱法,,S5d59b9b1,,C,title: 山东民歌; TV channel,,traditional,,0.0,True,,270,4
WsqX0Zz1lHo,1,youtube,https://www.youtube.com/watch?v=WsqX0Zz1lHo,[民歌纯享]蒙古族民歌《牧歌》 演唱：乌英嘎 | CCTV,CCTV中国中央电视台,youtube:UCcLK3j-XWdGBnt5bR9NJHaQ,20171009.0,141.0,北方草原文化民歌区,Northern Steppe,NS,minority,内蒙古,呼伦贝尔,prefecture,120.906902,49.635232,蒙古,,牧歌,牧歌#WsqX0Zz1lHo,长调,民族唱法,,S371a6b38,,C,title: CCTV 民歌大会 stage,,check,,0.0,True,,0,0
EKzBFVYbrP8,1,youtube,https://www.youtube.com/watch?v=EKzBFVYbrP8,Chinese Guangdong Hakkas Folk Song - The Hakkas Mountain Songs are Famous  广东客家民歌 《客家山歌好出名》中国音乐地图,Musical Map of China 中国音乐地图.瑞鸣音乐 Rhymoi Music,youtube:UCN19zbpNCX9lrbKreffuSAQ,20211211.0,97.0,客家特区,Hakka,HAK,Han,广东,梅州梅县,county,116.187209,24.378891,汉,客家,客家山歌好出名,客家山歌好出名,山歌,原生态,,Sbf3c9d81,,A2,"Musical Map of China description: named singer, 地区 广东梅县 (county stated)",series:musical_map_of_china;unaccompanied,check,,0.0,True,,0,0
V2pIIRED1ho,1,youtube,https://www.youtube.com/watch?v=V2pIIRED1ho,Chinese Kazakh Ethnicity Folk Song - Kazakh Lullaby 哈萨克族民歌 《摇篮曲》 中国音乐地图 听见新疆 瑞鸣音乐 Rhymoi Music,Musical Map of China 中国音乐地图.瑞鸣音乐 Rhymoi Music,youtube:UCN19zbpNCX9lrbKreffuSAQ,20211119.0,272.0,新疆民歌区,Xinjiang,XJ,minority,新疆,北疆,province,85.294711,41.371801,哈萨克,,摇篮曲,摇篮曲,哈萨克民歌,原生态,,Sb84a3206,,C,description: 地区 新疆 only; Rhymoi series,series:musical_map_of_china;accompanied;instrument:冬不拉,traditional,,0.0,True,,0,0
EKIdL8AKRbU,1,youtube,https://www.youtube.com/watch?v=EKIdL8AKRbU,一支山歌飞出崖（湖北民歌）,Release - Topic,youtube:UCTXWJBZu3kji_4X4Uw8_frw,20260529.0,180.0,江汉,Jiang–Han,JHN,Han,湖北,,province,112.271301,30.987527,,,一支山歌飞出崖,一支山歌飞出崖,山歌,民族唱法,,S6f545a5c,,C,title: 湖北民歌; album track,,check,,0.0,True,,58,3
6t1hlevt96Q,1,youtube,https://www.youtube.com/watch?v=6t1hlevt96Q,Chinese Zhoushan Fisherman’s song - Awning Haozi  舟山渔歌 《起篷号子》 中国音乐地图 听见浙江 瑞鸣音乐 Rhymoi Music,Musical Map of China 中国音乐地图.瑞鸣音乐 Rhymoi Music,youtube:UCN19zbpNCX9lrbKreffuSAQ,20211116.0,178.0,江浙平原,Jiangsu–Zhejiang Plain,JZP,Han,浙江,舟山,prefecture,122.146805,30.056563,汉,,起篷号子,起篷号子#6t1hlevt96Q,号子/渔歌,原生态,,Sa13f794d,,C,description: 地区 浙江 only; Rhymoi series,series:musical_map_of_china;unaccompanied;multiple_singers,traditional,,0.1666666666666666,True,,0,0
kjXfHC9orrM,1,youtube,https://www.youtube.com/watch?v=kjXfHC9orrM,Chinese Yangzhou Ditty - Jiangsu Folk Song - Spring Tune  扬州小调 《春调》中国音乐地图 听见江苏 瑞鸣音乐 Rhymoi Music,Musical Map of China 中国音乐地图.瑞鸣音乐 Rhymoi Music,youtube:UCN19zbpNCX9lrbKreffuSAQ,20211129.0,115.0,江淮,Jiang–Huai,JH,Han,江苏,扬州,prefecture,119.479719,32.737224,,,春调,春调,小调,原生态,,S07112c86,,C,description: 地区 江苏 only; Rhymoi series,series:musical_map_of_china;unaccompanied,traditional,,0.0,True,,0,0
2Zndyl4Bqfg,1,youtube,https://www.youtube.com/watch?v=2Zndyl4Bqfg,Chinese Tujia Ethnicity Folk Song - Five-line Song of Zhaoshi  土家族民歌《召市五句歌 》中国音乐地图 听见湖南 瑞鸣音乐 Rhymoi,Musical Map of China 中国音乐地图.瑞鸣音乐 Rhymoi Music,youtube:UCN19zbpNCX9lrbKreffuSAQ,20221220.0,104.0,湘,Xiang,XIA,Han,湖南,湘西龙山,county,109.509485,29.219406,土家,,召市五句歌,召市五句歌,五句子山歌,原生态,,Se0396ea1,,A2,"Musical Map of China description: named singer, 地区 湖南湘西龙山 (county stated)",series:musical_map_of_china;unaccompanied,traditional,,0.0,True,,0,0
xh8esX3Neyw,1,youtube,https://www.youtube.com/watch?v=xh8esX3Neyw,广东儿歌 《月光光》  -  (童星)黎铿演唱  （1936年）,H M Chan,youtube:UC_nmZAiG8o2FM1IbKC14dxA,20220104.0,166.0,粤,Yue,YUE,Han,广东,广府,province,113.429919,23.334643,,,月光光,月光光,童谣,other,,S8f963ab0,,C,description: 1936 Shanghai Pathe record by child star,,traditional,,0.0,True,,278,4
F9kqLzE2D-o,1,youtube,https://www.youtube.com/watch?v=F9kqLzE2D-o,Chinese Tibetan Ethnicity Folk song and dance - Satin on a red hat  藏族民间歌舞 《红色毡帽上的花缎 . 吾夏甲庆玛布》中国音乐地图,Musical Map of China 中国音乐地图.瑞鸣音乐 Rhymoi Music,youtube:UCN19zbpNCX9lrbKreffuSAQ,20211225.0,115.0,藏族民歌区,Tibetan,TIB,minority,西藏,拉萨/日喀则,prefecture,86.477854,29.498529,藏,,吾夏甲庆玛布（红色毡帽上的花缎）,吾夏甲庆玛布,堆谐,原生态,,S4ba18b26,,C,description: Rhymoi studio series; 堆谐/囊玛,series:musical_map_of_china;accompanied;instrument:铁庆;instrument:扬琴;instrument:扎念;instrument:京胡;instrument:竹笛;song_and_dance,traditional,,0.0,True,,0,0
FkhMuoF-VIo,1,youtube,https://www.youtube.com/watch?v=FkhMuoF-VIo,青海花儿   月亮偏西了(河州二令)     朱仲禄,Jianwei Lyu,youtube:UCSj4dr6w8HCLGoXoKBPMpig,20210507.0,92.0,西北部高原,Northwest Plateau,NWP,Han,青海,,province,96.043533,35.726403,,,月亮偏西了（河州二令）,月亮偏西了,花儿,原生态,,S7cb839f0,,C,"title: singer [singer] named, no locality",,traditional,,0.0,True,,280,3
N4G8QHDjtfI,1,youtube,https://www.youtube.com/watch?v=N4G8QHDjtfI,啦噶飘 |“Laga Piao” — A Love Song of the Talu Yi People| 云南乡音 · 源生坊 #yunnan #indigenous #music #native,Yunnan Village Music,youtube:UCXhlRMysR-I6OZi_a8H9lFQ,20260306.0,528.0,西南多民族古老原始文化民歌区,Southwest Multi-ethnic,SWM,minority,云南,丽江永胜,county,100.698844,26.485493,彝,他留人,啦噶飘,啦噶飘,情歌,field,,,,C,description: Talu Yi love song; county only in v1 label,,traditional,,0.1886792452830188,True,,131,3
jlT0dTIoTrY,1,youtube,https://www.youtube.com/watch?v=jlT0dTIoTrY,"《太陽出來喜洋洋》[Taiyang Chulai Xiyangyang] ""Joy at Sunrise"" - 四川民歌 (Sichuan folk song) - 蔡紹序 [Cai Shaoxu]",pwong702,youtube:UCTnNYn3aH9XYAbJllWuKn5w,20210104.0,130.0,西南高原,Southwest Plateau,SWP,Han,四川,,province,102.693453,30.674545,汉,,太阳出来喜洋洋,太阳出来喜洋洋,山歌,民族唱法,,S8ed7e9ad,,C,"description: lyrics 金鼓, arranged 丁善德, 1962 recording",,composed,,0.0,False,composed,132,2
yWo9FjUFq6g,1,youtube,https://www.youtube.com/watch?v=yWo9FjUFq6g,双牵手 (赣南民歌),黄玉英 - Topic,youtube:UCeM32vMoM7twe-a96Bth8lQ,20220210.0,81.0,赣,Gan,GAN,Han,江西,赣南,province,115.732975,27.636112,,,双牵手,双牵手,小调,民族唱法,,S67cefc9b,,C,title: 赣南民歌 album 采茶金曲 track,,traditional,,0.0,True,,103,1
52PtFSzWYxk,1,youtube,https://www.youtube.com/watch?v=52PtFSzWYxk,福建歌2首·闽南语《天乌乌》《杂菜汤》 钟振發 唱,Redogful,youtube:UC9I49axZNa4eZq-PvZy5tyA,20091113.0,233.0,闽台,Min–Tai,MT,Han,台湾,,province,120.971485,23.749452,,,天乌乌,天乌乌,童谣/小调,民族唱法,,S649a975c,,C,description: sung with Shanghai Opera orchestra,,check,,0.0,True,,395,2
cD60Z2FGOgQ,1,youtube,https://www.youtube.com/watch?v=cD60Z2FGOgQ,11. 对花 (河北) - 1983 彭丽媛，Liyuan Peng - 彭丽媛演唱各地方民歌（华北地区）,Jewely 0,youtube:UCQSSGzA8J0DJT1fgZYdcIGw,20220821.0,99.0,东北部平原,Northeast Plain,NEP,Han,河北,,province,114.502461,38.045474,,,对花,对花,小调,民族唱法,,S46c7fe5d,,C,title: 河北,,traditional,,0.0,True,,0,0
VScqK0NhleY,1,youtube,https://www.youtube.com/watch?v=VScqK0NhleY,牧歌（蒙古族民歌、譯詞／安波、編曲／瞿希賢）－指揮：房樹孝、演出：台北室內節慶合唱團,Taipei Chamber Singers,youtube:UCVQQch0GODy03a_2FZI8WVA,20231002.0,198.0,北方草原文化民歌区,Northern Steppe,NS,minority,内蒙古,呼伦贝尔,prefecture,120.906902,49.635232,蒙古,,牧歌,牧歌#VScqK0NhleY,长调（合唱改编）,other,,,,C,"title: choral arrangement by 瞿希贤, Taipei choir",,check,exclude,0.0,False,label;arrangement,286,4
WLseIb-dkbc,1,youtube,https://www.youtube.com/watch?v=WLseIb-dkbc,來自臺灣底層的聲音（壹）鄧滿妹 陳秀鳳 十二月古人 客家山歌,水晶索引聲音資料庫,youtube:UC3riL8XmPEYn02mJbAcwVqw,20201222.0,218.0,客家特区,Hakka,HAK,Han,台湾,桃园杨梅埔心,province,120.971485,23.749452,汉,客家,十二月古人,十二月古人,山歌/小调,原生态,,Sd860948d,,A2,description: 1991 archival field album; 邓满妹 and [singer] both from 杨梅埔心,,traditional,,0.0,True,,287,4
GuE5wzCSBqQ,1,youtube,https://www.youtube.com/watch?v=GuE5wzCSBqQ,Chinese Kazakh Ethnicity Folk Song - “Guli Diere Aimu” 哈萨克族民歌 《古丽迭热阿依木》  中国音乐地图 听见新疆 瑞鸣音乐 Rhymoi,Musical Map of China 中国音乐地图.瑞鸣音乐 Rhymoi Music,youtube:UCN19zbpNCX9lrbKreffuSAQ,20211119.0,164.0,新疆民歌区,Xinjiang,XJ,minority,新疆,北疆,province,85.294711,41.371801,哈萨克,,古丽迭热阿依木,古丽迭热阿依木,哈萨克民歌,原生态,,Sb84a3206,,C,description: 地区 新疆 only; Rhymoi series,series:musical_map_of_china;accompanied;instrument:冬不拉,check,,0.0,True,,0,0
CRuTdN8wW6g,1,youtube,https://www.youtube.com/watch?v=CRuTdN8wW6g,绣荷包 湖北荆州马山民歌,张鹏 - Topic,youtube:UCA1oW7Euu1FOP38by0CXqAA,20260905.0,79.0,江汉,Jiang–Han,JHN,Han,湖北,荆州马山,county,112.103432,30.41084,,,绣荷包,绣荷包,小调,民族唱法,,S5748b397,,C,"title: 马山民歌 (township named in title); 2026 studio release, composer credit 廖开富",,check,,0.0,True,,289,3
nM8yd5mhy48,1,youtube,https://www.youtube.com/watch?v=nM8yd5mhy48,Chinese Zhoushan Fisherman’s song - Sculling Oar Haozi  舟山渔歌 《摇橹号子》 中国音乐地图 听见浙江 瑞鸣音乐 Rhymoi Music,Musical Map of China 中国音乐地图.瑞鸣音乐 Rhymoi Music,youtube:UCN19zbpNCX9lrbKreffuSAQ,20211116.0,184.0,江浙平原,Jiangsu–Zhejiang Plain,JZP,Han,浙江,舟山,prefecture,122.146805,30.056563,汉,,摇橹号子,摇橹号子#nM8yd5mhy48,号子/渔歌,原生态,,Sa13f794d,,C,description: 地区 浙江 only; Rhymoi series,series:musical_map_of_china;unaccompanied;multiple_singers,traditional,,0.1666666666666666,True,,0,0
mr_C8PR2mC8,1,youtube,https://www.youtube.com/watch?v=mr_C8PR2mC8,Chinese Yangzhou Ditty - Jiangsu Folk Song - Ba Duan Jing 扬州小调 《八段景》中国音乐地图 听见江苏 瑞鸣音乐 Rhymoi Music,Musical Map of China 中国音乐地图.瑞鸣音乐 Rhymoi Music,youtube:UCN19zbpNCX9lrbKreffuSAQ,20211129.0,136.0,江淮,Jiang–Huai,JH,Han,江苏,扬州,prefecture,119.479719,32.737224,,,八段景,八段景,小调,原生态,,S07112c86,,C,description: 地区 江苏 only; Rhymoi series,series:musical_map_of_china;unaccompanied,traditional,,0.0,True,,0,0
94pRQwajjsE,1,youtube,https://www.youtube.com/watch?v=94pRQwajjsE,Chinese Hunan Female scripts - Words of The Discipline for Girls  湖南永州女书《训女词》中国音乐地图 听见湖南 瑞鸣音乐,Musical Map of China 中国音乐地图.瑞鸣音乐 Rhymoi Music,youtube:UCN19zbpNCX9lrbKreffuSAQ,20221221.0,182.0,湘,Xiang,XIA,Han,湖南,永州,prefecture,111.734581,25.774386,汉,,训女词,训女词,女书歌,原生态,,Sc4ca47d1,,C,description: 地区 永州 (city); Rhymoi studio series; 女书 chant,series:musical_map_of_china;unaccompanied,traditional,,0.0,True,,0,0
HV-pCL6YReQ,1,youtube,https://www.youtube.com/watch?v=HV-pCL6YReQ,[中国民歌大会]广东民歌《落雨大》 表演：中山市东升镇胜龙小学 北京市,CCTV中国中央电视台,youtube:UCcLK3j-XWdGBnt5bR9NJHaQ,20161009.0,136.0,粤,Yue,YUE,Han,广东,中山东升镇,province,118.187759,36.376092,,,落雨大,落雨大,童谣,other,,S774e42b6,,C,"title: CCTV 民歌大会, children from school in 东升镇",,traditional,,0.0,True,,0,0
2hpoFDj7tjE,1,youtube,https://www.youtube.com/watch?v=2hpoFDj7tjE,Chinese Tibetan Ethnicity Folk song and dance - The Man Who Went Far  藏族民间歌舞 《远行的人 . 卓姆仁钦岗》中国音乐地图,Musical Map of China 中国音乐地图.瑞鸣音乐 Rhymoi Music,youtube:UCN19zbpNCX9lrbKreffuSAQ,20211225.0,181.0,藏族民歌区,Tibetan,TIB,minority,西藏,拉萨/日喀则,prefecture,86.477854,29.498529,藏,,卓姆仁钦岗（远行的人）,卓姆仁钦岗,堆谐,原生态,,S4ba18b26,,C,description: Rhymoi studio series; 堆谐,series:musical_map_of_china;accompanied;instrument:铁庆;instrument:扬琴;instrument:扎念;instrument:京胡;instrument:竹笛;song_and_dance,traditional,,0.0,True,,0,0
sIeDikm8DiI,1,youtube,https://www.youtube.com/watch?v=sIeDikm8DiI,《#赶牲灵 》#陕北民歌 ；演唱#老丁（丁文军） #守艺人-贰强 #黄土风情网,爱友美音,youtube:UC4_I0jkWGrn6yFsSu1v-CSQ,20220518.0,117.0,西北部高原,Northwest Plateau,NWP,Han,陕西,榆林吴堡,county,110.685475,37.588785,,,赶牲灵,赶牲灵,信天游,原生态,,Sdba92085,,C,"title: 陕北民歌, singer [singer] ([singer]); 吴堡 only in v1 area label",,check,,0.0,True,,295,4
SWwAgfVtYRk,1,youtube,https://www.youtube.com/watch?v=SWwAgfVtYRk,梅葛·相遇调 | Meige-Encounter Tune | 云南乡音 · 源生坊 #yunnan #indigenous #music #native,Yunnan Village Music,youtube:UCXhlRMysR-I6OZi_a8H9lFQ,20260624.0,515.0,西南多民族古老原始文化民歌区,Southwest Multi-ethnic,SWM,minority,云南,楚雄姚安,county,101.321931,24.874184,彝,,梅葛·相遇调,梅葛相遇调,梅葛,field,,,,C,title: 梅葛 love song; county only in v1 label,,traditional,,0.0588235294117647,True,,131,3
UIQQnV2CfI0,1,youtube,https://www.youtube.com/watch?v=UIQQnV2CfI0,槐花几时开  蔡绍序,Dowen L,youtube:UCvS-SHKZy9ZnbntNy5ig4LA,20131208.0,133.0,西南高原,Southwest Plateau,SWP,Han,四川,宜宾,prefecture,104.637629,28.572053,汉,,槐花几时开,槐花几时开,山歌,民族唱法,,S8ed7e9ad,,C,"description: arranged 丁善德, 1962 piano accompaniment",,check,,0.0,True,,132,2
gP_MHf7QKvk,1,youtube,https://www.youtube.com/watch?v=gP_MHf7QKvk,长歌 (赣南民歌，送郎调),黄玉英 - Topic,youtube:UCeM32vMoM7twe-a96Bth8lQ,20220210.0,192.0,赣,Gan,GAN,Han,江西,赣南,province,115.732975,27.636112,,,长歌（送郎调）,长歌,采茶调,民族唱法,,S67cefc9b,,C,title: 赣南民歌 album 采茶金曲 track,,traditional,,0.0,True,,103,1
1k9TZOd8ivQ,1,youtube,https://www.youtube.com/watch?v=1k9TZOd8ivQ,潮州民歌：《嫂教姑》,luxlux555,youtube:UCu_9RySjm-m7knjGuMU9R1A,20080301.0,250.0,闽台,Min–Tai,MT,Han,广东,潮汕,province,113.429919,23.334643,,,嫂教姑,嫂教姑,潮州歌谣,民族唱法,,,,C,title: 潮州民歌,,traditional,,0.0,True,,299,2
wygWU8bxJ2Y,1,youtube,https://www.youtube.com/watch?v=wygWU8bxJ2Y,小白菜（河北民歌）,彭丽媛 - Topic,youtube:UCr_tjlNYNtAQacA3fQkrPjg,20260529.0,192.0,东北部平原,Northeast Plain,NEP,Han,河北,,province,114.502461,38.045474,,,小白菜,小白菜,小调,民族唱法,,S46c7fe5d,,C,title: 河北民歌 album track,,traditional,,0.0,True,,0,0
0ysiHGvz2X0,1,youtube,https://www.youtube.com/watch?v=0ysiHGvz2X0,Chinese Mongolian Ethnicity Folk Song - Nuoen Jiya 蒙古族民歌 《诺恩吉雅》中国音乐地图 听见内蒙古 瑞鸣音乐 Rhymoi Music,Musical Map of China 中国音乐地图.瑞鸣音乐 Rhymoi Music,youtube:UCN19zbpNCX9lrbKreffuSAQ,20211221.0,127.0,北方草原文化民歌区,Northern Steppe,NS,minority,内蒙古,科尔沁,county,122.280573,43.651865,蒙古,,诺恩吉雅,诺恩吉雅,科尔沁民歌,原生态,,Scfc9c709,,A2,"Musical Map of China description: named singer, 地区 内蒙古科尔沁 (county stated)",series:musical_map_of_china;unaccompanied,traditional,,0.0,True,,0,0
HhwBQMqQCVE,1,youtube,https://www.youtube.com/watch?v=HhwBQMqQCVE,山歌唱來鬧連連 #徐木珍「老十二月古人」,客家電視 HakkaTV,youtube:UCyGUGDvCeXapYlu8FYZHFag,20141212.0,215.0,客家特区,Hakka,HAK,Han,台湾,新竹,province,120.971485,23.749452,汉,客家,老十二月古人,老十二月古人,小调,原生态,,S1b42b1dc,,C,"channel/title: 客家电视 山歌 programme; singer named, no locality in text",,traditional,,0.0,True,,302,4
Z-L9_m0tkPQ,1,youtube,https://www.youtube.com/watch?v=Z-L9_m0tkPQ,Chinese Kazakh Ethnicity Folk Song - The Blue Quo Ke River 哈萨克族民歌 《蓝色的阔克河》 中国音乐地图 听见新疆 瑞鸣音乐 Rhymoi,Musical Map of China 中国音乐地图.瑞鸣音乐 Rhymoi Music,youtube:UCN19zbpNCX9lrbKreffuSAQ,20211119.0,188.0,新疆民歌区,Xinjiang,XJ,minority,新疆,北疆,province,85.294711,41.371801,哈萨克,,蓝色的阔克河,蓝色的阔克河,哈萨克民歌,原生态,,S77c64afe,,C,description: composer/lyricist 阿帕克·玛依塔班,series:musical_map_of_china;accompanied;instrument:萨孜斯尔乃;instrument:打击乐;instrument:冬不拉;instrument:杰特根;instrument:库布孜,composed,,0.0,False,composed,0,0
ftZdTrTUGbc,1,youtube,https://www.youtube.com/watch?v=ftZdTrTUGbc,绣荷包（湖北民歌）,吴碧霞 - Topic,youtube:UCq7RbMXHyzf-A3TAjZc-kqA,20260529.0,204.0,江汉,Jiang–Han,JHN,Han,湖北,,province,112.271301,30.987527,,,绣荷包,绣荷包,小调,民族唱法,,Sb37ed55a,,C,title: 湖北民歌; album track,,traditional,,0.0,True,,0,0
WhL_Dw1_cR8,1,youtube,https://www.youtube.com/watch?v=WhL_Dw1_cR8,Chinese Zhoushan Fisherman’s song - Four Seasons Fishing Song  舟山渔歌 《四汛渔歌》 中国音乐地图 听见浙江 瑞鸣音乐 Rhymoi,Musical Map of China 中国音乐地图.瑞鸣音乐 Rhymoi Music,youtube:UCN19zbpNCX9lrbKreffuSAQ,20211116.0,172.0,江浙平原,Jiangsu–Zhejiang Plain,JZP,Han,浙江,舟山,prefecture,122.146805,30.056563,汉,,四汛渔歌,四汛渔歌#WhL_Dw1_cR8,渔歌,原生态,,Sf447877b,,C,description: 地区 浙江 only; Rhymoi series,series:musical_map_of_china;unaccompanied;multiple_singers,traditional,,0.0,True,,0,0
QT39HoiStcw,1,youtube,https://www.youtube.com/watch?v=QT39HoiStcw,◆揚州清曲◆《茉莉花》江淮官話、揚州话、淮左、下江,"廣陵雪 Kuangq lingz shyeh, Guãng Líng xuêc.",youtube:UC_-90lgkcHvT8n-IDn4Fh6g,20170506.0,165.0,江淮,Jiang–Huai,JH,Han,江苏,扬州,prefecture,119.479719,32.737224,,,茉莉花（扬州清曲）,茉莉花,清曲/小调,原生态,,,,C,"description: 扬州清曲 茉莉花, city anthem since 2003; web material",,check,,0.0,True,,0,0
0tab4L1fE9A,1,youtube,https://www.youtube.com/watch?v=0tab4L1fE9A,Chinese Hunan Female scripts - Golden Lump Girls  湖南永州女书《金坨女》中国音乐地图 听见湖南 瑞鸣音乐 Rhymoi Music,Musical Map of China 中国音乐地图.瑞鸣音乐 Rhymoi Music,youtube:UCN19zbpNCX9lrbKreffuSAQ,20221221.0,151.0,湘,Xiang,XIA,Han,湖南,永州,prefecture,111.734581,25.774386,汉,,金坨女,金坨女,女书歌,原生态,,S9d5f0542,,C,description: 地区 永州 (city); Rhymoi studio series; 女书 chant,series:musical_map_of_china;unaccompanied;multiple_singers,traditional,,0.0,True,,0,0
X5sIndwDEQc,1,youtube,https://www.youtube.com/watch?v=X5sIndwDEQc,卖懒,Rimsky Fu,youtube:UC_KALJErkU9wHfc3maX4fPQ,20180215.0,123.0,粤,Yue,YUE,Han,广东,广府,province,113.429919,23.334643,,,卖懒,卖懒,童谣/年俗歌,other,,,,C,description: 方言民俗 lecture series,,traditional,,0.0833333333333333,True,,308,4
-h_UvfEjHN0,1,youtube,https://www.youtube.com/watch?v=-h_UvfEjHN0,Chinese Tibetan Ethnicity Folk Music - On the top of the East Hill 藏族民间音乐 囊玛《东山顶上.吉白尼玛》中国音乐地图 听见西藏,Musical Map of China 中国音乐地图.瑞鸣音乐 Rhymoi Music,youtube:UCN19zbpNCX9lrbKreffuSAQ,20211229.0,212.0,藏族民歌区,Tibetan,TIB,minority,西藏,拉萨,prefecture,91.091762,30.037072,藏,,吉白尼玛（东山顶上）,吉白尼玛,囊玛,原生态,,S4ba18b26,,C,"description: Rhymoi studio series; 囊玛, 地区 拉萨",series:musical_map_of_china;accompanied;instrument:铁庆;instrument:扬琴;instrument:扎念;instrument:京胡;instrument:竹笛,traditional,,0.0,True,,0,0
Aw6Xi-lGMno,1,youtube,https://www.youtube.com/watch?v=Aw6Xi-lGMno,一首原汁原味的《羊肚子手巾三道道蓝》演唱：丁文军贰强,陕北之声,youtube:UCvMrvQCTZxZfi8P7mf53JBw,20230509.0,179.0,西北部高原,Northwest Plateau,NWP,Han,陕西,陕北,province,108.887114,35.263661,,,羊肚子手巾三道道蓝,羊肚子手巾三道道蓝,信天游,原生态,,S8d06f17f,,C,"title: singers named, 陕北 only",,traditional,,0.0,True,,295,4
_RrD4HHGvrU,1,youtube,https://www.youtube.com/watch?v=_RrD4HHGvrU,"Hani polyphonic folk song 哈尼族多声部民歌 of Yunnan, southwest China",dbadagna,youtube:UCEVEsOLJ5NFpEJe7N5nbNhA,20200403.0,551.0,西南多民族古老原始文化民歌区,Southwest Multi-ethnic,SWM,minority,云南,红河县阿扎河乡,county,102.235013,23.244348,哈尼,,哈尼族多声部民歌,哈尼族多声部民歌,多声部民歌,field,,,,B,"description: probably filmed in Azahe township, Honghe County, c.2018; dbadagna",,traditional,,0.0,True,,0,0
E_L3naWc6_0,1,youtube,https://www.youtube.com/watch?v=E_L3naWc6_0,槐花几时开 四川唱法 云南唱法,LeoZhou音容安在-旧曲新闻,youtube:UCK77wVIxHZdNx-eajolPoCA,20230804.0,100.0,西南高原,Southwest Plateau,SWP,Han,四川,宜宾,prefecture,104.637629,28.572053,汉,,槐花几时开,槐花几时开,山歌,民族唱法,,,,C,description: comparison of Sichuan vs Yunnan tunes,,check,,0.0,True,,312,4
OPblXc1nYwA,1,youtube,https://www.youtube.com/watch?v=OPblXc1nYwA,姐在房中,黄玉英 - Topic,youtube:UCeM32vMoM7twe-a96Bth8lQ,20260615.0,152.0,赣,Gan,GAN,Han,江西,赣南,province,115.732975,27.636112,,,姐在房中,姐在房中,小调,民族唱法,,S67cefc9b,,C,title only; album 渔家女,,traditional,,0.0,True,,103,1
7TXFR_Cvryw,1,youtube,https://www.youtube.com/watch?v=7TXFR_Cvryw,潮州歌曲《怨父怨母怨媒人》,luxlux555,youtube:UCu_9RySjm-m7knjGuMU9R1A,20090506.0,247.0,闽台,Min–Tai,MT,Han,广东,潮汕,province,113.429919,23.334643,,,怨父怨母怨媒人,怨父怨母怨媒人,潮州歌谣,民族唱法,,,,C,title: 潮州歌曲,,traditional,,0.0,True,,299,2
0ubXXbE48pc,1,youtube,https://www.youtube.com/watch?v=0ubXXbE48pc,探情郎 The Visit  ( 東北民歌 ) — 演唱 : 劉韻 Liu Yun,Law Law,youtube:UCfBsdiIwbc8DHnpKNiACqyg,20190108.0,269.0,东北部平原,Northeast Plain,NEP,Han,东北,,none,,,,,探情郎,探情郎,小调,民族唱法,,Sac90e1ca,,C,title: 東北民歌,,traditional,,0.0,True,,315,2
ToAWzA7w2dE,1,youtube,https://www.youtube.com/watch?v=ToAWzA7w2dE,Chinese Mongolian Ethnicity Folk Song - Mountain Tuerji  蒙古族短调民歌《吐尔基山》中国音乐地图 听见内蒙古 瑞鸣音乐 Rhymoi Music,Musical Map of China 中国音乐地图.瑞鸣音乐 Rhymoi Music,youtube:UCN19zbpNCX9lrbKreffuSAQ,20211201.0,118.0,北方草原文化民歌区,Northern Steppe,NS,minority,内蒙古,科尔沁,county,122.280573,43.651865,蒙古,,吐尔基山,吐尔基山,科尔沁短调,原生态,,S0d9ba7a7,,A2,"Musical Map of China description: named singer, 地区 内蒙古科尔沁 (county stated)",series:musical_map_of_china;unaccompanied,check,,0.0,True,,0,0
_WK2A-n-93Q,1,youtube,https://www.youtube.com/watch?v=_WK2A-n-93Q,【鬧熱打擂台】張美珍-老山歌,鬧熱打擂台,youtube:UCFm2uLFFU9dDD_phXAGV2vg,20150623.0,135.0,客家特区,Hakka,HAK,Han,台湾,,province,120.971485,23.749452,汉,客家,老山歌,老山歌#_WK2A-n-93Q,老山歌,原生态,,S4d8fed93,,C,channel: 客家电视 contest show; no locality,,traditional,,0.0,True,,317,2
3FilfLi9opI,1,youtube,https://www.youtube.com/watch?v=3FilfLi9opI,Chinese Kazakh Ethnicity Folk Song - A Lady Named “Ahe Bayan” 哈萨克族民歌《 阿合巴彦》 中国音乐地图 听见新疆 瑞鸣音乐 Rhymoi,Musical Map of China 中国音乐地图.瑞鸣音乐 Rhymoi Music,youtube:UCN19zbpNCX9lrbKreffuSAQ,20211119.0,280.0,新疆民歌区,Xinjiang,XJ,minority,新疆,北疆,province,85.294711,41.371801,哈萨克,,阿合巴彦,阿合巴彦,哈萨克民歌,原生态,,Sb84a3206,,C,description: 地区 新疆 only,series:musical_map_of_china;accompanied;instrument:阿德热娜,check,,0.0,True,,0,0
9TH4BhGFqvE,1,youtube,https://www.youtube.com/watch?v=9TH4BhGFqvE,高清彩色修复1958年著名歌唱家蒋桂英湖北碟子《哪有闲空回娘家》珍藏版,凡人超员,youtube:UCgItXd4_aa3k8tUHwxWSljQ,20211111.0,152.0,江汉,Jiang–Han,JHN,Han,湖北,,province,112.271301,30.987527,,,哪有闲空回娘家,哪有闲空回娘家,小调,民族唱法,,Sf98a3a0f,,C,title: 1958 湖北碟子 restored video,,check,,0.0666666666666666,True,,280,3
pOjyGIKgFGU,1,youtube,https://www.youtube.com/watch?v=pOjyGIKgFGU,Chinese Zhoushan Fisherman’s song - Zhoushan Seafood Chant  舟山渔歌 《舟山海鲜小唱》 中国音乐地图 听见浙江 瑞鸣音乐 Rhymoi,Musical Map of China 中国音乐地图.瑞鸣音乐 Rhymoi Music,youtube:UCN19zbpNCX9lrbKreffuSAQ,20211116.0,316.0,江浙平原,Jiangsu–Zhejiang Plain,JZP,Han,浙江,舟山,prefecture,122.146805,30.056563,汉,,舟山海鲜小唱,舟山海鲜小唱,渔歌/小调,原生态,,Sf447877b,,C,description: 地区 浙江 only; Rhymoi series,series:musical_map_of_china;unaccompanied;multiple_singers,check,,0.03125,True,,0,0
ekfwLIY9xAI,1,youtube,https://www.youtube.com/watch?v=ekfwLIY9xAI,"Haizhou Wu Da Gongdiao 海州五大宫调 music from northeastern Jiangsu 江苏省, China",dbadagna,youtube:UCEVEsOLJ5NFpEJe7N5nbNhA,20240808.0,568.0,江淮,Jiang–Huai,JH,Han,江苏,连云港海州区,county,119.426577,34.621139,,,海州五大宫调,海州五大宫调,宫调/小曲,原生态,,,,B,"description: Haizhou District performance, Lianyungang art institute co-production, 2023",,traditional,,0.0,True,,0,0
zuP5bN2NnZM,1,youtube,https://www.youtube.com/watch?v=zuP5bN2NnZM,[原声天籁——中国民歌盛典]湖南桑植民歌《马桑树儿搭灯台》 演唱：吴廷翠 杨一方|CCTV,CCTV中国中央电视台,youtube:UCcLK3j-XWdGBnt5bR9NJHaQ,20231217.0,143.0,湘,Xiang,XIA,Han,湖南,张家界桑植,county,110.181928,29.562013,,,马桑树儿搭灯台,马桑树儿搭灯台,山歌,原生态,,S20182ef2,,C,"title: CCTV gala, 桑植民歌",,traditional,,0.0,True,,0,0
40AJUf8E-Fk,1,youtube,https://www.youtube.com/watch?v=40AJUf8E-Fk,經典粵語童謠兒歌 - 氹氹轉,Katie Huang,youtube:UC0kf-k8vOAGKSAv0wLBBxYA,20170126.0,121.0,粤,Yue,YUE,Han,广东,广府,province,113.429919,23.334643,,,氹氹转,氹氹转,童谣,other,,,,C,title: 粤语童谣 only,,composed,minor,0.0,False,composed,323,3
RGSfVDILpyQ,1,youtube,https://www.youtube.com/watch?v=RGSfVDILpyQ,Chinese Tibetan Ethnicity Folk Music - Auspicious Garden  藏族民间音乐 囊玛《吉祥百花园 . 扎拉西巴》中国音乐地图 听见西藏 Rhymoi,Musical Map of China 中国音乐地图.瑞鸣音乐 Rhymoi Music,youtube:UCN19zbpNCX9lrbKreffuSAQ,20211229.0,278.0,藏族民歌区,Tibetan,TIB,minority,西藏,拉萨,prefecture,91.091762,30.037072,藏,,扎拉西巴（吉祥百花园）,扎拉西巴,囊玛,原生态,,S4ba18b26,,C,"description: Rhymoi studio series; 囊玛, 地区 拉萨",series:musical_map_of_china;accompanied;instrument:铁庆;instrument:扎念,traditional,,0.0,True,,0,0
d4v-4QD-tHQ,1,youtube,https://www.youtube.com/watch?v=d4v-4QD-tHQ,贰强老丁经典陕北民歌《泪蛋蛋抛在沙蒿蒿林》老歌越听越醇香！,陕北之声,youtube:UCvMrvQCTZxZfi8P7mf53JBw,20230429.0,153.0,西北部高原,Northwest Plateau,NWP,Han,陕西,陕北,province,108.887114,35.263661,,,泪蛋蛋抛在沙蒿蒿林,泪蛋蛋抛在沙蒿蒿林,信天游,原生态,,S28d631f4,,C,"title: singers named, 陕北 only",,traditional,,0.0,True,,295,4
SM7DuHsV4nI,1,youtube,https://www.youtube.com/watch?v=SM7DuHsV4nI,Chinese Hani Ethnicity Folk Song - Lullaby of Aini People - He Le Le  哈尼族民歌 《爱伲人摇篮曲》 中国音乐地图 听见云南 瑞鸣,Musical Map of China 中国音乐地图.瑞鸣音乐 Rhymoi Music,youtube:UCN19zbpNCX9lrbKreffuSAQ,20211120.0,231.0,西南多民族古老原始文化民歌区,Southwest Multi-ethnic,SWM,minority,云南,西双版纳,prefecture,100.94391,21.930146,哈尼,爱伲,爱伲人摇篮曲,爱伲人摇篮曲,摇篮曲,原生态,,Sf7ba932f,,C,description: Rhymoi studio series; 地区 云南 only,series:musical_map_of_china;unaccompanied,traditional,,0.0,True,,0,0
0lD_dLxdu9I,1,youtube,https://www.youtube.com/watch?v=0lD_dLxdu9I,#周强Music #槐花几时开#四川山歌 #宜宾民歌 #等槐花开也等你来,Music 周强,youtube:UCi9Rpxd_b_0ZgCf4JN-o1Ew,20220228.0,161.0,西南高原,Southwest Plateau,SWP,Han,四川,宜宾,prefecture,104.637629,28.572053,汉,,槐花几时开,槐花几时开,山歌,民族唱法,,Sce184bc5,,C,title: 宜宾民歌 hashtag; tenor channel,,check,,0.0,True,,327,3
wHT8lIYxfJw,1,youtube,https://www.youtube.com/watch?v=wHT8lIYxfJw,倒采茶 (石城民歌),黄玉英 - Topic,youtube:UCeM32vMoM7twe-a96Bth8lQ,20220210.0,127.0,赣,Gan,GAN,Han,江西,赣州石城,county,116.365656,26.300598,,,倒采茶,倒采茶,采茶调,民族唱法,,S570cf39c,,C,title: 石城民歌 album track,,traditional,,0.0,True,,103,1
Yavc2Zuh-lc,1,youtube,https://www.youtube.com/watch?v=Yavc2Zuh-lc,Fujian Nanyin -  Scenes of the Four Seasons| 福建南音《四时景》中国音乐地图 听见福建 Rhymoi Music,Musical Map of China 中国音乐地图.瑞鸣音乐 Rhymoi Music,youtube:UCN19zbpNCX9lrbKreffuSAQ,20260217.0,412.0,闽台,Min–Tai,MT,Han,福建,泉州,prefecture,118.267651,25.202187,,,四时景（南音）,四时景,南音,原生态,,,,C,description: 地区 泉州 (city); Rhymoi series; 南音 vocal art music,series:musical_map_of_china;accompanied;instrument:执拍;instrument:琵琶;instrument:洞箫;instrument:三弦;instrument:二弦,traditional,,0.0,True,,0,0
zcxLM7VLNSA,1,youtube,https://www.youtube.com/watch?v=zcxLM7VLNSA,东北民歌《摇篮曲》  演唱：王月忱,Mary Lee,youtube:UCpxW4eaQ3PHNudBUZNPu4tA,20190115.0,261.0,东北部平原,Northeast Plain,NEP,Han,东北,,none,,,,,摇篮曲（东北）,摇篮曲,摇篮曲/小调,民族唱法,,S648a38c0,,C,title: 东北民歌,,check,,0.0,True,,330,4
3foZSFe8QyA,1,youtube,https://www.youtube.com/watch?v=3foZSFe8QyA,Chinese Mongolian Ethnicity Folk Song - The Song of Bridal Procession in Erdos 蒙古族民歌 《鄂尔多斯送亲歌》中国音乐地图,Musical Map of China 中国音乐地图.瑞鸣音乐 Rhymoi Music,youtube:UCN19zbpNCX9lrbKreffuSAQ,20211221.0,145.0,北方草原文化民歌区,Northern Steppe,NS,minority,内蒙古,鄂尔多斯,prefecture,108.637375,39.425314,蒙古,,鄂尔多斯送亲歌,鄂尔多斯送亲歌,婚礼歌/短调,原生态,,Sc397a136,,C,description: 地区 鄂尔多斯 only,series:musical_map_of_china;accompanied;instrument:马头琴;instrument:扬琴,traditional,,0.0,True,,0,0
byhvICWMMfQ,1,youtube,https://www.youtube.com/watch?v=byhvICWMMfQ,客家新樂園#44-平板(謝其國),客家電視 HakkaTV,youtube:UCyGUGDvCeXapYlu8FYZHFag,20100412.0,223.0,客家特区,Hakka,HAK,Han,台湾,,province,120.971485,23.749452,汉,客家,平板,平板,平板,原生态,,S7f4c3bee,,C,channel: 客家电视 music show; no locality,,traditional,,0.0,True,,302,4
mFgFLUkOw00,1,youtube,https://www.youtube.com/watch?v=mFgFLUkOw00,Chinese Kazakh Ethnicity Folk Song - Singing Swan - “Gakku” 哈萨克族民歌 《白天鹅在歌唱 . 嘎克库》 中国音乐地图 听见新疆 瑞鸣音乐,Musical Map of China 中国音乐地图.瑞鸣音乐 Rhymoi Music,youtube:UCN19zbpNCX9lrbKreffuSAQ,20211119.0,185.0,新疆民歌区,Xinjiang,XJ,minority,新疆,北疆,province,85.294711,41.371801,哈萨克,,嘎克库（白天鹅在歌唱）,嘎克库,哈萨克民歌,原生态,,Scfabc042,,C,description: 地区 新疆 only,series:musical_map_of_china;accompanied;instrument:冬不拉,traditional,,0.0,True,,0,0
IqzboWeGius,1,youtube,https://www.youtube.com/watch?v=IqzboWeGius,浠水民歌《一把芝麻撒上天》,五邑人,youtube:UCU1hFwtYb7ptbJ-BwRcsd_Q,20220220.0,248.0,江汉,Jiang–Han,JHN,Han,湖北,黄冈浠水,county,115.267657,30.502627,,,一把芝麻撒上天,一把芝麻撒上天,小调,民族唱法,,,,C,title: 浠水民歌 only,,traditional,,0.0,True,,53,2
Fvq3ufHx0Kg,1,youtube,https://www.youtube.com/watch?v=Fvq3ufHx0Kg,四季棉花（常熟民歌）,LeoZhou音容安在-旧曲新闻,youtube:UCK77wVIxHZdNx-eajolPoCA,20221018.0,71.0,江浙平原,Jiangsu–Zhejiang Plain,JZP,Han,江苏,苏州常熟,county,120.822992,31.658797,,,四季棉花,四季棉花,小调,民族唱法,,,,C,title: 常熟民歌; blog repost of a Bilibili recording,,check,,0.0,True,,312,4
oQxc_gJwXTk,1,youtube,https://www.youtube.com/watch?v=oQxc_gJwXTk,"Taihe qingyin 太和清音 narrative singing from Anhui, China",dbadagna,youtube:UCEVEsOLJ5NFpEJe7N5nbNhA,20211005.0,207.0,江淮,Jiang–Huai,JH,Han,安徽,阜阳太和,county,115.641424,33.331497,,,太和清音,太和清音,清音/小曲,原生态,,S05a2d088,省级: 太和清音,A2,"description: Zhang Hongkui (b.1943), Province-Level Transmitter of Taihe qingyin; filmed Taihe County 2016",,traditional,,0.7619047619047619,False,speech,0,0
Z3OC9hNVbzA,1,youtube,https://www.youtube.com/watch?v=Z3OC9hNVbzA,[中国民歌大会]湖南桑植民歌《马桑树儿搭灯台》 演唱：龙仙娥,CCTV中国中央电视台,youtube:UCcLK3j-XWdGBnt5bR9NJHaQ,20161007.0,139.0,湘,Xiang,XIA,Han,湖南,张家界桑植,county,110.181928,29.562013,,,马桑树儿搭灯台,马桑树儿搭灯台,山歌,民族唱法,,S58b3ba4f,,C,"title: CCTV 民歌大会, 桑植民歌",,traditional,,0.0,True,,0,0
ZyOeDJ7USmQ,1,youtube,https://www.youtube.com/watch?v=ZyOeDJ7USmQ,汕尾渔歌《斗歌》,mankwan CHONG,youtube:UCT_NbAIPYAyBrOQYitt4kWw,20170917.0,377.0,粤,Yue,YUE,Han,广东,汕尾,prefecture,115.53778,23.004558,,,汕尾渔歌·斗歌,汕尾渔歌斗歌,渔歌,原生态,,,,C,title: 汕尾渔歌 only; video forwarded by a viewer,,traditional,,0.0,True,,338,2
WNH-d21FgX4,1,youtube,https://www.youtube.com/watch?v=WNH-d21FgX4,Chinese Tibetan Ethnicity Folk Song - Happy Cradle 藏族民歌 《幸福的摇篮 . 珠桑桑》中国音乐地图 听见四川 瑞鸣音乐 Rhymoi Music,Musical Map of China 中国音乐地图.瑞鸣音乐 Rhymoi Music,youtube:UCN19zbpNCX9lrbKreffuSAQ,20211226.0,190.0,藏族民歌区,Tibetan,TIB,minority,四川,阿坝,county,101.764537,32.879299,藏,,珠桑桑（幸福的摇篮）,珠桑桑,藏族民歌,原生态,,S87de8b3d,,C,description: Rhymoi studio series; 地区 阿坝 (prefecture),series:musical_map_of_china;unaccompanied,traditional,,0.0,True,,0,0
a2WhZHavLA0,1,youtube,https://www.youtube.com/watch?v=a2WhZHavLA0,贰强老丁现场一首经典陕北民歌《一对对鸳鸯水上漂》原汁原味很…,陕北之声,youtube:UCvMrvQCTZxZfi8P7mf53JBw,20230428.0,226.0,西北部高原,Northwest Plateau,NWP,Han,陕西,陕北,province,108.887114,35.263661,,,一对对鸳鸯水上漂,一对对鸳鸯水上漂,信天游,原生态,,S28d631f4,,C,"title: singers named, 陕北 only",,check,,0.0,True,,295,4
LcXA95RnigM,1,youtube,https://www.youtube.com/watch?v=LcXA95RnigM,Chinese Hani Ethnicity Folk Song - Parents’ Loving-kindness - “Ka Pin” 哈尼族民歌 《父母恩》 中国音乐地图 听见云南 瑞鸣音乐,Musical Map of China 中国音乐地图.瑞鸣音乐 Rhymoi Music,youtube:UCN19zbpNCX9lrbKreffuSAQ,20211120.0,149.0,西南多民族古老原始文化民歌区,Southwest Multi-ethnic,SWM,minority,云南,普洱,prefecture,100.722321,23.188037,哈尼,,父母恩,父母恩,哈尼族民歌,原生态,,Sf0a42ba2,,C,description: Rhymoi studio series; 地区 普洱,series:musical_map_of_china;unaccompanied,traditional,,0.0,True,,0,0
jw3tQwFRgCA,1,youtube,https://www.youtube.com/watch?v=jw3tQwFRgCA,康定情歌 喻宜萱 懷舊金曲 歌詞版,Kent Music,youtube:UCPFYG_pzk4gJ4bKBwDvWoww,20230315.0,148.0,西南高原,Southwest Plateau,SWP,Han,四川,康定,county,101.747501,29.958079,汉,,康定情歌,康定情歌#jw3tQwFRgCA,小调/溜溜调,民族唱法,,Sb59e122e,,C,title: historical recording; lyric video,,check,,0.0,True,,342,2
8VJa8w3tkE8,1,youtube,https://www.youtube.com/watch?v=8VJa8w3tkE8,送表哥 (赣南采茶调),刘远泉 - Topic,youtube:UCpd9lAPPwEZgDtj7dLZRyqQ,20211231.0,151.0,赣,Gan,GAN,Han,江西,赣南,province,115.732975,27.636112,,,送表哥,送表哥,采茶调,民族唱法,,S8831ecdb,,C,title: 赣南采茶调; 2020 release,,traditional,,0.0,True,,343,0
aoR6TD8tFGM,1,youtube,https://www.youtube.com/watch?v=aoR6TD8tFGM,Fujian Nanyin -  Three Thousand Taels of Gold| 福建南音《三千两金》中国音乐地图 听见福建 Rhymoi Music,Musical Map of China 中国音乐地图.瑞鸣音乐 Rhymoi Music,youtube:UCN19zbpNCX9lrbKreffuSAQ,20260217.0,229.0,闽台,Min–Tai,MT,Han,福建,泉州,prefecture,118.267651,25.202187,,,三千两金（南音）,三千两金,南音,原生态,,,,C,description: 地区 泉州; Rhymoi series,series:musical_map_of_china;accompanied;instrument:执拍;instrument:琵琶;instrument:洞箫;instrument:三弦;instrument:二弦,traditional,,0.0,True,,0,0
fqtiBkLCKIA,1,youtube,https://www.youtube.com/watch?v=fqtiBkLCKIA,回娘家（河北民歌）,朱明瑛 - Topic,youtube:UCoF7Ae9mq4BbKIzlfCx7Hsw,20260529.0,133.0,东北部平原,Northeast Plain,NEP,Han,河北,,province,114.502461,38.045474,,,回娘家,回娘家,小调,民族唱法,,S293d4481,,C,title: 河北民歌 album track,,composed,,0.0,False,composed,345,2
UDASvgM0A1g,1,youtube,https://www.youtube.com/watch?v=UDASvgM0A1g,Chinese  Mongolian Ethnicity Folk Songs - Ganzhuer Buride | 蒙古族民歌《甘珠尔布日德》中国音乐地图 听见内蒙古 瑞鸣音乐 Rhymoi,Musical Map of China 中国音乐地图.瑞鸣音乐 Rhymoi Music,youtube:UCN19zbpNCX9lrbKreffuSAQ,20250325.0,174.0,北方草原文化民歌区,Northern Steppe,NS,minority,内蒙古,呼伦贝尔海拉尔,county,120.012381,49.256481,蒙古,,甘珠尔布日德,甘珠尔布日德,短调,原生态,,S5b6ea0e6,,A2,"Musical Map of China description: named singer, 地区 内蒙古呼伦贝尔海拉尔 (county stated)",series:musical_map_of_china;accompanied;instrument:马头琴,traditional,,0.0,True,,0,0
hrFlrlHT4ZA,1,youtube,https://www.youtube.com/watch?v=hrFlrlHT4ZA,古慧慧 天公落水,李安哲,youtube:UCWWmvM3Q8DMhd3RuWMaESSQ,20120620.0,137.0,客家特区,Hakka,HAK,Han,台湾,,province,120.971485,23.749452,汉,客家,天公落水,天公落水,童谣/民谣,民族唱法,,S0bd3c30e,,C,title/tags: 原唱 [singer]; no place,,check,,0.0,True,,347,1
NGY5HIru7Bo,1,youtube,https://www.youtube.com/watch?v=NGY5HIru7Bo,Chinese Kazakh Ethnicity Folk Song - My Lark  哈萨克族民歌 《我的百灵鸟 》 中国音乐地图 听见新疆 瑞鸣音乐 Rhymoi Music,Musical Map of China 中国音乐地图.瑞鸣音乐 Rhymoi Music,youtube:UCN19zbpNCX9lrbKreffuSAQ,20211119.0,163.0,新疆民歌区,Xinjiang,XJ,minority,新疆,北疆,province,85.294711,41.371801,哈萨克,,我的百灵鸟,我的百灵鸟,哈萨克民歌,原生态,,Sb84a3206,,C,description: 地区 新疆 only,series:musical_map_of_china;accompanied;instrument:冬不拉,check,,0.0,True,,0,0
1fSojWskbtM,1,youtube,https://www.youtube.com/watch?v=1fSojWskbtM,SONG Zuying - Dragon Boat Song 宋祖英 龙船调,ChineseFolkSong,youtube:UC3E1reye_peERBHAfOiA6mw,20111105.0,241.0,江汉,Jiang–Han,JHN,Han,湖北,恩施利川,county,109.510768,30.303234,土家,,龙船调,龙船调,灯歌,民族唱法,,S3e851362,,C,title: 龙船调; description: Song Zuying is Miao,,check,exclude,0.0,False,label,349,3
NaBZiGiy3Wo,1,youtube,https://www.youtube.com/watch?v=NaBZiGiy3Wo,王一山演唱乐清山歌《对鸟》,这里是温州,youtube:UC7jIR797RHYXCPuJph_KhFg,20191122.0,215.0,江浙平原,Jiangsu–Zhejiang Plain,JZP,Han,浙江,温州乐清,county,121.018675,28.24076,,,对鸟,对鸟,山歌,民族唱法,,S5cdfad71,,A2,"description: Wang Yishan, native of Wenzhou Lucheng, national first-class performer; song is 乐清山歌 (locality of singer differs from song)",,check,,0.0,True,,350,1
LhxqS1ju5bg,1,youtube,https://www.youtube.com/watch?v=LhxqS1ju5bg,"Shucheng xiao diao huqin shu 舒城小调胡琴书 from Anhui, China",dbadagna,youtube:UCEVEsOLJ5NFpEJe7N5nbNhA,20180422.0,560.0,江淮,Jiang–Huai,JH,Han,安徽,六安舒城万佛湖镇白鹿村,county,116.821705,31.304272,,,舒城小调,舒城小调#LhxqS1ju5bg,小调/胡琴书,原生态,,S9a900ec1,(level not stated): 舒城小调胡琴书 传承人,A2,"description: huqin shu transmitter Wang Junmin of Bailu village, Wanfohu town; filmed Shucheng 2017",,traditional,,0.25,True,,0,0
MyTOAeEKgog,1,youtube,https://www.youtube.com/watch?v=MyTOAeEKgog,马桑树儿搭灯台（湖南民歌）,Release - Topic,youtube:UCPPi9dzJKhClausjVb9iHSw,20260529.0,238.0,湘,Xiang,XIA,Han,湖南,张家界桑植,county,110.181928,29.562013,,,马桑树儿搭灯台,马桑树儿搭灯台,山歌,民族唱法,,S1648b775,,C,title: 湖南民歌 album track,,traditional,,0.0,True,,352,1
XJ1sdYU2rU0,1,youtube,https://www.youtube.com/watch?v=XJ1sdYU2rU0,"Longzhou shuochang 龙舟说唱 (dragon boat narrative singing) from Guangdong, China",dbadagna,youtube:UCEVEsOLJ5NFpEJe7N5nbNhA,20191016.0,290.0,粤,Yue,YUE,Han,广东,佛山顺德杏坛镇逢简水乡,county,113.183864,22.841371,,,龙舟歌（龙舟说唱）,龙舟歌,龙舟说唱,field,,,,B,"description: probably filmed at Fengjian water town, Xingtan Town, Shunde; dbadagna",,traditional,,0.2758620689655172,True,,0,0
Td-C28CdRuo,1,youtube,https://www.youtube.com/watch?v=Td-C28CdRuo,Chinese Tibetan Ethnicity Folk Song - The Snow Mountain Top  藏族民歌 《雪宝山顶 . 夏旭冬日》中国音乐地图 听见四川 瑞鸣音乐,Musical Map of China 中国音乐地图.瑞鸣音乐 Rhymoi Music,youtube:UCN19zbpNCX9lrbKreffuSAQ,20211226.0,150.0,藏族民歌区,Tibetan,TIB,minority,四川,阿坝松潘,county,103.529039,32.616721,藏,,夏旭冬日（雪宝山顶）,夏旭冬日,藏族民歌,原生态,,S87de8b3d,,A2,"Musical Map of China description: named singer, 地区 四川阿坝松潘 (county stated)",series:musical_map_of_china;accompanied;instrument:曼陀铃,traditional,,0.0,True,,0,0
D5bpPxPYXAw,1,youtube,https://www.youtube.com/watch?v=D5bpPxPYXAw,老丁经典陕北民歌《小桃红》原汁原味儿味道十足！#陕北之声,陕北之声,youtube:UCvMrvQCTZxZfi8P7mf53JBw,20230629.0,109.0,西北部高原,Northwest Plateau,NWP,Han,陕西,陕北,province,108.887114,35.263661,,,小桃红,小桃红,小调,原生态,,Sdba92085,,C,"title: singer named, 陕北 only",,traditional,,0.0,True,,295,4
6e515bjubmc,1,youtube,https://www.youtube.com/watch?v=6e515bjubmc,Chinese Zhuang Ethnicity Folk Song - Staying together Day and Night 壮族民歌《日夜相守 . 长嘹、哟依嘹 》中国音乐地图 听见广西,Musical Map of China 中国音乐地图.瑞鸣音乐 Rhymoi Music,youtube:UCN19zbpNCX9lrbKreffuSAQ,20211218.0,156.0,西南多民族古老原始文化民歌区,Southwest Multi-ethnic,SWM,minority,广西,百色平果,county,107.570345,23.535047,壮,,日夜相守（长嘹）,日夜相守,壮族嘹歌,原生态,,Sb37ff5ab,,A2,"Musical Map of China description: named singer, 地区 广西平果 (county stated)",series:musical_map_of_china;unaccompanied;multiple_singers,check,,0.0,True,,0,0
nE-sLijay0A,1,youtube,https://www.youtube.com/watch?v=nE-sLijay0A,[中国民歌大会]康定民歌《康定情歌》 演唱：云朵 雨禾,CCTV中国中央电视台,youtube:UCcLK3j-XWdGBnt5bR9NJHaQ,20161004.0,111.0,西南高原,Southwest Plateau,SWP,Han,四川,康定,county,101.747501,29.958079,汉,,康定情歌,康定情歌#nE-sLijay0A,小调/溜溜调,民族唱法,,Sef41a303,,C,title: CCTV 民歌大会,,check,,0.0,True,,0,0
jPJlt9VQdDg,1,youtube,https://www.youtube.com/watch?v=jPJlt9VQdDg,客家歌 （ 送郎调 ~ 卢致苑 / 周欢唱 江西  赣州采茶歌舞剧团）,edmundchf,youtube:UC0_Dz-GDd-re6vQd2902fmw,20130628.0,362.0,赣,Gan,GAN,Han,江西,赣州,prefecture,115.279217,25.710043,,,送郎调,送郎调,采茶调,民族唱法,,S19aad1dd,,C,title: 赣州采茶歌舞剧团 at 2008 Singapore event,,traditional,exclude,0.0,False,label,43,2
Xjq8utUuf2s,1,youtube,https://www.youtube.com/watch?v=Xjq8utUuf2s,Fujian Nanyin -  Straight into the Garden| 福建南音《直入花园》中国音乐地图 听见福建 Rhymoi Music,Musical Map of China 中国音乐地图.瑞鸣音乐 Rhymoi Music,youtube:UCN19zbpNCX9lrbKreffuSAQ,20260217.0,197.0,闽台,Min–Tai,MT,Han,福建,泉州,prefecture,118.267651,25.202187,,,直入花园（南音）,直入花园,南音,原生态,,,,C,description: 地区 泉州; Rhymoi series,series:musical_map_of_china;accompanied;instrument:执拍;instrument:琵琶;instrument:洞箫;instrument:三弦;instrument:二弦,traditional,,0.0,True,,0,0
bSx8xQmaNCc,1,youtube,https://www.youtube.com/watch?v=bSx8xQmaNCc,放风筝 (女声独唱),单秀荣 - Topic,youtube:UCkrbAGeLiIHb2eg41jQxyjQ,20251009.0,130.0,东北部平原,Northeast Plain,NEP,Han,河北,,province,114.502461,38.045474,,,放风筝,放风筝,小调,民族唱法,,S695751ee,,C,title: 放风筝; album 1970,,traditional,,0.0,True,,225,2
Z70PtcIQ1YI,1,youtube,https://www.youtube.com/watch?v=Z70PtcIQ1YI,Chinese Mongolian Ethnicity Folk Song - The Holy Genghis Khan 蒙古族民歌 《圣主成吉思汗》中国音乐地图 听见内蒙古 瑞鸣音乐 Rhymoi,Musical Map of China 中国音乐地图.瑞鸣音乐 Rhymoi Music,youtube:UCN19zbpNCX9lrbKreffuSAQ,20211221.0,209.0,北方草原文化民歌区,Northern Steppe,NS,minority,内蒙古,,province,114.077429,44.331087,蒙古,,圣主成吉思汗,圣主成吉思汗,潮尔道,原生态,,S4571eba6,,C,description: 地区 内蒙古 only,series:musical_map_of_china;accompanied;instrument:马头琴;instrument:低音马头琴;instrument:扬琴;multiple_singers,check,,0.0,True,,0,0
tb3ZwHwKcRM,1,youtube,https://www.youtube.com/watch?v=tb3ZwHwKcRM,天公落水／客家歌謠,黃金豬,youtube:UCCD2rPImfRR_G2uPZzGUPMA,20250623.0,94.0,客家特区,Hakka,HAK,Han,台湾,,province,120.971485,23.749452,汉,客家,天公落水,天公落水,童谣/民谣,instrumental,,,,C,"title only; kalimba cover (description: Tab, #Kalimba)",,check,,0.0,False,arrangement,362,4
E3KLmaYnhAk,1,youtube,https://www.youtube.com/watch?v=E3KLmaYnhAk,Chinese Kazakh Ethnicity Folk Song - Ah Love - “Halia” 哈萨克族民歌 《哈利亚 》 中国音乐地图 听见新疆 瑞鸣音乐 Rhymoi Music,Musical Map of China 中国音乐地图.瑞鸣音乐 Rhymoi Music,youtube:UCN19zbpNCX9lrbKreffuSAQ,20211119.0,190.0,新疆民歌区,Xinjiang,XJ,minority,新疆,北疆,province,85.294711,41.371801,哈萨克,,哈利亚,哈利亚,哈萨克民歌,原生态,,Scfabc042,,C,description: 地区 新疆 only,series:musical_map_of_china;accompanied;instrument:冬不拉,traditional,,0.0,True,,0,0
ZSCJAMaLuUY,1,youtube,https://www.youtube.com/watch?v=ZSCJAMaLuUY,湖北民歌：龙船调,Liang Zhang,youtube:UC-WMt8lej41cbpipQc6GyVg,20160708.0,135.0,江汉,Jiang–Han,JHN,Han,湖北,恩施利川,county,109.510768,30.303234,土家,,龙船调,龙船调,灯歌,民族唱法,,Sd1b78106,,C,description: Vienna Golden Hall 2009 with Vienna orchestra,,check,exclude,0.0769230769230769,False,label,364,1
wEPOUo67Rxw,1,youtube,https://www.youtube.com/watch?v=wEPOUo67Rxw,[中国民歌大会]浙江乐清民歌《对鸟》 演唱：黄作波 宋婷,CCTV中国中央电视台,youtube:UCcLK3j-XWdGBnt5bR9NJHaQ,20161010.0,213.0,江浙平原,Jiangsu–Zhejiang Plain,JZP,Han,浙江,温州乐清,county,121.018675,28.24076,,,对鸟,对鸟,山歌,民族唱法,,Sfd4ac47a,,C,title: 乐清民歌 CCTV 民歌大会,,traditional,,0.0,True,,0,0
yKhy4vUTq3U,1,youtube,https://www.youtube.com/watch?v=yKhy4vUTq3U,"Huaibei dagu 淮北大鼓 narrative singing from northern Anhui 安徽省, China",dbadagna,youtube:UCEVEsOLJ5NFpEJe7N5nbNhA,20221229.0,463.0,江淮,Jiang–Huai,JH,Han,安徽,淮北,prefecture,116.74441,33.720047,,,淮北大鼓,淮北大鼓,大鼓/说唱,原生态,,Se670b13d,,C,description: performer named; probably filmed Huaibei (city),,traditional,,0.0,True,,0,0
KNBsle69H9Y,1,youtube,https://www.youtube.com/watch?v=KNBsle69H9Y,桑植民歌《郎在高山打一望》“哎哟我的阿哥我的阿哥呀幺妹我河边洗衣裳心里想着郎哟...”,田园市井生活,youtube:UCQJEO5NXmUyRcw1_9Vau_wA,20231130.0,156.0,湘,Xiang,XIA,Han,湖南,张家界桑植,county,110.181928,29.562013,,,郎在高山打一望,郎在高山打一望,山歌,other,,,,C,title: 桑植民歌 only,,traditional,,0.0,True,,367,1
yoPK17B4TyU,1,youtube,https://www.youtube.com/watch?v=yoPK17B4TyU,中山咸水歌,龍鸣中山咸水歌,youtube:UCu4T0tVJgeC7dynpatZRuTQ,20210227.0,224.0,粤,Yue,YUE,Han,广东,中山,prefecture,113.398784,22.517323,,,咸水歌（中山，曲目未标）,咸水歌#yoPK17B4TyU,咸水歌,原生态,,,,C,title: 中山咸水歌 only,,traditional,,0.1363636363636363,True,,8,1
5XfZIS7rdfQ,1,youtube,https://www.youtube.com/watch?v=5XfZIS7rdfQ,Chinese Tibetan Ethnicity Folk Song - Listen to Our blessingsi 藏族民歌 《听我们的祝福 . 来迪荣泰》中国音乐地图 听见四川 瑞鸣,Musical Map of China 中国音乐地图.瑞鸣音乐 Rhymoi Music,youtube:UCN19zbpNCX9lrbKreffuSAQ,20211226.0,273.0,藏族民歌区,Tibetan,TIB,minority,四川,阿坝黑水,county,103.051268,32.161978,藏,,来迪荣泰（听我们的祝福）,来迪荣泰,藏族民歌,原生态,,S629d9833,,A2,"Musical Map of China description: named singer, 地区 四川阿坝黑水 (county stated)",series:musical_map_of_china;unaccompanied;multiple_singers,traditional,,0.0,True,,0,0
QWtL4Ep3Hpk,1,youtube,https://www.youtube.com/watch?v=QWtL4Ep3Hpk,脚夫调 (清唱版),贺国丰 - Topic,youtube:UCXZcX-Ox5nMc4HSo1gAMurw,20211109.0,186.0,西北部高原,Northwest Plateau,NWP,Han,陕西,陕北,province,108.887114,35.263661,,,脚夫调,脚夫调,信天游,原生态,,Sdf7a8a44,,C,channel: studio album track,,traditional,,0.0,True,,370,2
vKvjIOT2C9M,1,youtube,https://www.youtube.com/watch?v=vKvjIOT2C9M,Zhuang Ethnicity Folk Music - Mountain Song in Napo 壮族《那坡山歌》中国音乐地图 听见广西 瑞鸣音乐 Rhymoi Music,Musical Map of China 中国音乐地图.瑞鸣音乐 Rhymoi Music,youtube:UCN19zbpNCX9lrbKreffuSAQ,20211223.0,177.0,西南多民族古老原始文化民歌区,Southwest Multi-ethnic,SWM,minority,广西,百色那坡,county,105.826792,23.241804,壮,,那坡山歌,那坡山歌#vKvjIOT2C9M,山歌,instrumental,,S924dc747,,C,description: only ma gu hu instrument credited ([singer]); 地区 广西,series:musical_map_of_china;accompanied;instrument:马骨胡,traditional,,0.0,True,,0,0
K6VhJlESchM,1,youtube,https://www.youtube.com/watch?v=K6VhJlESchM,康定情歌   The Love Song Of Kangding,Dragon Music,youtube:UChR8Zi1y8vpydEL9bkUir-Q,20151010.0,189.0,西南高原,Southwest Plateau,SWP,Han,四川,康定,county,101.747501,29.958079,汉,,康定情歌,康定情歌#K6VhJlESchM,小调/溜溜调,民族唱法,,S7efadef2,,C,description: cover by Long Piaopiao,,check,exclude,0.0,False,label;arrangement,372,1
zfjhhsLbPaw,1,youtube,https://www.youtube.com/watch?v=zfjhhsLbPaw,张丽娟、杨一楠演唱江西赣南民歌《送郎调》 旋律悦耳 韵味十足 [民歌中国] | 中国音乐电视 Music TV,中国音乐电视 Music TV,youtube:UCK3uufpnv3u6waDYJXmx6Kg,20241102.0,285.0,赣,Gan,GAN,Han,江西,赣南,province,115.732975,27.636112,,,送郎调,送郎调,采茶调,民族唱法,,Sc65084da,,C,title: 民歌中国 TV,,traditional,,0.0,True,,270,4
2Whe3RFtxsw,1,youtube,https://www.youtube.com/watch?v=2Whe3RFtxsw,牛犁歌,江蕙 - Topic,youtube:UCJHd5tIDLb6YuNg3L_Ad15A,20191115.0,196.0,闽台,Min–Tai,MT,Han,台湾,,province,120.971485,23.749452,,,牛犁歌,牛犁歌,车鼓调/小调,other,,Sbbe1b39b,,C,credits: lyricist 许丙丁; 1990 pop album,,check,exclude,0.0,False,label;arrangement,374,1
XIxzeMG2J4E,1,youtube,https://www.youtube.com/watch?v=XIxzeMG2J4E,尤国通、冯丽媛演唱河北民歌《小放牛》 旋律欢快亲切！[民歌中国] | 中国音乐电视 Music TV,中国音乐电视 Music TV,youtube:UCK3uufpnv3u6waDYJXmx6Kg,20221008.0,132.0,东北部平原,Northeast Plain,NEP,Han,河北,,province,114.502461,38.045474,,,小放牛,小放牛,小调,民族唱法,,S4bf7c9c7,,C,title: 河北民歌 TV,,check,,0.0,True,,270,4
vmEhCMKfPTA,1,youtube,https://www.youtube.com/watch?v=vmEhCMKfPTA,Chinese Mongolian Ethnicity Folk Song - The Auspicious Tree 蒙古族民歌 《吉祥树》中国音乐地图 听见内蒙古 瑞鸣音乐 Rhymoi,Musical Map of China 中国音乐地图.瑞鸣音乐 Rhymoi Music,youtube:UCN19zbpNCX9lrbKreffuSAQ,20211221.0,193.0,北方草原文化民歌区,Northern Steppe,NS,minority,内蒙古,科尔沁,county,122.280573,43.651865,蒙古,,吉祥树,吉祥树,叙事民歌,原生态,,S3862d9b5,,A2,"Musical Map of China description: named singer, 地区 内蒙古科尔沁 (county stated)",series:musical_map_of_china;accompanied;instrument:中音四胡;instrument:高音四胡;multiple_singers,check,,0.0,True,,0,0
UaEpYiBj2LM,1,youtube,https://www.youtube.com/watch?v=UaEpYiBj2LM,客家童谣《月光光》,江西广播电视台今视频 China Jiangxi Radio Network,youtube:UC0KKWfv47jyBj6sIKNhZNow,20230421.0,100.0,客家特区,Hakka,HAK,Han,江西,赣南,province,115.732975,27.636112,汉,客家,月光光,月光光,童谣,other,,,,C,channel: Jiangxi TV; 童谣 only,,traditional,,0.0,True,,377,4
QJrOHYQDWXY,1,youtube,https://www.youtube.com/watch?v=QJrOHYQDWXY,VR Xinjiang: Kazakh folk song represents herders' thoughts for beloved during migration,CGTN,youtube:UCgrNz-aDmcr2uuto8_DL2jg,20211020.0,158.0,新疆民歌区,Xinjiang,XJ,minority,新疆,,province,85.294711,41.371801,哈萨克,,Kerim Aiday（克里木阿依达）,kerimaiday,哈萨克民歌,原生态,,S61d8b747,,C,"description: CGTN VR news clip, no place; singers named only",,check,,0.0,True,,378,3
vvsup0_wXGo,1,youtube,https://www.youtube.com/watch?v=vvsup0_wXGo,[越战越勇]于翌欣演唱湖北民歌《龙船调》超好听| CCTV综艺,第艺流,youtube:UCbPGTXpszh94pJYVfJ8lHbQ,20210113.0,103.0,江汉,Jiang–Han,JHN,Han,湖北,恩施利川,county,109.510768,30.303234,土家,,龙船调,龙船调,灯歌,民族唱法,,S897d92d1,,C,title: CCTV amateur singing contest,,check,,0.0,True,,379,0
VgOqLTVknUY,1,youtube,https://www.youtube.com/watch?v=VgOqLTVknUY,"黄晓演唱浙江民歌《对鸟》 传承民间文化韵味,声音空灵悦耳 [民歌中国] | 中国音乐电视Music TV",中国音乐电视 Music TV,youtube:UCK3uufpnv3u6waDYJXmx6Kg,20260608.0,200.0,江浙平原,Jiangsu–Zhejiang Plain,JZP,Han,浙江,温州乐清,county,121.018675,28.24076,,,对鸟,对鸟,山歌,民族唱法,,Se560090b,,C,title: 浙江民歌; TV,,traditional,,0.0,True,,270,4
wFDN_waKpK4,1,youtube,https://www.youtube.com/watch?v=wFDN_waKpK4,凤阳歌（安徽民歌）,Release - Topic,youtube:UCQP5o1faMEeiE1F-RrKG-9Q,20260529.0,168.0,江淮,Jiang–Huai,JH,Han,安徽,滁州凤阳,county,117.604448,32.787502,,,凤阳歌,凤阳歌,花鼓/小调,民族唱法,,Se7e2279c,,C,title: 凤阳民歌 album track,,traditional,,0.0,True,,280,3
qhdiFYd6TxI,1,youtube,https://www.youtube.com/watch?v=qhdiFYd6TxI,郎从门前过 (湖南桑植民歌),Release - Topic,youtube:UC2BiZNmttMrS5kc_pfI3osA,20260330.0,137.0,湘,Xiang,XIA,Han,湖南,张家界桑植,county,110.181928,29.562013,,,郎从门前过,郎从门前过,山歌,民族唱法,,S1648b775,,C,"title: 桑植民歌; 1988 album, credits lyricist 李欣",,check,,0.0,True,,352,1
6CA15Aszbgk,1,youtube,https://www.youtube.com/watch?v=6CA15Aszbgk,《水乡情》（高堂歌）#（咸水歌）,五邑人,youtube:UCU1hFwtYb7ptbJ-BwRcsd_Q,20220126.0,239.0,粤,Yue,YUE,Han,广东,中山,prefecture,113.398784,22.517323,,,水乡情（高堂歌）,水乡情,高堂歌（咸水歌）,民族唱法,,,,C,title only; 高堂歌 style,,check,,0.0,True,,53,2
8-7TPhDd4GE,1,youtube,https://www.youtube.com/watch?v=8-7TPhDd4GE,Chinese Tibetan Ethnicity Folk Songs - Song of Happiness | 青海藏族民歌《幸福之歌》中国音乐地图  听见青海 瑞鸣音乐 Rhymoi,Musical Map of China 中国音乐地图.瑞鸣音乐 Rhymoi Music,youtube:UCN19zbpNCX9lrbKreffuSAQ,20240111.0,316.0,藏族民歌区,Tibetan,TIB,minority,青海,海南藏族自治州,province,109.754859,19.189767,藏,,幸福之歌,幸福之歌,安多地区藏族民歌,原生态,,S8772e923,,C,description: Rhymoi studio series; 地区 海南州 (prefecture),series:musical_map_of_china;unaccompanied,traditional,,0.0,True,,0,0
k1h_rBQe5bk,1,youtube,https://www.youtube.com/watch?v=k1h_rBQe5bk,【纯享】冀爱芳、崔瑞宁演唱山西左权开花调《樱桃好吃树难栽》原汁原味太好听！| CCTV「原声天籁——中国民歌盛典」,CCTV中国中央电视台,youtube:UCcLK3j-XWdGBnt5bR9NJHaQ,20231114.0,220.0,西北部高原,Northwest Plateau,NWP,Han,山西,晋中左权,county,113.469312,37.02506,,,樱桃好吃树难栽,樱桃好吃树难栽,开花调,原生态,,S944f897f,,C,"title: CCTV gala, 左权开花调 genre",,traditional,,0.0,True,,0,0
pDhI6OWU8zs,1,youtube,https://www.youtube.com/watch?v=pDhI6OWU8zs,冷海兰花草香原生态对唱，广西柳州鱼峰歌圩，壮族壮语民歌山歌3,ultraWYY,youtube:UCqFuqhe2N825yLgS6DSdZcw,20250803.0,317.0,西南多民族古老原始文化民歌区,Southwest Multi-ethnic,SWM,minority,广西,柳州鱼峰,county,109.415364,24.303848,壮,,壮族山歌对唱（鱼峰歌圩）,壮族山歌对唱,歌圩对歌,field,,,,B,title: 柳州鱼峰歌圩 antiphonal singing in Zhuang; amateur field recording,,traditional,,0.0,True,,386,4
OQ2vNwJ9eTw,1,youtube,https://www.youtube.com/watch?v=OQ2vNwJ9eTw,这才是原生态！刘娟深情演绎四川民歌《溜溜山歌》唱出了山野的自由感 好听极了 [民歌中国] | 中国音乐电视Music TV,中国音乐电视 Music TV,youtube:UCK3uufpnv3u6waDYJXmx6Kg,20260323.0,170.0,西南高原,Southwest Plateau,SWP,Han,四川,,province,102.693453,30.674545,汉,,溜溜山歌,溜溜山歌#OQ2vNwJ9eTw,山歌,民族唱法,,S93ed3b63,,C,title: 四川民歌 TV,,traditional,,0.0,True,,270,4
Kvvy0eOsge8,1,youtube,https://www.youtube.com/watch?v=Kvvy0eOsge8,青草小河边 (江西牧童山歌),小蓓蕾组合 - Topic,youtube:UCtw3OqPUgIsb8MYcUCyVHgw,20220128.0,167.0,赣,Gan,GAN,Han,江西,,province,115.732975,27.636112,,,青草小河边,青草小河边,牧童山歌,other,,S8a79440d,,C,"credits: composer/lyricist 吴颂今, children's group",,composed,,0.0,False,composed,388,4
sS48VlpA9eI,1,youtube,https://www.youtube.com/watch?v=sS48VlpA9eI,牛犁歌    台灣民謠  阿美娜(朱豔華) 劉福助 唱  許石編曲,Charles Hsu,youtube:UCt3Adp05dZt1_cyiicirEDg,20200521.0,144.0,闽台,Min–Tai,MT,Han,台湾,,province,120.971485,23.749452,,,牛犁歌,牛犁歌,车鼓调/小调,民族唱法,,Sa172d6dd,,C,title: arranged by 许石,,check,,0.0,True,,389,0
vPgVF2NMwOw,1,youtube,https://www.youtube.com/watch?v=vPgVF2NMwOw,刘和刚演唱东北民歌《月牙五更》 唱出黑土地情怀 十分有代入感 [民歌中国] | 中国音乐电视 Music TV,中国音乐电视 Music TV,youtube:UCK3uufpnv3u6waDYJXmx6Kg,20250423.0,161.0,东北部平原,Northeast Plain,NEP,Han,东北,,none,,,,,月牙五更,月牙五更,小调,民族唱法,,S916a0f95,,C,title: 东北民歌,,traditional,,0.0,True,,270,4
WRCl1bp4pIo,1,youtube,https://www.youtube.com/watch?v=WRCl1bp4pIo,Chinese Mongolian Ethnicity Folk Song - Sixty Elms 蒙古族民歌 《六十棵榆树》中国音乐地图 听见内蒙古 瑞鸣音乐 Rhymoi Music,Musical Map of China 中国音乐地图.瑞鸣音乐 Rhymoi Music,youtube:UCN19zbpNCX9lrbKreffuSAQ,20211221.0,239.0,北方草原文化民歌区,Northern Steppe,NS,minority,内蒙古,鄂尔多斯,prefecture,108.637375,39.425314,蒙古,,六十棵榆树,六十棵榆树,短调,原生态,,Sae4aa8ba,,C,description: composer 巴音达赉 (1902); 地区 鄂尔多斯,series:musical_map_of_china;accompanied;instrument:扬琴,composed,,0.0,False,composed,0,0
zvjsoWQGA0I,1,youtube,https://www.youtube.com/watch?v=zvjsoWQGA0I,"9 客家童谣：月光光秀才郎   张琳, 中国梅州",International Institute for Hakka Studies IIHS,youtube:UCi0796A7ZoNfOTVVOu-cwLg,20210303.0,198.0,客家特区,Hakka,HAK,Han,广东,梅州,prefecture,116.084478,24.201791,汉,客家,月光光秀才郎,月光光秀才郎,童谣,other,,S7817e10a,,C,title: 中国梅州 (city) ; Zoom New Year gathering,,traditional,,0.05,True,,392,2
tiICOkEMA3o,1,youtube,https://www.youtube.com/watch?v=tiICOkEMA3o,Chinese Tajik Ethnicity Folk Song - Gloomy Love   塔吉克族民歌 《忧伤的爱情 . 法拉克》中国音乐地图 听见新疆 瑞鸣音乐 Rhymoi Music,Musical Map of China 中国音乐地图.瑞鸣音乐 Rhymoi Music,youtube:UCN19zbpNCX9lrbKreffuSAQ,20211208.0,266.0,新疆民歌区,Xinjiang,XJ,minority,新疆,塔什库尔干,province,85.294711,41.371801,塔吉克,,法拉克（忧伤的爱情）,法拉克,塔吉克民歌,原生态,,S663f01d2,,C,description: 地区 新疆 only (county from v1 label); Rhymoi series,series:musical_map_of_china;accompanied;instrument:夏西塔尔,traditional,,0.0,True,,0,0
dRh0WCJk-Ds,1,youtube,https://www.youtube.com/watch?v=dRh0WCJk-Ds,洪湖赤卫队插曲：《洪湖水浪打浪》，王玉珍演唱，经典革命歌曲，无法超越的精典老歌，原汁原味，令人百听不厌。,RedBay Music,youtube:UCNpDk0Var-tutd9Y4oVUJdw,20210814.0,175.0,江汉,Jiang–Han,JHN,Han,湖北,洪湖,county,113.538129,29.994385,,,洪湖水浪打浪,洪湖水浪打浪,歌剧选曲（据民歌改编）,民族唱法,,Se6a4ce7e,,C,description: created 1958 for opera 洪湖赤卫队,,composed,,0.0,False,composed,394,4
mK9sGWsYx4A,1,youtube,https://www.youtube.com/watch?v=mK9sGWsYx4A,《无锡景》江苏民歌 程桂兰,nyjs1,youtube:UCqDij_vW9DgRvFLgwqVwZUA,20180114.0,197.0,江浙平原,Jiangsu–Zhejiang Plain,JZP,Han,江苏,无锡,prefecture,120.301663,31.574729,,,无锡景,无锡景,小调,民族唱法,,S4b3b8603,,C,"description: Cheng Guilan born Nantong, raised Suzhou, military troupe soprano",,traditional,,0.05,True,,395,2
7nda7MODcZM,1,youtube,https://www.youtube.com/watch?v=7nda7MODcZM,王三姐赶集（安徽凤阳民歌）,Release - Topic,youtube:UCJjG6AmlkAPdPcnKfGq55Ig,20260529.0,178.0,江淮,Jiang–Huai,JH,Han,安徽,滁州凤阳,county,117.604448,32.787502,,,王三姐赶集,王三姐赶集,小调,民族唱法,,Sfd4eadb2,,C,title: 凤阳民歌 album track,,traditional,,0.0,True,,255,1
CBWLjShyFTw,1,youtube,https://www.youtube.com/watch?v=CBWLjShyFTw,【仝卓】 张家界民歌 桑植民歌《棒棒捶在岩板上》,Mousike仝卓Tong,youtube:UCTyMRXA7eU63f5RsTFnzwXg,20220513.0,230.0,湘,Xiang,XIA,Han,湖南,张家界桑植,county,110.181928,29.562013,,,棒棒捶在岩板上,棒棒捶在岩板上,山歌,民族唱法,,S357fc1ee,,C,title: 桑植民歌,,traditional,,0.0,True,,397,4
lPIY7TStzdI,1,youtube,https://www.youtube.com/watch?v=lPIY7TStzdI,【大澳舢舨歌謠】玲姐用咸水歌唱詠水上人故事！一曲歌聲道盡傳統漁村歲月痕跡,大澳文化協會,youtube:UCfEYKYnmRI81AnMgNwsxL4A,20260818.0,100.0,粤,Yue,YUE,Han,香港,大澳,province,114.134357,22.377366,,,大澳舢舨歌謠,大澳舢舨歌謠,咸水歌,原生态,,S3157b5ac,,A2,description: Tai O resident 玲姐 ([singer]) sings Tai O 嘆詠,,traditional,,0.0,True,,398,4
gJ3xt0bM4y8,1,youtube,https://www.youtube.com/watch?v=gJ3xt0bM4y8,Chinese Tibetan Ethnicity Folk Songs - My Sweetheart | 青海藏族民歌《心上的人》中国音乐地图  听见青海 瑞鸣音乐 Rhymoi,Musical Map of China 中国音乐地图.瑞鸣音乐 Rhymoi Music,youtube:UCN19zbpNCX9lrbKreffuSAQ,20240111.0,293.0,藏族民歌区,Tibetan,TIB,minority,青海,海北祁连,county,99.716996,38.312177,藏,,心上的人,心上的人,安多地区藏族民歌,原生态,,Sb2964a84,,A2,"Musical Map of China description: named singer, 地区 青海省海北藏族自治州祁连县 (county stated)",series:musical_map_of_china;unaccompanied,traditional,,0.0,True,,0,0
WoOc55MqciY,1,youtube,https://www.youtube.com/watch?v=WoOc55MqciY,[中国民歌大会]山西左权开花调《桃花红杏花白》 演唱：石占明,CCTV中国中央电视台,youtube:UCcLK3j-XWdGBnt5bR9NJHaQ,20161002.0,231.0,西北部高原,Northwest Plateau,NWP,Han,山西,晋中左权,county,113.469312,37.02506,,,桃花红杏花白,桃花红杏花白,开花调,原生态,,Sf808f2be,,C,"title: CCTV 民歌大会, 左权开花调",,traditional,,0.0,True,,0,0
lxj7e6ilPB0,1,youtube,https://www.youtube.com/watch?v=lxj7e6ilPB0,好花红 贵州布依族民歌,saibeixue,youtube:UCraFGXzFITNnuYRGeEnNXQA,20090625.0,199.0,西南多民族古老原始文化民歌区,Southwest Multi-ethnic,SWM,minority,贵州,黔南惠水,county,106.716953,25.977497,布依,,好花红,好花红,布依族民歌,other,,Sf7f0508a,,C,description: learner's cover of [singer] original,,check,exclude,0.0,False,label,401,4
mzLkgqIR2dE,1,youtube,https://www.youtube.com/watch?v=mzLkgqIR2dE,黄杨扁担（四川民歌）,俞淑琴 - Topic,youtube:UCJEHF-fKkAo5vVqsVFR-09A,20260529.0,111.0,西南高原,Southwest Plateau,SWP,Han,重庆,秀山,prefecture,109.018121,28.491722,汉,,黄杨扁担,黄杨扁担,花灯调/小调,民族唱法,,S2a04ff88,,C,title: 四川民歌 album track,,traditional,,0.0,True,,402,3
QTQKOQOVP-Y,1,youtube,https://www.youtube.com/watch?v=QTQKOQOVP-Y,武宁打鼓歌（薅草锣鼓）Wuning Drum Song,Daily Jiujiang,youtube:UCJmdccKWcTYmJhx1L-Zlhjw,20210305.0,195.0,赣,Gan,GAN,Han,江西,九江武宁,county,115.016025,29.257816,,,武宁打鼓歌,武宁打鼓歌,薅草锣鼓（田歌）,field,,,,B,"description: Wuning drum song filmed by 九江报业 reporter, county named; weeding performance",,traditional,minor,0.4210526315789473,False,speech,403,3
YI29-wTJmnA,1,youtube,https://www.youtube.com/watch?v=YI29-wTJmnA,六月茉莉,江蕙 - Topic,youtube:UCJHd5tIDLb6YuNg3L_Ad15A,20220824.0,180.0,闽台,Min–Tai,MT,Han,台湾,,province,120.971485,23.749452,,,六月茉莉,六月茉莉,小调,other,,Sbbe1b39b,,C,credits: 许丙丁; pop album,,check,exclude,0.0,False,label;arrangement,374,1
glEcIW82Rw0,1,youtube,https://www.youtube.com/watch?v=glEcIW82Rw0,张也演唱的歌曲《沂蒙山小调》超清超美超好听！,影音黄河,youtube:UCpu6joAhHHqDjrvq_23ozrw,20200302.0,201.0,东北部平原,Northeast Plain,NEP,Han,山东,临沂,prefecture,118.286421,35.311899,,,沂蒙山小调,沂蒙山小调#glEcIW82Rw0,小调,民族唱法,,S72773889,,C,title only,,composed,,0.0,False,composed,405,3
Ce2U9HNPxoQ,1,youtube,https://www.youtube.com/watch?v=Ce2U9HNPxoQ,Chinese  Mongolian Ethnicity Folk Songs - Erut Bride Escorting Song | 蒙古族民歌《厄鲁特送亲歌》中国音乐地图 听见内蒙古 瑞鸣音乐,Musical Map of China 中国音乐地图.瑞鸣音乐 Rhymoi Music,youtube:UCN19zbpNCX9lrbKreffuSAQ,20241128.0,136.0,北方草原文化民歌区,Northern Steppe,NS,minority,内蒙古,呼伦贝尔,prefecture,120.906902,49.635232,蒙古,,厄鲁特送亲歌,厄鲁特送亲歌,婚礼歌,原生态,,Sa80de389,,C,description: 地区 呼伦贝尔; Erut Mongolian language,series:musical_map_of_china;unaccompanied,traditional,,0.0,True,,0,0
PSVThcBBsLo,1,youtube,https://www.youtube.com/watch?v=PSVThcBBsLo,月光光_客家童謠.mpg#月光光,茱莉亞傳播,youtube:UC_ADLR8zU4uX4tNEkm7ruzg,20120311.0,172.0,客家特区,Hakka,HAK,Han,台湾,新北,province,120.971485,23.749452,,,月光光（客家童謠）,月光光,童谣,other,,,,C,description: 新北市客家事务局 production,,traditional,,0.0,True,,407,0
wt2ZwCMt5HI,1,youtube,https://www.youtube.com/watch?v=wt2ZwCMt5HI,Chinese Tajik Ethnicity Folk Song - Bala Make  塔吉克族民歌 《巴拉马克》中国音乐地图 听见新疆 瑞鸣音乐 Rhymoi Music,Musical Map of China 中国音乐地图.瑞鸣音乐 Rhymoi Music,youtube:UCN19zbpNCX9lrbKreffuSAQ,20211207.0,174.0,新疆民歌区,Xinjiang,XJ,minority,新疆,塔什库尔干,province,85.294711,41.371801,塔吉克,,巴拉马克,巴拉马克,塔吉克民歌,原生态,,S8f0ae89c,,C,description: 地区 新疆 only; Composition/Lyrics noted,series:musical_map_of_china;accompanied;instrument:都木吧克;instrument:艾捷克;instrument:低音热瓦甫;instrument:塔结达尔热瓦甫,check,,0.0,True,,0,0
gw19Y04P4s8,1,youtube,https://www.youtube.com/watch?v=gw19Y04P4s8,【纯享】一代人难忘的经典！陈涓、特仑演唱湖北民歌《洪湖水浪打浪》| CCTV「原声天籁——中国民歌盛典」,CCTV中国中央电视台,youtube:UCcLK3j-XWdGBnt5bR9NJHaQ,20231123.0,172.0,江汉,Jiang–Han,JHN,Han,湖北,洪湖,county,113.538129,29.994385,土家,,洪湖水浪打浪,洪湖水浪打浪,歌剧选曲（据民歌改编）,民族唱法,,S3017f1d4,,C,title: CCTV gala; song from 1958 opera,,composed,,0.0,False,composed,0,0
wJCGuZtLXp8,1,youtube,https://www.youtube.com/watch?v=wJCGuZtLXp8,江蘇民歌《無錫景》Beautiful Chinese song Chinese_ Wu language,bobby,youtube:UCq6HFU5U1GZQBBAkev3QRBg,20130901.0,175.0,江浙平原,Jiangsu–Zhejiang Plain,JZP,Han,江苏,无锡,prefecture,120.301663,31.574729,,,无锡景,无锡景,小调,民族唱法,,,,C,title: 江苏民歌 only,,traditional,,0.0,True,,410,1
Tj3wSdZJFEs,1,youtube,https://www.youtube.com/watch?v=Tj3wSdZJFEs,王学武、童怡然演唱安徽民歌《凤阳花鼓》 节奏欢快超喜庆！[原声天籁——中国民歌盛典] | 中国音乐电视 Music TV,中国音乐电视 Music TV,youtube:UCK3uufpnv3u6waDYJXmx6Kg,20231121.0,132.0,江淮,Jiang–Huai,JH,Han,安徽,滁州凤阳,county,117.604448,32.787502,,,凤阳花鼓,凤阳花鼓,花鼓/小调,民族唱法,,S2522966c,,C,title: TV gala duet,,traditional,,0.0,True,,270,4
ki5x1qnxAf4,1,youtube,https://www.youtube.com/watch?v=ki5x1qnxAf4,伴嫁歌,Hobbes Lee,youtube:UCeQgoWQfDNIR90Hvfnu6EHQ,20161114.0,218.0,湘,Xiang,XIA,Han,湖南,郴州嘉禾,county,112.407365,25.630813,,,伴嫁歌,伴嫁歌,伴嫁歌,原生态,,,,C,title/description: 嘉禾伴嫁歌 only,,traditional,,0.0,True,,412,3
uaYpQM8Y5U8,1,youtube,https://www.youtube.com/watch?v=uaYpQM8Y5U8,03蜑家船歌,Stephen Lee,youtube:UCgTO3NMYpSFEYiRawtiZalg,20200119.0,344.0,粤,Yue,YUE,Han,香港,珠三角疍家,province,114.134357,22.377366,汉,疍家,蜑家船歌,蜑家船歌,渔歌/咸水歌,other,,,,C,description: 2019 World Yangqin Congress concert programme,,check,,0.0,True,,413,0
-ymWYNEaQLM,1,youtube,https://www.youtube.com/watch?v=-ymWYNEaQLM,Chinese Tibetan Ethnicity Folk Songs - Horse Praising Song | 青海藏族民歌《赞马歌》中国音乐地图  听见青海 瑞鸣音乐 Rhymoi,Musical Map of China 中国音乐地图.瑞鸣音乐 Rhymoi Music,youtube:UCN19zbpNCX9lrbKreffuSAQ,20240111.0,145.0,藏族民歌区,Tibetan,TIB,minority,青海,海北祁连,county,99.716996,38.312177,藏,,赞马歌,赞马歌,安多地区藏族民歌,原生态,,Sb2964a84,,A2,"Musical Map of China description: named singer, 地区 青海省海北藏族自治州祁连县 (county stated)",series:musical_map_of_china;unaccompanied,traditional,,0.0,True,,0,0
uJuiC3u3sJs,1,youtube,https://www.youtube.com/watch?v=uJuiC3u3sJs,【纯享】听不够的信天游！石占明、崔瑞宁激情对唱山西民歌《圪梁梁》| CCTV「原声天籁——中国民歌盛典」,CCTV中国中央电视台,youtube:UCcLK3j-XWdGBnt5bR9NJHaQ,20231026.0,168.0,西北部高原,Northwest Plateau,NWP,Han,山西,,province,112.304436,37.618179,,,圪梁梁,圪梁梁,山曲/信天游,原生态,,S8d241b4d,,C,title: CCTV gala; song composed 1981,,composed,,0.0,False,composed,0,0
jJWxEf5Psas,1,youtube,https://www.youtube.com/watch?v=jJWxEf5Psas,Chinese Lisu Ethnicity Folk Song - Single Tree on the Hill  傈僳族民歌 《山上独木树》中国音乐地图 听见云南 瑞鸣音乐 Rhymoi,Musical Map of China 中国音乐地图.瑞鸣音乐 Rhymoi Music,youtube:UCN19zbpNCX9lrbKreffuSAQ,20211209.0,422.0,西南多民族古老原始文化民歌区,Southwest Multi-ethnic,SWM,minority,云南,怒江,prefecture,98.868904,26.962444,傈僳,,山上独木树,山上独木树,傈僳族民歌,原生态,,S9f7c28e6,,C,description: Rhymoi studio series; 地区 云南 only,series:musical_map_of_china;unaccompanied;multiple_singers,traditional,,0.0,True,,0,0
IJX_dFfh-4U,1,youtube,https://www.youtube.com/watch?v=IJX_dFfh-4U,《黄杨扁担》是一首充满乡土气息和生活情趣的重庆民歌。歌曲以黄杨扁担为线索，描绘了秀山县白粉墙村的风土人情。周强以自然、活泼的男高音演绎了这首传唱百年的经典之作。,Music 周强,youtube:UCi9Rpxd_b_0ZgCf4JN-o1Ew,20220910.0,179.0,西南高原,Southwest Plateau,SWP,Han,重庆,秀山白粉墙村,prefecture,109.018121,28.491722,汉,,黄杨扁担,黄杨扁担,花灯调/小调,民族唱法,,Sce184bc5,,C,title: tenor performance of the Xiushan song; village named as the song's subject,,traditional,,0.0,True,,327,3
GjdYYhQ5Chc,1,youtube,https://www.youtube.com/watch?v=GjdYYhQ5Chc,401 江西吉安遂川: 哭嫁 - 客家传统习俗 Jiangxi Ji'an Suichuan: Crying bride - Hakka traditional custom,客网,youtube:UCMwUC6k3oIZqvalPSJ8oXIQ,20220417.0,412.0,赣,Gan,GAN,Han,江西,吉安遂川,county,114.743834,27.137422,汉,客家,哭嫁,哭嫁,哭嫁歌,field,,,,B,"title: Suichuan bride-crying custom, Hakka village field video; 客网",,traditional,,0.0,True,,2,3
pDFx-_c9x6g,1,youtube,https://www.youtube.com/watch?v=pDFx-_c9x6g,六月茉莉 台灣民謠 許石1962採編,Willin Kan (瘋子),youtube:UCa-zmFcaHENk2v3leo5JYbQ,20260925.0,218.0,闽台,Min–Tai,MT,Han,台湾,,province,120.971485,23.749452,,,六月茉莉,六月茉莉,小调,民族唱法,,,,C,title: 许石 1962 collection and arrangement,,check,,0.0,True,,419,3
E0KkIKsfcNE,1,youtube,https://www.youtube.com/watch?v=E0KkIKsfcNE,包楞调 (高清) 彭丽媛演唱  中艺民族乐团小组伴奏  洪南成指挥,Ang Lam Seng,youtube:UCulmXzoGyEJ-Jife2GlTH_Q,20160510.0,131.0,东北部平原,Northeast Plain,NEP,Han,山东,菏泽成武,county,115.938579,34.9842,,,包楞调,包楞调,小调,民族唱法,,S46c7fe5d,,C,title only,,check,,0.0,True,,0,0
kKwd2UTpTzM,1,youtube,https://www.youtube.com/watch?v=kKwd2UTpTzM,Chinese Mongolian Ethnicity Folk Song - Blessing for the Bride 蒙古族民歌 《祝福新娘》中国音乐地图 听见内蒙古 瑞鸣音乐 Rhymoi,Musical Map of China 中国音乐地图.瑞鸣音乐 Rhymoi Music,youtube:UCN19zbpNCX9lrbKreffuSAQ,20211221.0,128.0,北方草原文化民歌区,Northern Steppe,NS,minority,内蒙古,,province,114.077429,44.331087,蒙古,,祝福新娘,祝福新娘,婚礼歌,原生态,,S98ffafa7,,C,description: 地区 内蒙古 only,series:musical_map_of_china;accompanied;instrument:马头琴;instrument:托布秀尔;instrument:口弦;multiple_singers,check,,0.0,True,,0,0
Etwt-1wHFZE,1,youtube,https://www.youtube.com/watch?v=Etwt-1wHFZE,送郎 feat. ​陳明珠,Ayugo Huang - Topic,youtube:UCxY8E2ZPxTo4B_4ki_Sqzcg,20220211.0,312.0,客家特区,Hakka,HAK,Han,台湾,,province,120.971485,23.749452,汉,客家,送郎,送郎,山歌/小调,other,,See8683c2,,C,"description: composer 黄连煜, album 黄泥路",,composed,,0.0,False,arrangement;composed,422,2
vyrCaHKKUZQ,1,youtube,https://www.youtube.com/watch?v=vyrCaHKKUZQ,Chinese Tajik Ethnicity Folk Song - An Ancient Song  塔吉克族民歌 《一首古老的歌 . 萨热贡》中国音乐地图 听见新疆 瑞鸣音乐 Rhymoi,Musical Map of China 中国音乐地图.瑞鸣音乐 Rhymoi Music,youtube:UCN19zbpNCX9lrbKreffuSAQ,20211207.0,315.0,新疆民歌区,Xinjiang,XJ,minority,新疆,塔什库尔干,province,85.294711,41.371801,塔吉克,,萨热贡（一首古老的歌）,萨热贡,塔吉克民歌,原生态,,S8f0ae89c,,C,description: 地区 新疆 only,series:musical_map_of_china;accompanied;instrument:都木吧克;instrument:艾捷克;instrument:低音热瓦甫;instrument:塔结达尔热瓦甫,traditional,,0.0,True,,0,0
a7YXlcnn8Co,1,youtube,https://www.youtube.com/watch?v=a7YXlcnn8Co,"Peng Liyuan 彭丽媛 - Honghu Waters, Wave upon Wave 洪湖水浪打浪",kwwkwwkww,youtube:UCG6djxZXJPa28tl3RB3D-RQ,20100627.0,198.0,江汉,Jiang–Han,JHN,Han,湖北,洪湖,county,113.538129,29.994385,,,洪湖水浪打浪,洪湖水浪打浪,歌剧选曲（据民歌改编）,民族唱法,,S46c7fe5d,,C,title only,,composed,exclude,0.0,False,label;composed,0,0
SGx66fj3ngQ,1,youtube,https://www.youtube.com/watch?v=SGx66fj3ngQ,《茉莉花》03 Jasmine 江苏民歌 程桂兰独唱 民乐伴奏,Redogful,youtube:UC9I49axZNa4eZq-PvZy5tyA,20100305.0,154.0,江浙平原,Jiangsu–Zhejiang Plain,JZP,Han,江苏,南京六合,county,118.841561,32.394058,,,茉莉花（江苏）,茉莉花,小调,民族唱法,,S4b3b8603,,C,title: 江苏民歌; v1 note on 六合 collection,,check,,0.0,True,,395,2
VMhwxMRZJGQ,1,youtube,https://www.youtube.com/watch?v=VMhwxMRZJGQ,[中国民歌大会]安徽五河民歌《摘石榴》 演唱：袁媛 梅媛军,CCTV中国中央电视台,youtube:UCcLK3j-XWdGBnt5bR9NJHaQ,20161007.0,82.0,江淮,Jiang–Huai,JH,Han,安徽,蚌埠五河,county,117.782624,33.147586,,,摘石榴,摘石榴,小调,民族唱法,,S6370f355,,C,title: 五河民歌 CCTV 民歌大会,,check,,0.0,True,,0,0
ILlNjy3d6Mo,1,youtube,https://www.youtube.com/watch?v=ILlNjy3d6Mo,嘉禾民歌-姐姐出嫁,Hobbes Lee,youtube:UCeQgoWQfDNIR90Hvfnu6EHQ,20161114.0,303.0,湘,Xiang,XIA,Han,湖南,郴州嘉禾,county,112.407365,25.630813,,,姐姐出嫁,姐姐出嫁,伴嫁歌,原生态,,,,C,title/description: 嘉禾伴嫁歌 only,,traditional,,0.0,True,,412,3
KX4YwtcEaAI,1,youtube,https://www.youtube.com/watch?v=KX4YwtcEaAI,走马看天下·舞唱天下：非遗·儋州调声·嘱姑九点半,Going To See The World Mr. Gong,youtube:UCqkUtSZG4Puu99Zst_Ddz8g,20210512.0,148.0,粤,Yue,YUE,Han,海南,儋州,prefecture,109.390059,19.579264,,,嘱姑九点半,嘱姑九点半,调声,other,,,,C,tags: 排舞 广场舞; credited lyrics/music 洪万儒,,check,,0.4,True,,428,3
OaZEUUBuRD0,1,youtube,https://www.youtube.com/watch?v=OaZEUUBuRD0,Chinese Tibetan Ethnicity Folk Songs - Misty Hometown | 青海藏族民歌《云山雾罩的家乡》中国音乐地图  听见青海 瑞鸣音乐 Rhymoi,Musical Map of China 中国音乐地图.瑞鸣音乐 Rhymoi Music,youtube:UCN19zbpNCX9lrbKreffuSAQ,20240111.0,206.0,藏族民歌区,Tibetan,TIB,minority,青海,海南藏族自治州,province,109.754859,19.189767,藏,,云山雾罩的家乡,云山雾罩的家乡,安多地区藏族民歌,原生态,,S8772e923,,C,description: Rhymoi studio series; 地区 海南州,series:musical_map_of_china;unaccompanied,traditional,,0.0,True,,0,0
amM3MTqUMLE,1,youtube,https://www.youtube.com/watch?v=amM3MTqUMLE,青海花儿胡生存《上去高山望平川》,LiXiaolin OFFICIAL CHANNEL,youtube:UCEa7na1cIGpgIIfMfnbMYtA,20210521.0,221.0,西北部高原,Northwest Plateau,NWP,Han,青海,,province,96.043533,35.726403,,,上去高山望平川,上去高山望平川,花儿,原生态,,Sd797e674,,C,"title: singer named, 青海花儿",,traditional,,0.0,True,,430,2
1-qNRG_Nl64,1,youtube,https://www.youtube.com/watch?v=1-qNRG_Nl64,Chinese Lisu Ethnicity Folk Music - The Ancient Tune of Lisu Ethnic Group 傈僳族民歌《傈僳古调》中国音乐地图 听见云南,Musical Map of China 中国音乐地图.瑞鸣音乐 Rhymoi Music,youtube:UCN19zbpNCX9lrbKreffuSAQ,20211210.0,321.0,西南多民族古老原始文化民歌区,Southwest Multi-ethnic,SWM,minority,云南,怒江福贡,county,98.862181,26.989503,傈僳,,傈僳古调,傈僳古调,古调,instrumental,,Sed3c1fa2,,C,description: Rhymoi studio series; 地区 怒江/福贡; credited as flute (笛哩吐) player,series:musical_map_of_china;accompanied;instrument:笛哩吐,traditional,,0.0,True,,0,0
yMQjYfuxtzo,1,youtube,https://www.youtube.com/watch?v=yMQjYfuxtzo,8. 采花（四川）- 1990 彭丽媛，Liyuan Peng - 彭丽媛演唱各地方民歌（西南地区）,Jewely 0,youtube:UCQSSGzA8J0DJT1fgZYdcIGw,20220822.0,141.0,西南高原,Southwest Plateau,SWP,Han,四川,,province,102.693453,30.674545,汉,,采花,采花,小调,民族唱法,,S46c7fe5d,,C,title: 1990 regional songs album,,traditional,exclude,0.0,False,label,0,0
RTIv-JdLzZE,1,youtube,https://www.youtube.com/watch?v=RTIv-JdLzZE,刘果林、童怡然合唱江西民歌《十送红军》 唱出了红军的英雄气质 向革命先烈致敬 [原声天籁——中国民歌盛典] | 中国音乐电视 Music TV,中国音乐电视 Music TV,youtube:UCK3uufpnv3u6waDYJXmx6Kg,20240420.0,249.0,赣,Gan,GAN,Han,江西,,province,115.732975,27.636112,,,十送红军,十送红军,革命民歌（据赣南送郎调）,民族唱法,,S2658a705,,C,"title: TV gala duet, 十送红军",,composed,,0.0,False,composed,270,4
we45DEB-1rg,1,youtube,https://www.youtube.com/watch?v=we45DEB-1rg,劉福助-丟丟銅(宜蘭民謠)    台語歌詞標誌+字幕版c,ㄚ曠,youtube:UCZJjaxw149UiFwiDckrnPVw,20220430.0,132.0,闽台,Min–Tai,MT,Han,台湾,宜兰,province,120.971485,23.749452,,,丢丢铜仔,丢丢铜仔,小调,民族唱法,,S0f03ddca,,C,title: 宜兰民谣 (song origin),,check,,0.0,True,,434,2
IFrNNx6EbD8,1,youtube,https://www.youtube.com/watch?v=IFrNNx6EbD8,对花（河北民歌）,haoxuebin530,youtube:UC02RDPRfVq0zDQ3bhtQLdpA,20090110.0,65.0,东北部平原,Northeast Plain,NEP,Han,河北,,province,114.502461,38.045474,,,对花,对花,小调,民族唱法,,,,C,title: 河北民歌,,traditional,,0.0,True,,435,4
VDygbqzcsIQ,1,youtube,https://www.youtube.com/watch?v=VDygbqzcsIQ,Chinese Mongolian Ethnicity Folk Song - The Wilderness  蒙古族民歌 《旷野 》中国音乐地图 听见内蒙古 瑞鸣音乐 Rhymoi Music,Musical Map of China 中国音乐地图.瑞鸣音乐 Rhymoi Music,youtube:UCN19zbpNCX9lrbKreffuSAQ,20211221.0,250.0,北方草原文化民歌区,Northern Steppe,NS,minority,内蒙古,锡林郭勒盟,prefecture,115.51632,44.232965,蒙古,,旷野,旷野,潮尔道,原生态,,S4571eba6,,C,description: 地区 锡林郭勒 only,series:musical_map_of_china;accompanied;instrument:马头琴;instrument:低音马头琴;multiple_singers,check,,0.0,True,,0,0
9hMlusxAYww,1,youtube,https://www.youtube.com/watch?v=9hMlusxAYww,珍貴美濃山歌~送郎 古堂財+李喜娣,欖仁居,youtube:UCH0HGVd0cBHzam6Zn6Bv99A,20170727.0,277.0,客家特区,Hakka,HAK,Han,台湾,高雄美浓,province,120.971485,23.749452,汉,客家,送郎,送郎,美浓山歌,field,,Sa007e033,,A2,description: 1992-93 美浓山歌 field collection; singers 古堂财 and [singer] of Meinong,,traditional,,0.0,True,,437,2
a_t2af7L35k,1,youtube,https://www.youtube.com/watch?v=a_t2af7L35k,Chinese Tajik Ethnicity Folk Song - Missing My Departed Family  塔吉克族民歌 《思念故去的亲人 . 阿祖尔费克》中国音乐地图 听见新疆,Musical Map of China 中国音乐地图.瑞鸣音乐 Rhymoi Music,youtube:UCN19zbpNCX9lrbKreffuSAQ,20211207.0,261.0,新疆民歌区,Xinjiang,XJ,minority,新疆,塔什库尔干,province,85.294711,41.371801,塔吉克,,阿祖尔费克（思念故去的亲人）,阿祖尔费克,塔吉克民歌,原生态,,S663f01d2,,C,description: 地区 新疆 only,series:musical_map_of_china;accompanied;instrument:都木吧克;instrument:艾捷克;instrument:低音热瓦甫;instrument:塔结达尔热瓦甫,traditional,,0.0,True,,0,0
NWvJcOgwziQ,1,youtube,https://www.youtube.com/watch?v=NWvJcOgwziQ,[中国民歌大会]湖北喜花鼓《黄四姐》 演唱：陈涓,CCTV中国中央电视台,youtube:UCcLK3j-XWdGBnt5bR9NJHaQ,20161007.0,151.0,江汉,Jiang–Han,JHN,Han,湖北,恩施建始,county,109.510768,30.303234,土家,,黄四姐,黄四姐,喜花鼓,民族唱法,,S75b12e5f,,C,"title: CCTV 民歌大会, 喜花鼓",,check,,0.0,True,,0,0
P8svqjux5V4,1,youtube,https://www.youtube.com/watch?v=P8svqjux5V4,江苏民歌《茉莉花》演唱 雷佳,赵山,youtube:UCqMQ7nlGBX8xQNx_JlJ6nQA,20170215.0,249.0,江浙平原,Jiangsu–Zhejiang Plain,JZP,Han,江苏,南京,prefecture,118.847868,31.927726,,,茉莉花（江苏）,茉莉花,小调,民族唱法,,S2d6f4bdf,,C,title: 江苏民歌,,check,,0.0,True,,440,1
JyjpYFTdbvw,1,youtube,https://www.youtube.com/watch?v=JyjpYFTdbvw,《拔根芦柴花》江苏民歌 程桂兰,nyjs1,youtube:UCqDij_vW9DgRvFLgwqVwZUA,20180114.0,164.0,江淮,Jiang–Huai,JH,Han,江苏,扬州,prefecture,119.479719,32.737224,,,拔根芦柴花,拔根芦柴花,秧号子/小调,民族唱法,,S4b3b8603,,C,"description: Cheng Guilan born Nantong raised Suzhou, military troupe soprano",,check,exclude,0.0,False,label,395,2
V5-Ww-vpDRk,1,youtube,https://www.youtube.com/watch?v=V5-Ww-vpDRk,哭嫁歌,Release - Topic,youtube:UC9LB6hP2a_DxLFJum-6uEqQ,20230503.0,220.0,湘,Xiang,XIA,Han,湖南,湘西,prefecture,109.731854,28.694703,土家,,哭嫁歌,哭嫁歌,哭嫁歌,other,,,,C,title: 哭嫁歌; album is 彝族合辑 (Yi compilation),,traditional,exclude,0.0,False,label,442,2
b0kwMFUlS3M,1,youtube,https://www.youtube.com/watch?v=b0kwMFUlS3M,海南崖州经典民歌《摇侬调》引来大陆人学唱,Mahardhy Tan,youtube:UCzxuHhe9q5bb1RQpTzbaaNg,20260102.0,214.0,粤,Yue,YUE,Han,海南,三亚崖州,county,109.125084,18.368426,,,摇侬调,摇侬调,崖州民歌,other,,,,C,title only; mainland learners,,traditional,,0.0,True,,443,0
bC7UiyNa5nc,1,youtube,https://www.youtube.com/watch?v=bC7UiyNa5nc,Chinese Tibetan Ethnicity Folk Songs - Huarui Praise Song | 青海藏族民歌《华锐赞歌》中国音乐地图  听见青海 瑞鸣音乐 Rhymoi,Musical Map of China 中国音乐地图.瑞鸣音乐 Rhymoi Music,youtube:UCN19zbpNCX9lrbKreffuSAQ,20240111.0,251.0,藏族民歌区,Tibetan,TIB,minority,青海,华锐(天祝),province,96.043533,35.726403,藏,,华锐赞歌,华锐赞歌,藏族民歌,原生态,,Sedd3e41a,,C,description: Rhymoi studio series; 地区 青海省 only,series:musical_map_of_china;unaccompanied,traditional,,0.0,True,,0,0
mv62NBIHBac,1,youtube,https://www.youtube.com/watch?v=mv62NBIHBac,【Chinese National Music Video】青海花儿杨全旭《大嫂子令》,LiXiaolin OFFICIAL CHANNEL,youtube:UCEa7na1cIGpgIIfMfnbMYtA,20220603.0,232.0,西北部高原,Northwest Plateau,NWP,Han,青海,,province,96.043533,35.726403,,,大嫂子令,大嫂子令,花儿,原生态,,S36556145,,C,"title: singer named, 青海花儿",,traditional,,0.0,True,,430,2
bvdRfN4PbZM,1,youtube,https://www.youtube.com/watch?v=bvdRfN4PbZM,Chinese Naxi Ethnicity Folk Song - Missing Home - “A Ka Ba La Ba Da Mi” 纳西族民歌 《想念我的家乡》 中国音乐地图 听见云南,Musical Map of China 中国音乐地图.瑞鸣音乐 Rhymoi Music,youtube:UCN19zbpNCX9lrbKreffuSAQ,20211120.0,107.0,西南多民族古老原始文化民歌区,Southwest Multi-ethnic,SWM,minority,云南,丽江,prefecture,100.524919,26.939309,纳西,,想念我的家乡,想念我的家乡,纳西族民歌,原生态,,S0a42bf90,,C,description: Rhymoi studio series; 地区 云南 only,series:musical_map_of_china;unaccompanied,traditional,,0.0,True,,0,0
x7qEZhdTtQw,1,youtube,https://www.youtube.com/watch?v=x7qEZhdTtQw,四川民歌《採花》(Picking Flowers) - 中央歌舞團合唱隊 (自彈自唱) - Female Chorus of the Central Song and Dance Ensemble,pwong702,youtube:UCTnNYn3aH9XYAbJllWuKn5w,20201120.0,183.0,西南高原,Southwest Plateau,SWP,Han,四川,,province,102.693453,30.674545,汉,,采花,采花,小调,民族唱法,,Sc6ad3ef7,,C,"description: 1959 recording, arr. 康年, choir",,check,,0.0,False,arrangement,132,2
SBymLbSl6f4,1,youtube,https://www.youtube.com/watch?v=SBymLbSl6f4,历史歌曲 01 十送红军 -（由老红军宣传队员们演唱）,洛歌,youtube:UCqGDH5Od8XQzJDEJqV_PjlA,20120217.0,228.0,赣,Gan,GAN,Han,江西,,province,115.732975,27.636112,,,十送红军,十送红军,革命民歌（据赣南送郎调）,other,,S8e45b899,,C,"description: 1996 recording of veteran Red Army troupe women, MIDI backing",,composed,,0.0,False,arrangement;composed,448,4
WDliawNO9ag,1,youtube,https://www.youtube.com/watch?v=WDliawNO9ag,江蕙 - 丟丟銅仔,影音娛樂台Fujit Music,youtube:UCTRWCIOSjaCrArPPqe-zNqg,20201220.0,169.0,闽台,Min–Tai,MT,Han,台湾,宜兰,province,120.971485,23.749452,,,丢丢铜仔,丢丢铜仔,小调,other,,Sbbe1b39b,,C,credits: lyricist 许丙丁,,check,exclude,0.0,False,label;arrangement,374,1
a0Wr4ZSLlYE,1,youtube,https://www.youtube.com/watch?v=a0Wr4ZSLlYE,看秧歌   东北民歌   李东海   李月演唱（来自沈阳）,Ang Lam Seng,youtube:UCulmXzoGyEJ-Jife2GlTH_Q,20171015.0,162.0,东北部平原,Northeast Plain,NEP,Han,辽宁,沈阳,prefecture,123.143796,42.100641,,,看秧歌,看秧歌,秧歌/小调,民族唱法,,Sca4b1bcd,,C,title: 来自沈阳 (song origin),,traditional,,0.0,True,,0,0
Gm2Zf73zs_U,1,youtube,https://www.youtube.com/watch?v=Gm2Zf73zs_U,科尔沁民歌：正月儿玛,hkeq,youtube:UCO2uO29qIJqYNc8ldaZckuQ,20081121.0,87.0,北方草原文化民歌区,Northern Steppe,NS,minority,内蒙古,科尔沁,county,122.280573,43.651865,蒙古,,正月儿玛,正月儿玛,科尔沁叙事民歌,原生态,,,,C,title: 科尔沁民歌 only,,traditional,,0.0,True,,451,2
NMs55CqXVl8,1,youtube,https://www.youtube.com/watch?v=NMs55CqXVl8,客家山歌（ 送郎过番 ）,edmundchf,youtube:UC0_Dz-GDd-re6vQd2902fmw,20211101.0,134.0,客家特区,Hakka,HAK,Han,广东,梅州,prefecture,116.084478,24.201791,汉,客家,送郎过番,送郎过番,山歌,原生态,,,,C,title: 梅州 山歌; channel edmundchf posts overseas Hakka events,,traditional,minor,0.0,True,,43,2
TmjAdqAkXkw,1,youtube,https://www.youtube.com/watch?v=TmjAdqAkXkw,大坂城的姑娘 - 新疆民歌。王洛宾作品。Xinjiang Folk Songs,音悦川2,youtube:UCTelyAiGUtwDM7fmgoF7_-g,20220220.0,214.0,新疆民歌区,Xinjiang,XJ,minority,新疆,达坂城,county,88.340482,43.557584,维吾尔,,达坂城的姑娘,达坂城的姑娘,维吾尔民歌（王洛宾整理）,民族唱法,,,,C,title: 王洛宾作品; singer unnamed,,composed,minor,0.0,False,composed,453,3
CXFd0AUy4rU,1,youtube,https://www.youtube.com/watch?v=CXFd0AUy4rU,湖北土家民歌，歌曲《黄四姐》，歌手覃诚芳,简老师教唱歌,youtube:UC0p9GNGFpeYbQYSMFb-TZxw,20230319.0,175.0,江汉,Jiang–Han,JHN,Han,湖北,恩施建始,county,109.510768,30.303234,土家,,黄四姐,黄四姐,喜花鼓,民族唱法,,Se5de4942,,C,description: voice teacher channel,,check,,0.0,True,,454,1
SwudG7NaXos,1,youtube,https://www.youtube.com/watch?v=SwudG7NaXos,《茉莉花》中国民歌 (Jasmine Flowers ) Chinese traditional folk song.,GUIMIN OUYANG,youtube:UCcyx_-bY_BF28u2wcOud5zw,20220902.0,226.0,江浙平原,Jiangsu–Zhejiang Plain,JZP,Han,江苏,南京,prefecture,118.847868,31.927726,,,茉莉花（江苏）,茉莉花,小调,other,,,,C,"title: bel-canto rendition, no place",,check,,0.0,True,,455,3
xoG_iBVqNyA,1,youtube,https://www.youtube.com/watch?v=xoG_iBVqNyA,《杨柳青》江苏民歌 程桂兰,nyjs1,youtube:UCqDij_vW9DgRvFLgwqVwZUA,20180114.0,122.0,江淮,Jiang–Huai,JH,Han,江苏,扬州,prefecture,119.479719,32.737224,,,杨柳青,杨柳青,小调,民族唱法,,S4b3b8603,,C,description: Cheng Guilan born Nantong raised Suzhou,,traditional,,0.0,True,,395,2
1q1-RaQLbow,1,youtube,https://www.youtube.com/watch?v=1q1-RaQLbow,澧水船夫號子（湖南民歌）,gato chen,youtube:UCh0Gc9cods2UXDiRm1L_nXw,20240916.0,305.0,湘,Xiang,XIA,Han,湖南,澧水,province,111.711649,27.629216,,,澧水船夫号子,澧水船夫号子#1q1-RaQLbow,号子,other,,S57f64aba,,C,"description: 1988 Beijing studio chorus, arranger 营震",,composed,,0.0,False,arrangement;composed,457,1
wC-BJrPkTPw,1,youtube,https://www.youtube.com/watch?v=wC-BJrPkTPw,顾莉雅演唱海南民歌《五指山歌》 歌声独特 别致好听！[民歌中国] | 中国音乐电视 Music TV,中国音乐电视 Music TV,youtube:UCK3uufpnv3u6waDYJXmx6Kg,20230423.0,177.0,粤,Yue,YUE,Han,海南,五指山,prefecture,109.511892,18.824035,黎,,五指山歌,五指山歌#wC-BJrPkTPw,山歌（黎族民歌）,民族唱法,,Sa2bdc90c,,C,title: TV show 民歌中国,,check,,0.0,True,,270,4
qne7wMTeZls,1,youtube,https://www.youtube.com/watch?v=qne7wMTeZls,Chinese Tibetan Ethnicity Folk Songs - Black Tents | 青海藏族民歌《黑帐篷》中国音乐地图  听见青海 瑞鸣音乐 Rhymoi Music,Musical Map of China 中国音乐地图.瑞鸣音乐 Rhymoi Music,youtube:UCN19zbpNCX9lrbKreffuSAQ,20240111.0,292.0,藏族民歌区,Tibetan,TIB,minority,青海,海南藏族自治州,province,109.754859,19.189767,藏,,黑帐篷,黑帐篷,安多地区藏族民歌,原生态,,S8772e923,,C,description: Rhymoi studio series; 地区 海南州,series:musical_map_of_china;unaccompanied,traditional,,0.0,True,,0,0
R9zOYNGYIyc,1,youtube,https://www.youtube.com/watch?v=R9zOYNGYIyc,[中国民歌大会]宁夏花儿《尕妹子弹的是口弦子》 演唱：安宇歌 张建军,CCTV中国中央电视台,youtube:UCcLK3j-XWdGBnt5bR9NJHaQ,20161002.0,110.0,西北部高原,Northwest Plateau,NWP,Han,宁夏,,province,106.169866,37.291332,,,尕妹子弹的是口弦子,尕妹子弹的是口弦子,花儿,原生态,,Sf19bc706,,C,"title: CCTV 民歌大会, 宁夏花儿",,check,,0.0,True,,0,0
TMkKLFFdBW4,1,youtube,https://www.youtube.com/watch?v=TMkKLFFdBW4,Chinese Naxi Ethnicity Folk Song - Spring in March - “Sa Wa Ba Shi Ba” 纳西族民歌 《三月是春天 . 撒瓦巴什巴》中国音乐地图,Musical Map of China 中国音乐地图.瑞鸣音乐 Rhymoi Music,youtube:UCN19zbpNCX9lrbKreffuSAQ,20211120.0,94.0,西南多民族古老原始文化民歌区,Southwest Multi-ethnic,SWM,minority,云南,丽江,prefecture,100.524919,26.939309,纳西,,三月是春天,三月是春天,纳西族民歌,原生态,,S0a42bf90,,C,description: Rhymoi studio series; 地区 云南 only,series:musical_map_of_china;unaccompanied,traditional,,0.0,True,,0,0
trX6KTdoTlY,1,youtube,https://www.youtube.com/watch?v=trX6KTdoTlY,惊呆了！云朵演唱《采花》 开口就是四川辣妹子的感觉 [民歌中国] | 中国音乐电视 Music TV,中国音乐电视 Music TV,youtube:UCK3uufpnv3u6waDYJXmx6Kg,20230201.0,201.0,西南高原,Southwest Plateau,SWP,Han,四川,,province,102.693453,30.674545,汉,,采花,采花,小调,民族唱法,,S8bc54e65,,C,title: 民歌中国 TV,,traditional,,0.0,True,,270,4
3L1gUNezwKw,1,youtube,https://www.youtube.com/watch?v=3L1gUNezwKw,请茶歌,任桂珍 - Topic,youtube:UCVwjuJVC-xRtrQxlUawz-3w,20250809.0,124.0,赣,Gan,GAN,Han,江西,,province,115.732975,27.636112,,,请茶歌,请茶歌#3L1gUNezwKw,茶歌（创作民歌）,民族唱法,,S05a4c097,,C,"credits: composer 解策励, lyricist 文莽彦",,composed,,0.0,False,composed,463,2
z2mOevMvQ4E,1,youtube,https://www.youtube.com/watch?v=z2mOevMvQ4E,卜卦調／傻瓜與野丫頭 台灣南部的傳統民間小調 許石1962採編,Willin Kan (瘋子),youtube:UCa-zmFcaHENk2v3leo5JYbQ,20260923.0,167.0,闽台,Min–Tai,MT,Han,台湾,南部,province,120.971485,23.749452,,,卜卦调,卜卦调,歌仔调/小调,民族唱法,,,,C,"description: 许石 1962 arrangement, lyrics 许丙丁",,check,,0.0,True,,419,3
D-0g9ZEDskw,1,youtube,https://www.youtube.com/watch?v=D-0g9ZEDskw,丢戒指（东北民歌）,张德富 - Topic,youtube:UC-3-9W9vnLHULh9d4ur6uVw,20260529.0,215.0,东北部平原,Northeast Plain,NEP,Han,东北,,none,,,,,丢戒指,丢戒指,小调,民族唱法,,S6fb387ad,,C,title: 东北民歌 album track,,traditional,,0.0,True,,240,4
ZMq-pGFXlXI,1,youtube,https://www.youtube.com/watch?v=ZMq-pGFXlXI,[民歌纯享]蒙古族民歌《嘎达梅林》 演唱：阿木古楞 | CCTV,CCTV中国中央电视台,youtube:UCcLK3j-XWdGBnt5bR9NJHaQ,20171008.0,124.0,北方草原文化民歌区,Northern Steppe,NS,minority,内蒙古,科尔沁,county,122.280573,43.651865,蒙古,,嘎达梅林,嘎达梅林,科尔沁叙事民歌,民族唱法,,S758df289,,C,"title: CCTV stage, 科尔沁 song",,check,,0.0,True,,0,0
L7z9iLv93ig,1,youtube,https://www.youtube.com/watch?v=L7z9iLv93ig,珍貴美濃山歌~搖籃歌 古堂財+李喜娣,欖仁居,youtube:UCH0HGVd0cBHzam6Zn6Bv99A,20170727.0,291.0,客家特区,Hakka,HAK,Han,台湾,高雄美浓,province,120.971485,23.749452,汉,客家,摇篮歌,摇篮歌,美浓山歌,field,,Sa007e033,,A2,description: 1992-93 美浓山歌 field collection; singers 古堂财 and [singer],,traditional,,0.0,True,,437,2
Uq0lmS_L8As,1,youtube,https://www.youtube.com/watch?v=Uq0lmS_L8As,半个月亮爬上来 - 新疆民歌。王洛宾作品,音悦川,youtube:UCvbX1e35_v9IGVPhbLe-7Tg,20210616.0,180.0,新疆民歌区,Xinjiang,XJ,minority,新疆,,province,85.294711,41.371801,维吾尔,,半个月亮爬上来,半个月亮爬上来,民歌（王洛宾整理）,民族唱法,,,,C,title: 王洛宾作品; piano/classic playlist channel,,composed,minor,0.0,False,composed,468,4
ZrvNQTmeIYE,1,youtube,https://www.youtube.com/watch?v=ZrvNQTmeIYE,好洗脑！喝你一口茶呀，问你一句话！土家族的“六口茶”你学会了吗？,中华民族,youtube:UCB8UNxCWib9a91rmXORcVSQ,20220730.0,194.0,江汉,Jiang–Han,JHN,Han,湖北,恩施,county,109.510768,30.303234,土家,,六口茶,六口茶,小调（土家族）,民族唱法,,S3e2dd665,,C,"description: 土家族 民歌, mislabelled 湖南恩施",,traditional,,0.0,True,,469,2
oNEfgUbL2pA,1,youtube,https://www.youtube.com/watch?v=oNEfgUbL2pA,江苏民歌-孟姜女-赵秀兰,中国民歌经典,youtube:UC0qMayrC0SpMX6mr95s6hcA,20230710.0,284.0,江浙平原,Jiangsu–Zhejiang Plain,JZP,Han,江苏,苏州,prefecture,120.660806,31.382865,,,孟姜女,孟姜女,小调,民族唱法,,S2b07f217,,C,"description: 孟姜女 Suzhou-area song, nationwide spread",,traditional,,0.0,True,,470,1
fN5SKkNiWsc,1,youtube,https://www.youtube.com/watch?v=fN5SKkNiWsc,民歌中国  苏北民歌 杨柳青  -方鹏鹏,"往事如烟,岁月如歌",youtube:UCF7gomNilhwkD45V9WdD5NQ,20210612.0,74.0,江淮,Jiang–Huai,JH,Han,江苏,苏北,province,119.486506,32.983991,,,杨柳青,杨柳青,小调,民族唱法,,S6675c10c,,C,title: 苏北民歌,,traditional,,0.0,True,,471,4
-1XOiPn0xFw,1,youtube,https://www.youtube.com/watch?v=-1XOiPn0xFw,Male Chorus A Cappella: Boatmen Song on the Li River | China National Traditional Orchestra,中央民族乐团 China National Traditional Orchestra,youtube:UCgD_rOapNGXiCb3oNBbWtBQ,20210407.0,191.0,湘,Xiang,XIA,Han,湖南,澧水,province,111.711649,27.629216,,,澧水船夫号子,澧水船夫号子#-1XOiPn0xFw,号子,other,,S20abe1a2,,C,"description: China National Orchestra male chorus, composer Ying Zhen",,composed,,0.1052631578947368,False,arrangement;composed,472,1
SljsPz-SRRI,1,youtube,https://www.youtube.com/watch?v=SljsPz-SRRI,[新春的交响]海南黎族民歌《久久不见久久见》 演唱：顾莉雅 何奕 指挥：谭利华|中国音乐电视 Music TV,中国音乐电视 Music TV,youtube:UCK3uufpnv3u6waDYJXmx6Kg,20220201.0,164.0,粤,Yue,YUE,Han,海南,,province,109.754859,19.189767,黎,,久久不见久久见,久久不见久久见,海南民歌,民族唱法,,Sfc4ff6f4,,C,"title: New Year concert with orchestra, conductor 谭利华",,composed,,0.0,False,composed,270,4
iiDdTjUzF_Y,1,youtube,https://www.youtube.com/watch?v=iiDdTjUzF_Y,Chinese Tibetan Ethnicity Folk Songs - Huarui Love Song | 青海藏族民歌《华锐部落情歌 华锐拉伊 》中国音乐地图  听见青海 瑞鸣音乐,Musical Map of China 中国音乐地图.瑞鸣音乐 Rhymoi Music,youtube:UCN19zbpNCX9lrbKreffuSAQ,20240111.0,232.0,藏族民歌区,Tibetan,TIB,minority,青海,华锐(天祝),province,96.043533,35.726403,藏,,华锐拉伊,华锐拉伊,藏族民歌,原生态,,Sedd3e41a,,C,description: Rhymoi studio series; 地区 青海省 only,series:musical_map_of_china;unaccompanied,traditional,,0.0,True,,0,0
6So-4L-ikSs,1,youtube,https://www.youtube.com/watch?v=6So-4L-ikSs,想亲亲（河曲民歌）,Release - Topic,youtube:UCJ0uLEBBX-SpbIOlfXTHdJQ,20260529.0,275.0,西北部高原,Northwest Plateau,NWP,Han,山西,忻州河曲,county,111.352937,39.201729,,,想亲亲,想亲亲,山曲,民族唱法,,S27520b5f,,C,title: 河曲民歌 album track,,traditional,,0.0,True,,475,2
K--BxGgHnlk,1,youtube,https://www.youtube.com/watch?v=K--BxGgHnlk,Chinese Wa Ethnicity Folk Song - The Moon on the Sky 佤族民歌《天上的月亮 摇篮曲》中国音乐地图 听见云南 瑞鸣音乐 Rhymoi Music,Musical Map of China 中国音乐地图.瑞鸣音乐 Rhymoi Music,youtube:UCN19zbpNCX9lrbKreffuSAQ,20211221.0,132.0,西南多民族古老原始文化民歌区,Southwest Multi-ethnic,SWM,minority,云南,沧源/西盟,county,99.510673,22.693953,佤,,天上的月亮（摇篮曲）,天上的月亮,摇篮曲,原生态,,S36ec9891,,C,description: Rhymoi studio series; 地区 云南 only,series:musical_map_of_china;unaccompanied,traditional,,0.0,True,,0,0
ujmD1UzUjOc,1,youtube,https://www.youtube.com/watch?v=ujmD1UzUjOc,张艳梅一首云南弥渡民歌《绣荷包》悠扬的长调，别致动听,妙美神奇音乐,youtube:UCUPMzKN3-IQ8C_xaN-32QRw,20191202.0,293.0,西南高原,Southwest Plateau,SWP,Han,云南,大理弥渡,county,100.210651,25.742713,汉,,绣荷包,绣荷包,小调,民族唱法,,S20a369c8,,C,title: 弥渡民歌,,traditional,,0.0,True,,477,0
9UrOQIk3L_0,1,youtube,https://www.youtube.com/watch?v=9UrOQIk3L_0,请茶歌,张也 - Topic,youtube:UCteGHqU4VjOJykZZ7C2mJ6w,20220603.0,134.0,赣,Gan,GAN,Han,江西,,province,115.732975,27.636112,,,请茶歌,请茶歌#9UrOQIk3L_0,茶歌（创作民歌）,民族唱法,,S72773889,,C,"credits: composer 解策励, lyricist 文莽彦",,composed,,0.0,False,composed,405,3
J2hoUe5JtwU,1,youtube,https://www.youtube.com/watch?v=J2hoUe5JtwU,劉福助-卜卦調,陳文彬,youtube:UC6eaNoCVg8cXJ-SAItLiVzg,20130421.0,147.0,闽台,Min–Tai,MT,Han,台湾,南部,province,120.971485,23.749452,,,卜卦调,卜卦调,歌仔调/小调,民族唱法,,S0f03ddca,,C,title only,,check,,0.0,True,,434,2
VCXR7_eodRY,1,youtube,https://www.youtube.com/watch?v=VCXR7_eodRY,[中国民歌大会]辽宁民歌《反正对花》 演唱：杨兴力 王超,CCTV中国中央电视台,youtube:UCcLK3j-XWdGBnt5bR9NJHaQ,20161009.0,261.0,东北部平原,Northeast Plain,NEP,Han,辽宁,,province,122.604994,41.299712,,,反正对花,反正对花,小调,民族唱法,,Se03bccf3,,C,title: 辽宁民歌 CCTV,,traditional,,0.0,True,,0,0
GI4FngAG-Gs,1,youtube,https://www.youtube.com/watch?v=GI4FngAG-Gs,【纯享】腾格尔哈拉木吉《嘎达梅林》 唱响民乐之声《2021-2022跨年晚会》丨MangoTV,MangoTV Music Channel,youtube:UCwnDGKPgpRsJUjuSGhATAmg,20220113.0,286.0,北方草原文化民歌区,Northern Steppe,NS,minority,内蒙古,科尔沁,county,122.280573,43.651865,蒙古,,嘎达梅林,嘎达梅林,科尔沁叙事民歌,other,,S55347435,,C,title: Hunan TV New Year gala,,check,exclude,0.0,False,label;arrangement,481,1
p-DXr5WjBrk,1,youtube,https://www.youtube.com/watch?v=p-DXr5WjBrk,珍貴美濃山歌~半山謠 古堂財+李喜娣,欖仁居,youtube:UCH0HGVd0cBHzam6Zn6Bv99A,20170727.0,298.0,客家特区,Hakka,HAK,Han,台湾,高雄美浓,province,120.971485,23.749452,汉,客家,半山謠,半山謠,美浓山歌,field,,Sa007e033,,A2,description: 1992-93 美浓山歌 field collection; singers 古堂财 and [singer],,traditional,,0.0333333333333333,True,,437,2
w8mFxDlLLOM,1,youtube,https://www.youtube.com/watch?v=w8mFxDlLLOM,彭麗媛「半個月亮爬上來」· 新疆民歌 ♪ღ,Y · 一糯,youtube:UCEtV4Skiynf6LmUb1iKSoWA,20210221.0,272.0,新疆民歌区,Xinjiang,XJ,minority,新疆,,province,85.294711,41.371801,维吾尔,,半个月亮爬上来,半个月亮爬上来,民歌（王洛宾整理）,民族唱法,,S46c7fe5d,,C,title: [singer] MV,,composed,exclude,0.0,False,label;composed,0,0
X4G_8BPPAqY,1,youtube,https://www.youtube.com/watch?v=X4G_8BPPAqY,湖北恩施的一首著名民歌《六口茶》,中国民族音乐Chinese folk music,youtube:UCh_EDWRUbXdkvp197vkW_zA,20230207.0,151.0,江汉,Jiang–Han,JHN,Han,湖北,恩施,county,109.510768,30.303234,土家,,六口茶,六口茶,小调（土家族）,民族唱法,,,,C,description: 恩施 customs text only,,traditional,,0.0,True,,484,3
RkrtYoWaTvw,1,youtube,https://www.youtube.com/watch?v=RkrtYoWaTvw,孟姜女（江苏民歌）,鞠秀芳 - Topic,youtube:UCWkztgtgzrm9rFG3Mf0Poxw,20260529.0,195.0,江浙平原,Jiangsu–Zhejiang Plain,JZP,Han,江苏,,province,119.486506,32.983991,,,孟姜女,孟姜女,小调,民族唱法,,S57fdd0ea,,C,title: 江苏民歌 album track,,traditional,,0.0,True,,485,2
RML1QqR28gA,1,youtube,https://www.youtube.com/watch?v=RML1QqR28gA,杨柳青 - 扬州小调,赵山,youtube:UCqMQ7nlGBX8xQNx_JlJ6nQA,20170215.0,138.0,江淮,Jiang–Huai,JH,Han,江苏,扬州,prefecture,119.479719,32.737224,,,杨柳青,杨柳青,小调,民族唱法,,,,C,title: 扬州小调,,traditional,,0.0,True,,440,1
Jfy4F0OWI10,1,youtube,https://www.youtube.com/watch?v=Jfy4F0OWI10,吴碧霞 Wu Bixia《洗菜心》湖南民歌 花鼓小调,Shyan Lee,youtube:UCwSf9vmgY64xIzAc3mCv47g,20210523.0,149.0,湘,Xiang,XIA,Han,湖南,,province,111.711649,27.629216,,,洗菜心,洗菜心,花鼓小调,民族唱法,,Sb37ed55a,,C,"description: Wu Bixia born Changde, conservatory professor",,check,,0.0,True,,0,0
F5HyFMwB2fg,1,youtube,https://www.youtube.com/watch?v=F5HyFMwB2fg,"Hainanese Folk Song ""Long Time No See"" 海南民歌""久久不见久久见""",richard foo,youtube:UCCQvAoeYGkuSRD6zHeHhg2Q,20120619.0,290.0,粤,Yue,YUE,Han,海南,,province,109.754859,19.189767,黎,,久久不见久久见,久久不见久久见,海南民歌,other,,,,C,title only,,composed,,0.0,False,composed,173,2
SWK_lqyttXU,1,youtube,https://www.youtube.com/watch?v=SWK_lqyttXU,Chinese Tibetan Ethnicity Folk Songs - White Sheep Herd | 青海藏族民歌《洁白的羊群 然西娘荣》中国音乐地图  听见青海 瑞鸣音乐 Rhymoi,Musical Map of China 中国音乐地图.瑞鸣音乐 Rhymoi Music,youtube:UCN19zbpNCX9lrbKreffuSAQ,20240111.0,267.0,藏族民歌区,Tibetan,TIB,minority,青海,玉树,county,96.660011,32.914187,藏,,然西娘荣（洁白的羊群）,然西娘荣,康巴地区藏族民歌,原生态,,S7876240e,,A2,"Musical Map of China description: named singer, 地区 青海省玉树藏族自治州 (county stated)",series:musical_map_of_china;accompanied;instrument:竹笛,traditional,,0.0,True,,0,0
mAxpsCADntE,1,youtube,https://www.youtube.com/watch?v=mAxpsCADntE,走西口（山西民歌）,Release - Topic,youtube:UCkhrPUkwZZ3ixB0cYf6-0Vg,20260529.0,285.0,西北部高原,Northwest Plateau,NWP,Han,山西,,province,112.304436,37.618179,,,走西口,走西口,山曲/二人台,民族唱法,,S0f219b02,,C,title: 山西民歌 album track,,traditional,,0.0,True,,490,2
6lmxsCcOy3U,1,youtube,https://www.youtube.com/watch?v=6lmxsCcOy3U,Chinese Bai Ethnicity Folk Song - Ridge Tune 白族民歌 《田埂调》 中国音乐地图 听见云南 瑞鸣音乐 Rhymoi Music,Musical Map of China 中国音乐地图.瑞鸣音乐 Rhymoi Music,youtube:UCN19zbpNCX9lrbKreffuSAQ,20211120.0,147.0,西南多民族古老原始文化民歌区,Southwest Multi-ethnic,SWM,minority,云南,大理,county,100.210651,25.742713,白,,田埂调,田埂调,白族调,原生态,,S5666c4cc,,C,description: Rhymoi studio series; 地区 云南 only,series:musical_map_of_china;accompanied;instrument:大三弦,traditional,,0.0,True,,0,0
ZTlAf7R7ncM,1,youtube,https://www.youtube.com/watch?v=ZTlAf7R7ncM,云南民歌《绣荷包》 女高音颜添英演唱,Tt Weilin,youtube:UCxcoD12BC49KS6Ei063dLRw,20150103.0,109.0,西南高原,Southwest Plateau,SWP,Han,云南,,province,101.485106,25.008643,汉,,绣荷包,绣荷包,小调,民族唱法,,Sdfb19942,,C,title: 云南民歌,,traditional,,0.0,True,,132,2
0LUkAlyQUE0,1,youtube,https://www.youtube.com/watch?v=0LUkAlyQUE0,《映山红》墨脉演唱 （江西人唱江西民歌）,燕の歌 & 漢詩,youtube:UCcw_AzQGr-dGTrmz3N4XxOw,20190420.0,186.0,赣,Gan,GAN,Han,江西,,province,115.732975,27.636112,,,映山红,映山红,电影歌曲（江西民歌风）,民族唱法,,S46d7b613,,C,description: 江西人唱 (self-described); song from 1973 film,,composed,,0.0,False,composed,493,0
gP-qY8s7Pz4,1,youtube,https://www.youtube.com/watch?v=gP-qY8s7Pz4,五更鼓 嘉南民謠 許石1962採編,Willin Kan (瘋子),youtube:UCa-zmFcaHENk2v3leo5JYbQ,20260924.0,273.0,闽台,Min–Tai,MT,Han,台湾,嘉南,province,120.971485,23.749452,,,五更鼓,五更鼓,小调,民族唱法,,,,C,description: 许石 1962 collection,,check,,0.0,True,,419,3
euxV2GFqqYU,1,youtube,https://www.youtube.com/watch?v=euxV2GFqqYU,梁山伯与祝英台（河北民歌）,俞淑琴 - Topic,youtube:UCJEHF-fKkAo5vVqsVFR-09A,20260529.0,183.0,东北部平原,Northeast Plain,NEP,Han,河北,,province,114.502461,38.045474,,,梁山伯与祝英台（河北）,梁山伯与祝英台,小调,民族唱法,,S2a04ff88,,C,title: 河北民歌 album track,,traditional,,0.0,True,,402,3
5H1SRIzr-Rc,1,youtube,https://www.youtube.com/watch?v=5H1SRIzr-Rc,森吉德玛,梅林音乐团 - Topic,youtube:UC7qJfmptprQTBEoSOq3Z4Zw,20220128.0,291.0,北方草原文化民歌区,Northern Steppe,NS,minority,内蒙古,鄂尔多斯,prefecture,108.637375,39.425314,蒙古,,森吉德玛,森吉德玛,短调,other,,S5bd05f76,,C,channel: album track by a band; no field context,,check,,0.0,False,arrangement,496,4
wUGaaaI7l3A,1,youtube,https://www.youtube.com/watch?v=wUGaaaI7l3A,客家山歌 《 落水天 ~ 黄穎 传统山歌》,edmundchf,youtube:UC0_Dz-GDd-re6vQd2902fmw,20170124.0,143.0,客家特区,Hakka,HAK,Han,广东,韶关,prefecture,113.779323,24.81941,汉,客家,落水天,落水天,山歌,民族唱法,,Sa4c04f84,,C,description: 韶关传统山歌 (city level),,traditional,minor,0.0,True,,43,2
lGDE5z2WrBc,1,youtube,https://www.youtube.com/watch?v=lGDE5z2WrBc,The Crescent Moon Climbing Up 半个月亮爬上来 [Chinese Folk Songs],ChinaWelcomeU,youtube:UCyCs81f8Pzx4RUlkBPXDelQ,20130228.0,159.0,新疆民歌区,Xinjiang,XJ,minority,新疆,,province,85.294711,41.371801,维吾尔,,半个月亮爬上来,半个月亮爬上来,民歌（王洛宾整理）,民族唱法,,,,C,description: PLA chorus concert,,composed,,0.0,False,arrangement;composed,498,4
qgJRENoIm-U,1,youtube,https://www.youtube.com/watch?v=qgJRENoIm-U,中国利川民歌—六口茶.avi,YuHaoFromChina,youtube:UCckgPOeqncF9B140IdDCQPA,20100727.0,153.0,江汉,Jiang–Han,JHN,Han,湖北,恩施利川,county,109.510768,30.303234,土家,,六口茶,六口茶,小调（土家族）,other,,,,C,title: 利川民歌; description generic,,traditional,,0.0,True,,499,3
OLUJT-58Xt0,1,youtube,https://www.youtube.com/watch?v=OLUJT-58Xt0,Tong Li 童丽 • Traditional Chinese Music • 孟姜女,Traditional China,youtube:UCMK1r3g9_64vaPwI4xQn8tg,20110624.0,280.0,江浙平原,Jiangsu–Zhejiang Plain,JZP,Han,江苏,,province,119.486506,32.983991,,,孟姜女,孟姜女,小调,other,,Sbbe807b3,,C,channel: Traditional China compilation; pop-folk singer,,traditional,minor,0.0,True,,500,4
ZA6P0UreVQg,1,youtube,https://www.youtube.com/watch?v=ZA6P0UreVQg,《一根丝线牵过河》江苏江都民歌 程桂兰,nyjs1,youtube:UCqDij_vW9DgRvFLgwqVwZUA,20180114.0,186.0,江淮,Jiang–Huai,JH,Han,江苏,扬州江都,county,119.694782,32.534162,,,一根丝线牵过河,一根丝线牵过河,小调,民族唱法,,S4b3b8603,,C,title: 江都民歌 (song origin),,traditional,,0.0,True,,395,2
Ugxu8-jiiWA,1,youtube,https://www.youtube.com/watch?v=Ugxu8-jiiWA,采茶（湖南花鼓）,鞠秀芳 - Topic,youtube:UCWkztgtgzrm9rFG3Mf0Poxw,20260529.0,140.0,湘,Xiang,XIA,Han,湖南,,province,111.711649,27.629216,,,采茶（湖南花鼓）,采茶,花鼓小调,民族唱法,,S57fdd0ea,,C,title: 湖南花鼓; album track,,traditional,,0.0,True,,485,2
-LS2z9bp1Ls,1,youtube,https://www.youtube.com/watch?v=-LS2z9bp1Ls,台山民歌--賣雞調 (退聘禮) - 陳玲玉,Tony Wong,youtube:UCaqVpy1WmDSnRUbXywhWZsw,20130214.0,206.0,粤,Yue,YUE,Han,广东,江门台山,county,112.710629,22.042758,,,卖鸡调·退聘禮,卖鸡调退聘禮,卖鸡调（五邑民歌）,原生态,,S25bc605a,,C,"title: 台山民歌 genre; singer named, no locality",,traditional,,0.4285714285714285,True,,503,1
D4nsXCInLKg,1,youtube,https://www.youtube.com/watch?v=D4nsXCInLKg,Chinese Tibetan Ethnicity Folk Songs - Grassland of Hometown | 青海藏族民歌《家乡的草原》中国音乐地图  听见青海 瑞鸣音乐 Rhymoi,Musical Map of China 中国音乐地图.瑞鸣音乐 Rhymoi Music,youtube:UCN19zbpNCX9lrbKreffuSAQ,20240111.0,222.0,藏族民歌区,Tibetan,TIB,minority,青海,海北祁连,county,99.716996,38.312177,藏,,家乡的草原,家乡的草原,安多地区藏族民歌,原生态,,Sb2964a84,,A2,"Musical Map of China description: named singer, 地区 青海省海北藏族自治州祁连县 (county stated)",series:musical_map_of_china;unaccompanied,traditional,,0.0,True,,0,0
Rg2i1AHRdIs,1,youtube,https://www.youtube.com/watch?v=Rg2i1AHRdIs,五哥放羊 (山西河曲民歌),彭丽媛 - Topic,youtube:UCr_tjlNYNtAQacA3fQkrPjg,20220603.0,250.0,西北部高原,Northwest Plateau,NWP,Han,山西,忻州河曲,county,111.352937,39.201729,,,五哥放羊,五哥放羊,山曲/小调,民族唱法,,S46c7fe5d,,C,title: 河曲民歌 album track,,traditional,exclude,0.0,False,label,0,0
IWpLihBSXhA,1,youtube,https://www.youtube.com/watch?v=IWpLihBSXhA,Chinese Bai Ethnicity Folk Song - Herding Sheep Tune   白族民歌 《放羊调》  中国音乐地图 听见云南 瑞鸣音乐 Rhymoi Music,Musical Map of China 中国音乐地图.瑞鸣音乐 Rhymoi Music,youtube:UCN19zbpNCX9lrbKreffuSAQ,20211120.0,156.0,西南多民族古老原始文化民歌区,Southwest Multi-ethnic,SWM,minority,云南,大理,county,100.210651,25.742713,白,,放羊调,放羊调,白族调,原生态,,S5666c4cc,,C,description: Rhymoi studio series; 地区 大理,series:musical_map_of_china;accompanied;instrument:大三弦,traditional,,0.0,True,,0,0
mYIpK0yZSrU,1,youtube,https://www.youtube.com/watch?v=mYIpK0yZSrU,云南民歌《大河涨水沙浪沙》刘淑芳演唱,Tt Weilin,youtube:UCxcoD12BC49KS6Ei063dLRw,20150831.0,77.0,西南高原,Southwest Plateau,SWP,Han,云南,,province,101.485106,25.008643,汉,,大河涨水沙浪沙,大河涨水沙浪沙,山歌,民族唱法,,S113b3a7e,,C,title: 云南民歌,,check,,0.0,True,,132,2
VM1vybDLfig,1,youtube,https://www.youtube.com/watch?v=VM1vybDLfig,不唱山歌心不爽（江西民歌/范光治編曲）,pumpumyiling,youtube:UCzk9OKgXcEsUVqik9AbDu-w,20210731.0,319.0,赣,Gan,GAN,Han,江西,,province,115.732975,27.636112,,,不唱山歌心不爽,不唱山歌心不爽,山歌,other,,,,C,title: arranged by 范光治,,check,,0.0,True,,508,3
WpKagAEKEaI,1,youtube,https://www.youtube.com/watch?v=WpKagAEKEaI,劉福助+王瑞霞-桃花過渡,ACHUN ACHUN,youtube:UCR1Ljs-M9MqAgVPVBkTkedg,20120817.0,185.0,闽台,Min–Tai,MT,Han,台湾,,province,120.971485,23.749452,,,桃花过渡,桃花过渡,车鼓调/小调,民族唱法,,S339a020d,,C,title only,,check,,0.0,True,,509,2
iApXLFL1LNE,1,youtube,https://www.youtube.com/watch?v=iApXLFL1LNE,刘慧慧演唱《探情郎》 津味小调唱出女儿家的心事 [民歌中国] | 中国音乐电视Music TV,中国音乐电视 Music TV,youtube:UCK3uufpnv3u6waDYJXmx6Kg,20260803.0,157.0,东北部平原,Northeast Plain,NEP,Han,天津,,province,117.347043,39.288036,,,探情郎（天津）,探情郎,小调,民族唱法,,Sced59fd2,,C,title: 天津民歌 TV,,traditional,,0.0,True,,270,4
6twxZYYoJMg,1,youtube,https://www.youtube.com/watch?v=6twxZYYoJMg,蒙古族歌曲：《鸿雁》by 哈琳,zhongnangua,youtube:UC0rCcfpmXX13u6bkJkt25Fg,20111015.0,201.0,北方草原文化民歌区,Northern Steppe,NS,minority,内蒙古,巴彦淖尔乌拉特,prefecture,107.575749,41.453305,蒙古,,鸿雁,鸿雁,短调（新词）,民族唱法,,S5ebcc901,,C,"description: melody from 乌拉特 folk song, 1964 and later lyric rewrites",,composed,,0.0,False,composed,181,3
WfKvD29EuR4,1,youtube,https://www.youtube.com/watch?v=WfKvD29EuR4,竹叶撑船你爱来 (传统山歌),Release - Topic,youtube:UC94dI0Khb8742cmE2VvG9Hw,20220228.0,253.0,客家特区,Hakka,HAK,Han,广东,梅州,prefecture,116.084478,24.201791,汉,客家,竹叶撑船你爱来,竹叶撑船你爱来,山歌,民族唱法,,S085e5814,,C,"channel: studio album 天籁山歌, labelled 传统",,check,,0.0,True,,512,1
cz-0oyuzCHY,1,youtube,https://www.youtube.com/watch?v=cz-0oyuzCHY,阿拉木汗 - 新疆民歌，王洛宾作品，演唱：梦之旅,音悦川,youtube:UCvbX1e35_v9IGVPhbLe-7Tg,20210921.0,224.0,新疆民歌区,Xinjiang,XJ,minority,新疆,,province,85.294711,41.371801,维吾尔,,阿拉木汗,阿拉木汗,维吾尔民歌（王洛宾整理）,民族唱法,,Sb23c3d3b,,C,"title: 王洛宾作品, 演唱 [singer]",,composed,minor,0.0,False,composed,468,4
HxVpIAAM2a4,1,youtube,https://www.youtube.com/watch?v=HxVpIAAM2a4,[民歌纯享]土家族民歌《土家迎客歌》 演唱：王静 | CCTV,CCTV中国中央电视台,youtube:UCcLK3j-XWdGBnt5bR9NJHaQ,20171002.0,148.0,江汉,Jiang–Han,JHN,Han,湖北,恩施,county,109.510768,30.303234,土家,,土家迎客歌,土家迎客歌,小调（土家族）,民族唱法,,Se61e46bb,,C,"title: CCTV 民歌大会, collector/arranger credited",,check,,0.0,True,,0,0
7Lq8gzNQrPA,1,youtube,https://www.youtube.com/watch?v=7Lq8gzNQrPA,紫竹调（江苏民歌）,Release - Topic,youtube:UCxT0UEiWmBOZXKGTIFQgyig,20260529.0,152.0,江浙平原,Jiangsu–Zhejiang Plain,JZP,Han,江苏,上海,province,121.438737,31.072559,,,紫竹调,紫竹调,小调,民族唱法,,S60b0f3ca,,C,title: 江苏民歌 album track,,traditional,,0.0,True,,515,2
DkmzAsvoc6Y,1,youtube,https://www.youtube.com/watch?v=DkmzAsvoc6Y,任桂珍--苏北民歌《傻大姐》Silly Sister,wanuhayouyang,youtube:UC-kBttnXyPK8Ge1Ciu7GnmQ,20140404.0,112.0,江淮,Jiang–Huai,JH,Han,江苏,苏北,province,119.486506,32.983991,,,傻大姐,傻大姐,小调,民族唱法,,S05a4c097,,C,title: 苏北民歌,,check,,0.0,True,,463,2
7pqOE21s7nQ,1,youtube,https://www.youtube.com/watch?v=7pqOE21s7nQ,一根竹竿容易弯（湖南民歌）,何纪光 - Topic,youtube:UC6zcOupu5Gi-JadrNF7dKhg,20260529.0,114.0,湘,Xiang,XIA,Han,湖南,,province,111.711649,27.629216,,,一根竹竿容易弯,一根竹竿容易弯,小调,民族唱法,,S085eb0f8,,C,title: 湖南民歌 album track,,check,,0.0,True,,132,2
vfKvSnj9Efs,1,youtube,https://www.youtube.com/watch?v=vfKvSnj9Efs,听听老一辈台山民歌手是怎样唱民歌#卖鸡调&伍伯相#梁茹芳.,五邑人,youtube:UCU1hFwtYb7ptbJ-BwRcsd_Q,20210123.0,340.0,粤,Yue,YUE,Han,广东,江门台山,county,112.710629,22.042758,,,卖鸡调（老一辈唱法）,卖鸡调,卖鸡调（五邑民歌）,原生态,,Sdf58841b,,A2,"title: 台山民歌手 伍伯相 and [singer]; description: 1960 record, collected by 相公",,traditional,,0.0588235294117647,True,,53,2
_RjQZvMSOUU,1,youtube,https://www.youtube.com/watch?v=_RjQZvMSOUU,堆谐《夏仓郭仓》,我在西藏,youtube:UCqNUoNlzA2VhgomlamLXEpQ,20230420.0,126.0,藏族民歌区,Tibetan,TIB,minority,西藏,,province,88.388277,31.56375,藏,,夏仓郭仓,夏仓郭仓,堆谐,原生态,,,,C,title: 堆谐 only,,traditional,,0.0,True,,519,2
4Bz5CHJddwQ,1,youtube,https://www.youtube.com/watch?v=4Bz5CHJddwQ,《蘭花花》贠恩鳯 女声獨唱 陕北民歌,Redogful,youtube:UC9I49axZNa4eZq-PvZy5tyA,20121014.0,262.0,西北部高原,Northwest Plateau,NWP,Han,陕西,陕北,province,108.887114,35.263661,,,兰花花,兰花花,信天游,民族唱法,,Sff8a22f3,,C,title: 陕北民歌 classic recording,,check,,0.0,True,,395,2
Yyhl3tn2_U4,1,youtube,https://www.youtube.com/watch?v=Yyhl3tn2_U4,Chinese Bai Ethnicity Folk Song - Loach Tune 白族民歌 《泥鳅调》 中国音乐地图 听见云南 瑞鸣音乐 Rhymoi Music,Musical Map of China 中国音乐地图.瑞鸣音乐 Rhymoi Music,youtube:UCN19zbpNCX9lrbKreffuSAQ,20211120.0,130.0,西南多民族古老原始文化民歌区,Southwest Multi-ethnic,SWM,minority,云南,大理,county,100.210651,25.742713,白,,泥鳅调,泥鳅调,白族调,原生态,,S5666c4cc,,C,description: Rhymoi studio series; 地区 云南 only,series:musical_map_of_china;accompanied;instrument:大三弦,traditional,,0.0,True,,0,0
9JO1RIlZCxM,1,youtube,https://www.youtube.com/watch?v=9JO1RIlZCxM,放马山歌 (云南民歌),彭丽媛 - Topic,youtube:UCr_tjlNYNtAQacA3fQkrPjg,20220507.0,69.0,西南高原,Southwest Plateau,SWP,Han,云南,玉溪,prefecture,102.204123,24.138434,汉,,放马山歌,放马山歌#9JO1RIlZCxM,山歌,民族唱法,,S46c7fe5d,,C,credits: composer 沙里晶,,check,exclude,0.0,False,label,0,0
0e4Xp1y1Ynk,1,youtube,https://www.youtube.com/watch?v=0e4Xp1y1Ynk,萍乡童谣,龚力军 - Topic,youtube:UCzJ_wpNQpaq6HKQw78hlq0g,20211216.0,212.0,赣,Gan,GAN,Han,江西,萍乡,prefecture,113.908082,27.509931,,,萍乡童谣,萍乡童谣#0e4Xp1y1Ynk,童谣,other,,Sf02c32ed,,C,title: 萍乡童谣; album track,,check,,0.0,True,,523,2
Cj2tNK63-y0,1,youtube,https://www.youtube.com/watch?v=Cj2tNK63-y0,尤雅 - 草螟弄雞公 (1972),Noel Chung,youtube:UCQC_EYrZTmEorqaAZDhwmBA,20211103.0,192.0,闽台,Min–Tai,MT,Han,台湾,屏东恒春,province,120.971485,23.749452,,,草螟弄鸡公,草螟弄鸡公,恒春民谣/小调,other,,Sf4c8b925,,C,description: 1972 pop EP,,check,exclude,0.0,False,label;arrangement,524,1
6biXCnF6mqQ,1,youtube,https://www.youtube.com/watch?v=6biXCnF6mqQ,迪里拜爾 - 搖籃曲 (東北民歌) Dilbèr - Lullaby (Northeastern folk song),Dilbèr Yunus,youtube:UCWw43fF8cAazvNB3kgGbXyw,20160515.0,241.0,东北部平原,Northeast Plain,NEP,Han,东北,,none,,,,,摇篮曲（东北）,摇篮曲,摇篮曲/小调,民族唱法,,Sfbad2008,,C,title: 東北民歌; singer Uyghur,,check,exclude,0.0,False,label,525,1
UE0bMNgmn-E,1,youtube,https://www.youtube.com/watch?v=UE0bMNgmn-E,Swan Geese 鸿雁 [Chinese Folk Songs],ChinaWelcomeU,youtube:UCyCs81f8Pzx4RUlkBPXDelQ,20130228.0,252.0,北方草原文化民歌区,Northern Steppe,NS,minority,内蒙古,巴彦淖尔乌拉特,prefecture,107.575749,41.453305,蒙古,,鸿雁,鸿雁,短调（新词）,other,,,,C,description: PLA chorus concert,,composed,,0.0,False,arrangement;composed,498,4
93QlBexLpPA,1,youtube,https://www.youtube.com/watch?v=93QlBexLpPA,【客家山歌】嬲到日頭轉西山(廣東河源)  陳菊芬演唱,Azeugu Lee,youtube:UCte5A6VXSk1IWCoMdJpOHyQ,20181221.0,263.0,客家特区,Hakka,HAK,Han,广东,河源,prefecture,114.962729,24.043541,汉,客家,嬲到日頭轉西山,嬲到日頭轉西山,山歌,原生态,,Sdd219632,,C,"title/tags: 河源 (city), singer named only",,traditional,,0.0,True,,527,3
qJ0Zv1YY7wg,1,youtube,https://www.youtube.com/watch?v=qJ0Zv1YY7wg,掀起你的盖头来 - 新疆民歌。王洛宾作品。Xinjiang Folk Songs,音悦川,youtube:UCvbX1e35_v9IGVPhbLe-7Tg,20210715.0,238.0,新疆民歌区,Xinjiang,XJ,minority,新疆,,province,85.294711,41.371801,维吾尔,,掀起你的盖头来,掀起你的盖头来,维吾尔民歌（王洛宾整理）,民族唱法,,,,C,title: 王洛宾作品,,composed,minor,0.0,False,composed,468,4
m6HbgBIK0kQ,1,youtube,https://www.youtube.com/watch?v=m6HbgBIK0kQ,幸福歌 (湖北天门民歌),彭媛 - Topic,youtube:UCEqQDV7DuHg2Il7BX2qAJog,20250711.0,154.0,江汉,Jiang–Han,JHN,Han,湖北,天门,prefecture,113.114735,30.642494,,,幸福歌,幸福歌,小调,民族唱法,,Sb335dd43,,C,title: 天门民歌; credits: composer [singer],,composed,,0.0,False,composed,529,1
RbPH_fIu-40,1,youtube,https://www.youtube.com/watch?v=RbPH_fIu-40,吴彦凝 《紫竹调》，江苏民歌小调，极富江南乡土气息！,清清音乐,youtube:UCl-3WEdRX7JICC8CYpUb32g,20240524.0,83.0,江浙平原,Jiangsu–Zhejiang Plain,JZP,Han,江苏,上海,province,121.438737,31.072559,,,紫竹调,紫竹调,小调,民族唱法,,Sc8982597,,C,title: 江苏民歌,,traditional,,0.0,True,,530,2
w21yogqt9w0,1,youtube,https://www.youtube.com/watch?v=w21yogqt9w0,揚劇小調：數鴨蛋 王苓芬,隆來學Kevin LONG,youtube:UCBKx4p6IYKp7gAiHpa6Yvew,20171202.0,179.0,江淮,Jiang–Huai,JH,Han,江苏,扬州,prefecture,119.479719,32.737224,,,数鸭蛋,数鸭蛋,小调,民族唱法,,S4f762e76,,C,"description: Wang Lingfen born Ningbo, national first-class 扬剧 actress",,traditional,exclude,0.0,False,label,531,1
IZdliTzVOEg,1,youtube,https://www.youtube.com/watch?v=IZdliTzVOEg,四季花儿开（湖南民歌）,Release - Topic,youtube:UCWQLxk7gmJAWKmgW4FR1D8g,20260529.0,193.0,湘,Xiang,XIA,Han,湖南,,province,111.711649,27.629216,,,四季花儿开,四季花儿开,小调,民族唱法,,S0f219b02,,C,title: 湖南民歌 album track,,traditional,,0.0,True,,490,2
vyjGJFQl1eY,1,youtube,https://www.youtube.com/watch?v=vyjGJFQl1eY,台山阿姆唱木鱼,juan wong,youtube:UCNiDxJpxmVgp0lsU7rY1ziw,20171024.0,222.0,粤,Yue,YUE,Han,广东,江门台山,county,112.710629,22.042758,,,木鱼（台山阿姆唱）,木鱼,木鱼歌,原生态,,,,C,title: 台山阿姆唱木鱼,,traditional,,0.0909090909090909,True,,533,1
9FrIKg83reI,1,youtube,https://www.youtube.com/watch?v=9FrIKg83reI,囊玛 阿玛勒火,措香 - Topic,youtube:UCiBYmxBeCcWV4Y1f8yU5pOg,20220628.0,218.0,藏族民歌区,Tibetan,TIB,minority,西藏,拉萨,prefecture,91.091762,30.037072,藏,,阿玛勒火,阿玛勒火,囊玛,民族唱法,,S83c62cee,,C,title: 囊玛; album track,,traditional,,0.0,True,,534,4
scImgV-29cQ,1,youtube,https://www.youtube.com/watch?v=scImgV-29cQ,交城山（交城民歌）,Release - Topic,youtube:UCnQ99R7nxS6zDTQpFxGQ9Pg,20260529.0,186.0,西北部高原,Northwest Plateau,NWP,Han,山西,吕梁交城,county,111.812233,37.680185,,,交城山,交城山,山曲,民族唱法,,S329a8532,,C,title: 交城民歌 album track,,traditional,,0.0,True,,535,4
_DnkGQcxfKc,1,youtube,https://www.youtube.com/watch?v=_DnkGQcxfKc,Chinese Bai Ethnicity Folk Song - Jian Chuan Tune  白族民歌 《剑川调》  中国音乐地图 听见云南 瑞鸣音乐 Rhymoi Music,Musical Map of China 中国音乐地图.瑞鸣音乐 Rhymoi Music,youtube:UCN19zbpNCX9lrbKreffuSAQ,20211120.0,269.0,西南多民族古老原始文化民歌区,Southwest Multi-ethnic,SWM,minority,云南,大理剑川,county,100.210651,25.742713,白,,剑川调,剑川调,白族调,原生态,,S5666c4cc,,C,description: Rhymoi studio series; 地区 云南 only; county in title (剑川调),series:musical_map_of_china;accompanied;instrument:大三弦,traditional,,0.0,True,,0,0
up6N00CGhhI,1,youtube,https://www.youtube.com/watch?v=up6N00CGhhI,云朵开心演唱《螃蟹歌》诙谐幽默川普数螃蟹,Yunduo Ai,youtube:UCm_83fT-d8eX3O7BSQb84mw,20251218.0,278.0,西南高原,Southwest Plateau,SWP,Han,四川,,province,102.693453,30.674545,汉,,螃蟹歌,螃蟹歌,小调/儿歌,民族唱法,,S8bc54e65,,C,description: livestream 2025,,traditional,,0.0,True,,270,4
Gh8Tbr-7qLc,1,youtube,https://www.youtube.com/watch?v=Gh8Tbr-7qLc,江西童谣－胡蓉蓉,Tang Kok Seng,youtube:UCGnZnPn8gDlQKMahBPZmz9Q,20140604.0,138.0,赣,Gan,GAN,Han,江西,,province,115.732975,27.636112,,,江西童谣,江西童谣#Gh8Tbr-7qLc,童谣,other,,S113d99c1,,C,title only; composer 黎锦光 per song list,,composed,,0.0,False,composed,538,3
yr4COm7u6ow,1,youtube,https://www.youtube.com/watch?v=yr4COm7u6ow,HD 海伯之歌【一隻鳥仔哮啾啾 】早期台灣古名謠,海伯,youtube:UCtUDuUxzylBD5SZxtOAzbfg,20180114.0,264.0,闽台,Min–Tai,MT,Han,台湾,嘉南,province,120.971485,23.749452,,,一只鸟仔哮啾啾,一只鸟仔哮啾啾,小调,民族唱法,,Sfcef13c0,,C,description: song history text; [singer] channel,,check,,0.0,True,,539,3
xiLJCbgcuOM,1,youtube,https://www.youtube.com/watch?v=xiLJCbgcuOM,小白菜-蔡琴 Tsai Chin - Cabbage 1981,zzenzero,youtube:UCcsP0mjBDcMLp2137fwyPOw,20130519.0,211.0,东北部平原,Northeast Plain,NEP,Han,河北,,province,114.502461,38.045474,,,小白菜,小白菜,小调,other,,S9309b7d7,,C,title: 小白菜 pop version,,traditional,exclude,0.0,False,label;arrangement,540,1
zRJ1kDHpmgE,1,youtube,https://www.youtube.com/watch?v=zRJ1kDHpmgE,"鸿雁Hong yan, Inner Mongolian song",Ni Clark,youtube:UCKT85JYe3l1ndyc7gJjdHQA,20160518.0,168.0,北方草原文化民歌区,Northern Steppe,NS,minority,内蒙古,巴彦淖尔乌拉特,prefecture,107.575749,41.453305,蒙古,,鸿雁,鸿雁,短调（新词）,other,,S4fac08b7,,C,description: amateur student post,,composed,exclude,0.2941176470588235,False,label;composed,541,3
gXKAh0fUSN0,1,youtube,https://www.youtube.com/watch?v=gXKAh0fUSN0,客家歌 ( 闽西山歌 ~  吴金发 / 福建龙岩 ）,edmundchf,youtube:UC0_Dz-GDd-re6vQd2902fmw,20130628.0,213.0,客家特区,Hakka,HAK,Han,福建,龙岩,prefecture,116.74379,25.291574,汉,客家,闽西山歌,闽西山歌#gXKAh0fUSN0,山歌,原生态,,Sf3d9e155,,C,title: 龙岩; description: performed at Singapore 茶阳大埔会馆 150th anniversary 2008,,traditional,exclude,0.0,False,label,43,2
NmvPTnbQb-Y,1,youtube,https://www.youtube.com/watch?v=NmvPTnbQb-Y,掀起你的盖头来 Lift Your Veil,Dragon Music,youtube:UChR8Zi1y8vpydEL9bkUir-Q,20160507.0,226.0,新疆民歌区,Xinjiang,XJ,minority,新疆,,province,85.294711,41.371801,维吾尔,,掀起你的盖头来,掀起你的盖头来,维吾尔民歌（王洛宾整理）,民族唱法,,S9a8e5b5d,,C,description: written by Wang Luobin 1939; Ding Xiaohong version,,composed,exclude,0.0,False,label;composed,372,1
wINEGZ6pdmc,1,youtube,https://www.youtube.com/watch?v=wINEGZ6pdmc,杨华演唱湖北十堰民歌《太阳过了河》 嗓音浑厚 开口就被他征服了 [民歌中国] | 中国音乐电视 Music TV,中国音乐电视 Music TV,youtube:UCK3uufpnv3u6waDYJXmx6Kg,20250311.0,144.0,江汉,Jiang–Han,JHN,Han,湖北,十堰,prefecture,110.446495,32.45798,,,太阳过了河,太阳过了河,山歌,民族唱法,,S2b917713,,C,title: 十堰民歌 TV,,check,,0.0,True,,270,4
sW-P7Ho50mM,1,youtube,https://www.youtube.com/watch?v=sW-P7Ho50mM,许艳璐演唱《苏州好风光》 还得是吴侬软语啊 这小调儿太顺耳 [民歌中国] | 中国音乐电视Music TV,中国音乐电视 Music TV,youtube:UCK3uufpnv3u6waDYJXmx6Kg,20260630.0,224.0,江浙平原,Jiangsu–Zhejiang Plain,JZP,Han,江苏,苏州,prefecture,120.660806,31.382865,,,苏州好风光,苏州好风光,小调,民族唱法,,S46de4e3e,,C,title: 苏州好风光 TV; credited lyricist and arranger,,check,,0.0,True,,270,4
JKa2pEP14Qw,1,youtube,https://www.youtube.com/watch?v=JKa2pEP14Qw,揚劇小調：高郵西北鄉 王苓芬,隆來學Kevin LONG,youtube:UCBKx4p6IYKp7gAiHpa6Yvew,20120311.0,159.0,江淮,Jiang–Huai,JH,Han,江苏,扬州高邮,county,119.503615,32.828795,,,高邮西北乡,高邮西北乡,小调,民族唱法,,S4f762e76,,C,title: 高邮西北乡 (song place); singer born Ningbo,,traditional,exclude,0.0,False,label,531,1
8vD5B3xnhGQ,1,youtube,https://www.youtube.com/watch?v=8vD5B3xnhGQ,李谷一原唱的经典金曲湖南民歌《浏阳河》原汁原味，令人陶醉其中,春子音乐,youtube:UCKwFb_lqB0z9esKaTJtCBdw,20240807.0,130.0,湘,Xiang,XIA,Han,湖南,长沙浏阳,county,113.23516,28.357041,,,浏阳河,浏阳河,创作民歌（花鼓调）,民族唱法,,S4444405b,,C,title: [singer] original,,composed,,0.0,False,composed,547,3
l0ucGq9v1SE,1,youtube,https://www.youtube.com/watch?v=l0ucGq9v1SE,《月光光》廣東民謠 • 月光光  照地堂 年三十晚 摘檳榔 ... ♥ ♪♫*•,Music13ilove • 宇宙和諧  世界一家  •,youtube:UCBrAxjikyu7pdTSgMfROztA,20130916.0,150.0,粤,Yue,YUE,Han,广东,广府,province,113.429919,23.334643,,,月光光,月光光,童谣,other,,,,C,"description: composer 乔飞, lyricist 潘琳",,composed,,0.0,False,composed,548,4
DJd_MZTDTs4,1,youtube,https://www.youtube.com/watch?v=DJd_MZTDTs4,陈丽君独唱音乐会 10、《可爱的布谷鸟》卓尼县藏族民歌“拉伊”#音乐会现场#藏族民歌#原生态, 咖啡,youtube:UCkdd8ShS-1S0Ioso7r3jcBQ,20250921.0,202.0,藏族民歌区,Tibetan,TIB,minority,甘肃,甘南卓尼,county,103.306318,34.453788,藏,,可爱的布谷鸟（卓尼拉伊）,可爱的布谷鸟,拉伊,民族唱法,,S27afb076,,C,title: 卓尼县拉伊 as repertoire; solo recital,,traditional,,0.0,True,,549,3
CBVGg9-twRU,1,youtube,https://www.youtube.com/watch?v=CBVGg9-twRU,爬山调,金花 - Topic,youtube:UCJblKp5W_GDqfGUGlMajtWQ,20220502.0,179.0,西北部高原,Northwest Plateau,NWP,Han,内蒙古,西部,province,114.077429,44.331087,,,爬山调,爬山调,爬山调,民族唱法,,Sbd1ea278,,C,title: 爬山调 album track,,traditional,,0.0,True,,550,4
u3dZLHZq0IA,1,youtube,https://www.youtube.com/watch?v=u3dZLHZq0IA,Chinese Bai Ethnicity Folk Song - Xishan Tune 白族民歌 《西山调》 中国音乐地图 听见云南 瑞鸣音乐 Rhymoi Music,Musical Map of China 中国音乐地图.瑞鸣音乐 Rhymoi Music,youtube:UCN19zbpNCX9lrbKreffuSAQ,20211120.0,147.0,西南多民族古老原始文化民歌区,Southwest Multi-ethnic,SWM,minority,云南,大理洱源,county,100.210651,25.742713,白,,西山调,西山调,白族调,原生态,,S5666c4cc,,C,description: Rhymoi studio series; 地区 云南 only,series:musical_map_of_china;accompanied;instrument:大三弦,traditional,,0.0,True,,0,0
aHDCg_n5oBQ,1,youtube,https://www.youtube.com/watch?v=aHDCg_n5oBQ,【仝卓】贵州民歌情姐下河洗衣裳,Mousike仝卓Tong,youtube:UCTyMRXA7eU63f5RsTFnzwXg,20200908.0,186.0,西南高原,Southwest Plateau,SWP,Han,贵州,,province,106.880455,26.826368,汉,,情姐下河洗衣裳,情姐下河洗衣裳,小调,民族唱法,,S357fc1ee,,C,title: 贵州民歌,,traditional,,0.0,True,,397,4
yWLYxgwtEM4,1,youtube,https://www.youtube.com/watch?v=yWLYxgwtEM4,上茶山 [江西] 赣南民歌,方锦龙 - Topic,youtube:UCOMHR4oAR2hNCJKNEeCUasw,20220422.0,255.0,赣,Gan,GAN,Han,江西,赣南,province,115.732975,27.636112,,,上茶山,上茶山,茶歌（器乐）,instrumental,,S16c99655,,C,credits: composer 傅丹; pipa album,,composed,,0.0,False,composed,553,0
hS7qRgja0gk,1,youtube,https://www.youtube.com/watch?v=hS7qRgja0gk,病子歌 ~ 鄭寶珠+李讚聲（鈴鈴唱片),銀來彭,youtube:UCj32D7b3gKB47nYc6PESi9w,20180829.0,489.0,闽台,Min–Tai,MT,Han,台湾,,province,120.971485,23.749452,,,病子歌,病子歌,小调/对唱,民族唱法,,Sdafefb66,,C,title: Lingling Records duet,,traditional,,0.0204081632653061,True,,554,3
ZGVCHezmm2Q,1,youtube,https://www.youtube.com/watch?v=ZGVCHezmm2Q,摇篮曲 (东北民歌),Release - Topic,youtube:UCpUR4c3KZPLc_IIHl--Wu6w,20220422.0,284.0,东北部平原,Northeast Plain,NEP,Han,东北,,none,,,,,摇篮曲（东北）,摇篮曲,摇篮曲/小调,民族唱法,,S46e4ef9e,,C,title: 东北民歌 album 世界民谣,,check,,0.0,True,,555,4
DXdpY9vn4IU,1,youtube,https://www.youtube.com/watch?v=DXdpY9vn4IU,"Zha'endalei 扎恩达勒 folk song of the Daur people 达斡尔族 of Hulunbuir, Inner Mongolia, northeast China",dbadagna,youtube:UCEVEsOLJ5NFpEJe7N5nbNhA,20240810.0,109.0,北方草原文化民歌区,Northern Steppe,NS,minority,内蒙古,呼伦贝尔莫力达瓦旗,county,124.467119,49.104976,达斡尔,,扎恩达勒,扎恩达勒,扎恩达勒（山歌）,原生态,孟满荣,S851c1dff,国家级: 达斡尔族民歌(扎恩达勒),A1,"description: Meng Manrong, native of Morin Dawa Banner, National-Level Representative Inheritor of Daur folk songs; dbadagna",,traditional,,0.0909090909090909,True,,0,0
pHqgt8FM-DM,1,youtube,https://www.youtube.com/watch?v=pHqgt8FM-DM,客家山歌《 梅州传统山歌 / 客家情歌对唱 》,edmundchf,youtube:UC0_Dz-GDd-re6vQd2902fmw,20140618.0,181.0,客家特区,Hakka,HAK,Han,广东,梅州,prefecture,116.084478,24.201791,汉,客家,梅州传统山歌·情歌对唱,梅州传统山歌情歌对唱,山歌,原生态,,,,C,description: 中国梅州传统山歌 (city level),,traditional,,0.0,True,,43,2
Nc2YtQNiRyM,1,youtube,https://www.youtube.com/watch?v=Nc2YtQNiRyM,哈薩克族民歌：燕子,mingechina,youtube:UCO14uxiFIQC6lLgTe0KuMwA,20090117.0,212.0,新疆民歌区,Xinjiang,XJ,minority,新疆,,province,85.294711,41.371801,哈萨克,,燕子,燕子,哈萨克民歌,民族唱法,,,,C,title: 哈萨克族民歌 only,,composed,minor,0.0,False,composed,180,4
_GCS_Cxt8tg,1,youtube,https://www.youtube.com/watch?v=_GCS_Cxt8tg,覃诚芳，歌曲《伙计歌》，湖北土家民歌，带你感受土家情,简老师教唱歌,youtube:UC0p9GNGFpeYbQYSMFb-TZxw,20230323.0,120.0,江汉,Jiang–Han,JHN,Han,湖北,恩施,county,109.510768,30.303234,土家,,伙计歌,伙计歌,小调（土家族）,民族唱法,,Se5de4942,,C,description: voice teacher channel,,traditional,,0.0,True,,454,1
tf9-jE7spBg,1,youtube,https://www.youtube.com/watch?v=tf9-jE7spBg,苏滩  《杨柳青》  -  王彩云、王美云,H M Chan,youtube:UC_nmZAiG8o2FM1IbKC14dxA,20230514.0,341.0,江浙平原,Jiangsu–Zhejiang Plain,JZP,Han,江苏,苏州,prefecture,120.660806,31.382865,,,杨柳青（苏滩）,杨柳青,苏滩/小调,原生态,,S6f0cd933,,C,description: 1933 Shanghai Beika record,,traditional,,0.0,True,,278,4
8CStXzhcV_s,1,youtube,https://www.youtube.com/watch?v=8CStXzhcV_s,◆扬州清曲◆《孟姜女》十二月調、揚州話、下江 、淮东、扬淮,"廣陵雪 Kuangq lingz shyeh, Guãng Líng xuêc.",youtube:UC_-90lgkcHvT8n-IDn4Fh6g,20170626.0,555.0,江淮,Jiang–Huai,JH,Han,江苏,扬州,prefecture,119.479719,32.737224,,,孟姜女（扬州清曲·十二月调）,孟姜女,清曲/小调,原生态,,S07112c86,,C,"description: 扬州清曲, singer named, no locality",,traditional,,0.0,True,,0,0
ZYBpysy5oqY,1,youtube,https://www.youtube.com/watch?v=ZYBpysy5oqY,宋祖英- 《浏阳河》,dxh1991,youtube:UCBgr-7aJ9Lq2deGnQ1LBQBg,20160826.0,210.0,湘,Xiang,XIA,Han,湖南,长沙浏阳,county,113.23516,28.357041,,,浏阳河,浏阳河,创作民歌（花鼓调）,民族唱法,,S3e851362,,C,title only,,composed,,0.0476190476190476,False,composed,349,3
-Z0Vvm-yy7w,1,youtube,https://www.youtube.com/watch?v=-Z0Vvm-yy7w,落雨大 (粤语独唱版),赵芃 - Topic,youtube:UCQoH7APNc3DFTkLC2kejBwA,20220212.0,96.0,粤,Yue,YUE,Han,广东,广州,prefecture,113.544372,23.329249,,,落雨大,落雨大,童谣,other,,S49dbc605,,C,credits: composer 曾咏贤; children's album,,composed,,0.0,False,composed,563,4
JyBupEVYRBI,1,youtube,https://www.youtube.com/watch?v=JyBupEVYRBI,[中国民歌大会]藏族民歌《北京的金山上》 演唱：索朗达吉 扎西巴姆,CCTV中国中央电视台,youtube:UCcLK3j-XWdGBnt5bR9NJHaQ,20161005.0,66.0,藏族民歌区,Tibetan,TIB,minority,西藏,,province,88.388277,31.56375,藏,,北京的金山上,北京的金山上,藏族民歌（新词）,民族唱法,,S589300be,,C,title: CCTV 民歌大会; 1960s new lyrics,,composed,,0.0,False,composed,0,0
FPBEWCsDnE0,1,youtube,https://www.youtube.com/watch?v=FPBEWCsDnE0,柳强强现场演唱经典陕北民歌《走三边》实力派原汁原味！,陕北之声,youtube:UCvMrvQCTZxZfi8P7mf53JBw,20221227.0,153.0,西北部高原,Northwest Plateau,NWP,Han,陕西,陕北,province,108.887114,35.263661,,,走三边,走三边,信天游,原生态,,Saa3070c7,,C,"title: singer named, 陕北",,check,,0.0,True,,295,4
vZU73xs3nQ0,1,youtube,https://www.youtube.com/watch?v=vZU73xs3nQ0,Chinese Bai Ethnicity Folk Song - Salt Carrying Tune 白族民歌 《背盐调》 中国音乐地图 听见云南 瑞鸣音乐 Rhymoi Music,Musical Map of China 中国音乐地图.瑞鸣音乐 Rhymoi Music,youtube:UCN19zbpNCX9lrbKreffuSAQ,20211120.0,109.0,西南多民族古老原始文化民歌区,Southwest Multi-ethnic,SWM,minority,云南,大理,county,100.210651,25.742713,白,,背盐调,背盐调,白族调,原生态,,S5666c4cc,,C,description: Rhymoi studio series; 地区 云南; sanxian credited,series:musical_map_of_china;accompanied;instrument:大三弦,traditional,,0.0,True,,0,0
9RDYdUUxh8c,1,youtube,https://www.youtube.com/watch?v=9RDYdUUxh8c,唱响新時代-情姐下河洗衣裳-貴州道真1920x1080HD版,游精德,youtube:UCvTUSLlhd4uh7xdNiRdDHzg,20220218.0,82.0,西南高原,Southwest Plateau,SWP,Han,贵州,遵义道真,county,107.610183,28.927796,仡佬,,情姐下河洗衣裳,情姐下河洗衣裳,小调,原生态,,,,B,title: 贵州道真; satellite-TV recording of local show,,traditional,,0.0,True,,567,1
874CV3skQsI,1,youtube,https://www.youtube.com/watch?v=874CV3skQsI,江西赣南采茶调纯曲《十怨妹》旋律优美，韵味十足，超级好听！,敏锐杰米4k1,youtube:UCb7bMdQsKz9vamrCZ5blPWA,20230425.0,241.0,赣,Gan,GAN,Han,江西,赣南,province,115.732975,27.636112,,,十怨妹,十怨妹,采茶调（器乐）,instrumental,,,,C,title: 采茶调纯曲 (instrumental),,traditional,,0.0,True,,568,3
9HG3knnbWn0,1,youtube,https://www.youtube.com/watch?v=9HG3knnbWn0,劉福助-恆春調                   台語歌詞標誌+字幕版c,ㄚ曠,youtube:UCZJjaxw149UiFwiDckrnPVw,20170123.0,142.0,闽台,Min–Tai,MT,Han,台湾,屏东恒春,province,120.971485,23.749452,,,恒春调,恒春调,恒春民谣,民族唱法,,S0f03ddca,,C,title: 恒春调 sung by [singer],,check,,0.0,True,,434,2
qv_O-YnsUQ8,1,youtube,https://www.youtube.com/watch?v=qv_O-YnsUQ8,《放風箏》（河北民歌）中央少年廣播合唱團,Juza's Bobo,youtube:UC3CdN5ZetniyL3UxKPHBULQ,20240423.0,212.0,东北部平原,Northeast Plain,NEP,Han,河北,,province,114.502461,38.045474,,,放风筝,放风筝,小调,other,,,,C,title: 河北民歌; choir,,check,,0.0,False,arrangement,570,0
sknMMCCCpYw,1,youtube,https://www.youtube.com/watch?v=sknMMCCCpYw,Evenki Song 鄂温克族民歌  -  毛傲吉坎河,kwwkwwkww,youtube:UCG6djxZXJPa28tl3RB3D-RQ,20090322.0,113.0,北方草原文化民歌区,Northern Steppe,NS,minority,内蒙古,呼伦贝尔,prefecture,120.906902,49.635232,鄂温克,,毛敖吉坎河,毛敖吉坎河,鄂温克民歌,民族唱法,,Sd8992df2,,C,title/tags: Evenki song; singer name from tags only,,traditional,,0.0,True,,0,0
pfzlivLiIWw,1,youtube,https://www.youtube.com/watch?v=pfzlivLiIWw,客家歌谣 《有好山歌溜等来》,贺州客家风光.,youtube:UCXCgt4xQYnr4JbM93-gKQ5w,20180611.0,117.0,客家特区,Hakka,HAK,Han,广西,贺州,prefecture,111.366008,24.358064,汉,客家,有好山歌溜等来,有好山歌溜等来,山歌/歌谣,原生态,,,,C,channel: 贺州客家风光; lyrics with 男甲/女甲 roles,,traditional,minor,0.0,True,,572,1
k7dbkKi5f24,1,youtube,https://www.youtube.com/watch?v=k7dbkKi5f24,玛依拉 - 新疆哈萨克民歌。王洛宾作品 。演唱：殷秀梅。Xinjiang Folk Songs,音悦川2,youtube:UCTelyAiGUtwDM7fmgoF7_-g,20220204.0,221.0,新疆民歌区,Xinjiang,XJ,minority,新疆,,province,85.294711,41.371801,哈萨克,,玛依拉,玛依拉,哈萨克民歌,民族唱法,,S15171f7d,,C,"title: 王洛宾作品, [singer]",,composed,minor,0.0,False,composed,453,3
wkxvUsNKbRc,1,youtube,https://www.youtube.com/watch?v=wkxvUsNKbRc,"Lichuan xiaoqu 利川小曲 narrative singing from Enshi, Hubei, China",dbadagna,youtube:UCEVEsOLJ5NFpEJe7N5nbNhA,20220722.0,592.0,江汉,Jiang–Han,JHN,Han,湖北,恩施利川,county,109.510768,30.303234,土家,,利川小曲,利川小曲#wkxvUsNKbRc,小曲（说唱）,field,,,,B,"description: filmed in Lichuan 2006, 非遗申报片; narrative singing",,traditional,,0.1525423728813559,True,,0,0
UI8mlidicrc,1,youtube,https://www.youtube.com/watch?v=UI8mlidicrc,"Shengpu xuanjuan 胜浦宣卷 narrative singing from Suzhou 苏州市, Jiangsu, China",dbadagna,youtube:UCEVEsOLJ5NFpEJe7N5nbNhA,20240608.0,393.0,江浙平原,Jiangsu–Zhejiang Plain,JZP,Han,江苏,苏州工业园区胜浦街道,prefecture,120.660806,31.382865,,,胜浦宣卷,胜浦宣卷,宣卷/说唱,原生态,,,,B,"description: performance of Shengpu xuanjuan, Shengpu Subdistrict; dbadagna",,traditional,,0.1794871794871795,True,,0,0
hjFazw-Ipmc,1,youtube,https://www.youtube.com/watch?v=hjFazw-Ipmc,揚劇小調：撒趟子撩在外 王苓芬,隆來學Kevin LONG,youtube:UCBKx4p6IYKp7gAiHpa6Yvew,20120225.0,192.0,江淮,Jiang–Huai,JH,Han,江苏,扬州,prefecture,119.479719,32.737224,,,撒趟子撂在外,撒趟子撂在外,小调,民族唱法,,S4f762e76,,C,description: Wang Lingfen born Ningbo,,check,exclude,0.0,False,label,531,1
niUi-cWgmXQ,1,youtube,https://www.youtube.com/watch?v=niUi-cWgmXQ,挑担茶叶上北京  何纪光,Dowen L,youtube:UCvS-SHKZy9ZnbntNy5ig4LA,20131130.0,182.0,湘,Xiang,XIA,Han,湖南,,province,111.711649,27.629216,,,挑担茶叶上北京,挑担茶叶上北京,创作民歌,民族唱法,,S085eb0f8,,C,title only,,composed,,0.0,False,composed,132,2
ii8U3EOVo2M,1,youtube,https://www.youtube.com/watch?v=ii8U3EOVo2M,廣東童謠  《雞公仔》  黎沅君,Wai Yin Kids' Music Channel 韋然兒歌頻道,youtube:UCvNuMWNb_tMUx_yinVa9Dxw,20221211.0,101.0,粤,Yue,YUE,Han,广东,广府,province,113.429919,23.334643,,,鸡公仔,鸡公仔,童谣,other,,S357934f6,,C,description: melody and lyrics 韦然,,composed,,0.0,False,composed,578,2
O-3nJURqHOQ,1,youtube,https://www.youtube.com/watch?v=O-3nJURqHOQ,康巴酒歌，Tibtean Wine Song,DQ W,youtube:UCnrZwBFDoinXdnLqkX0bfyw,20201227.0,158.0,藏族民歌区,Tibetan,TIB,minority,四川,甘孜,county,99.769377,32.052674,藏,,康巴酒歌,康巴酒歌#O-3nJURqHOQ,酒歌,other,,,,C,title: 康巴酒歌 only,,check,,0.0,True,,579,4
r0Ji09N8wA4,1,youtube,https://www.youtube.com/watch?v=r0Ji09N8wA4,郭兰英版本的《走西口》，我觉得最好听，有原汁原味的感觉！【岭枫音乐】,구하다 태아보험,youtube:UChwhuPVmbFXDneczLE5XFXA,20230117.0,210.0,西北部高原,Northwest Plateau,NWP,Han,山西,,province,112.304436,37.618179,,,走西口,走西口,山曲/二人台,民族唱法,,Sca8f4a7d,,C,title only,,traditional,,0.0,True,,580,4
CoL1ASLucUY,1,youtube,https://www.youtube.com/watch?v=CoL1ASLucUY,Chinese Bai Ethnicity Folk Music - Playing Dragon Tune 白族民歌 《耍龙调》 中国音乐地图 听见云南 瑞鸣音乐 Rhymoi Music,Musical Map of China 中国音乐地图.瑞鸣音乐 Rhymoi Music,youtube:UCN19zbpNCX9lrbKreffuSAQ,20211120.0,125.0,西南多民族古老原始文化民歌区,Southwest Multi-ethnic,SWM,minority,云南,大理,county,100.210651,25.742713,白,,耍龙调,耍龙调,白族民歌,instrumental,,Sd42b88a2,,C,description: Rhymoi studio series; credited instrument 达比亚 only,series:musical_map_of_china;accompanied;instrument:达比亚,traditional,,0.0,True,,0,0
jQGqaK7SbZA,1,youtube,https://www.youtube.com/watch?v=jQGqaK7SbZA,猜调（云南昆明彝族民歌）,Release - Topic,youtube:UCTXWJBZu3kji_4X4Uw8_frw,20260529.0,108.0,西南高原,Southwest Plateau,SWP,Han,云南,昆明,prefecture,102.87442,25.387092,彝,,猜调,猜调,小调/对歌,民族唱法,,S87c432f9,,C,title: 昆明彝族民歌 album track,,traditional,,0.0,True,,58,3
0gTohrBCIXg,1,youtube,https://www.youtube.com/watch?v=0gTohrBCIXg,心中自有小百灵 (赣南民歌),黄玉英 - Topic,youtube:UCeM32vMoM7twe-a96Bth8lQ,20220210.0,116.0,赣,Gan,GAN,Han,江西,赣南,province,115.732975,27.636112,,,心中自有小百灵,心中自有小百灵,小调,民族唱法,,S67cefc9b,,C,title: 赣南民歌 album 采茶金曲 track; may be newer song,,check,,0.0,True,,103,1
l1wMhz6tq4M,1,youtube,https://www.youtube.com/watch?v=l1wMhz6tq4M,望春風 (台語),鄧麗君 Teresa Teng テレサ・テン,youtube:UCI2cy2lwlzMksxEu63E8Zag,20181030.0,175.0,闽台,Min–Tai,MT,Han,台湾,,province,120.971485,23.749452,,,望春风,望春风,台湾歌谣,other,,S9b7f0db2,,C,"credits: composer 邓雨贤, lyricist 李临秋 (1933)",,composed,exclude,0.0,False,label;arrangement;composed,584,4
Zg_ZyZMe11M,1,youtube,https://www.youtube.com/watch?v=Zg_ZyZMe11M,沂蒙山小调 (山东民歌),平静 - Topic,youtube:UCWbYPtBw269KqhqyzyN3qDQ,20220919.0,201.0,东北部平原,Northeast Plain,NEP,Han,山东,临沂,prefecture,118.286421,35.311899,,,沂蒙山小调,沂蒙山小调#Zg_ZyZMe11M,小调,民族唱法,,S85dc6e7a,,C,title: 山东民歌 album track,,composed,,0.0,False,composed,585,1
sbIizrbIam4,1,youtube,https://www.youtube.com/watch?v=sbIizrbIam4,鄂伦春族民歌  -  赞达仁,kwwkwwkww,youtube:UCG6djxZXJPa28tl3RB3D-RQ,20090322.0,110.0,北方草原文化民歌区,Northern Steppe,NS,minority,内蒙古,,province,114.077429,44.331087,鄂伦春,,赞达仁,赞达仁,赞达仁（山歌）,民族唱法,,,,C,title only,,traditional,,0.0,True,,0,0
qNT2xk_noYI,1,youtube,https://www.youtube.com/watch?v=qNT2xk_noYI,Traditional Hakka Hill Song | 客家山歌,KAYE LBA,youtube:UC5GCtjqN9-ApOH1od0NIzUA,20210225.0,86.0,客家特区,Hakka,HAK,Han,广东,梅州,prefecture,116.084478,24.201791,汉,客家,客家山歌（传统）,客家山歌#qNT2xk_noYI,山歌,原生态,,,,C,"description: Yearning Tea Plantation, Meizhou, 2019; no township",,traditional,,0.0,True,,587,0
rLDe2GVMvRg,1,youtube,https://www.youtube.com/watch?v=rLDe2GVMvRg,经典维吾尔族民歌《青春舞曲》 怀旧金曲，值得回味！| 中华民族,中华民族,youtube:UCB8UNxCWib9a91rmXORcVSQ,20221215.0,131.0,新疆民歌区,Xinjiang,XJ,minority,新疆,,province,85.294711,41.371801,维吾尔,,青春舞曲,青春舞曲,维吾尔民歌（王洛宾整理）,民族唱法,,S9f73da8b,,C,description: 沈阳音乐学院 choir,,composed,exclude,0.0,False,label;arrangement;composed,469,2
yC8iHRv_Nk0,1,youtube,https://www.youtube.com/watch?v=yC8iHRv_Nk0,沔阳民歌《月望郎》,許娸雯,youtube:UCLPlus78IajJUyo3ooLsiGA,20200811.0,165.0,江汉,Jiang–Han,JHN,Han,湖北,仙桃(沔阳),prefecture,113.381345,30.287564,,,月望郎,月望郎,小调,原生态,,,,C,title: 沔阳民歌 only,,traditional,,0.0,True,,19,4
llB7nbQhDhY,1,youtube,https://www.youtube.com/watch?v=llB7nbQhDhY,民樂迎春04《紫竹調》江南民歌•中央廣播民族管弦樂團,Redogful,youtube:UC9I49axZNa4eZq-PvZy5tyA,20130125.0,209.0,江浙平原,Jiangsu–Zhejiang Plain,JZP,Han,江苏,上海,province,121.438737,31.072559,,,紫竹调,紫竹调,小调,instrumental,,,,C,description: 中央广播民族管弦乐团,,traditional,,0.0,False,arrangement,395,2
eqaiFiVHtFo,1,youtube,https://www.youtube.com/watch?v=eqaiFiVHtFo,《鳳陽花鼓》｜安徽民歌｜二胡：胡兆軒,胡兆軒,youtube:UCpgJUU7F7o-57Zek4uaTR3Q,20240623.0,121.0,江淮,Jiang–Huai,JH,Han,安徽,滁州凤阳,county,117.604448,32.787502,,,凤阳花鼓,凤阳花鼓,花鼓/小调,instrumental,,S5bc2c9f8,,C,description: erhu piece from 凤阳 song,,traditional,,0.0,False,arrangement,591,2
14z4NLC8D4Y,1,youtube,https://www.youtube.com/watch?v=14z4NLC8D4Y,刘海砍樵 - 湖南花鼓戏名段。民歌经典，演唱：李谷一  姜昆,音悦川,youtube:UCvbX1e35_v9IGVPhbLe-7Tg,20210814.0,146.0,湘,Xiang,XIA,Han,湖南,长沙,county,113.23516,28.357041,,,刘海砍樵,刘海砍樵,花鼓戏选段,民族唱法,,S09de97aa,,C,"title: 花鼓戏 excerpt, duet",,check,,0.0,True,,468,4
5EKOaxgl6zo,1,youtube,https://www.youtube.com/watch?v=5EKOaxgl6zo,Teochew Swabue Folk Song (潮州汕尾渔歌),1. Allan Tan,youtube:UCsUgR23N_ZAxc5l1MoX77-g,20201011.0,299.0,粤,Yue,YUE,Han,广东,汕尾,prefecture,115.53778,23.004558,,,汕尾渔歌,汕尾渔歌#5EKOaxgl6zo,渔歌,原生态,,,,C,title: Teochew/Swabue folk song; Singapore channel,,traditional,minor,0.1666666666666666,True,,593,1
AioJGv9xG5U,1,youtube,https://www.youtube.com/watch?v=AioJGv9xG5U,Beautiful Tibetan Singer singing Changshay from Tibet,Tibetan Evergreen Songs,youtube:UCSQsUb040eiVWgYQ2M4xgQQ,20250701.0,80.0,藏族民歌区,Tibetan,TIB,minority,西藏,,province,88.388277,31.56375,藏,,羌谐（Changshay 酒歌）,羌谐,酒歌（羌谐）,other,,,,C,title: Tibetan singer; channel hosts mostly modern/pop material,,check,minor,0.0,True,,594,3
PAWfmULFrnM,1,youtube,https://www.youtube.com/watch?v=PAWfmULFrnM,[原声天籁——中国民歌盛典]陕北民歌《蓝花花》 演唱：郭涛 野强强|CCTV,CCTV中国中央电视台,youtube:UCcLK3j-XWdGBnt5bR9NJHaQ,20231129.0,166.0,西北部高原,Northwest Plateau,NWP,Han,陕西,陕北,province,108.887114,35.263661,,,兰花花,兰花花,信天游,民族唱法,,Sb5fcbbc6,,C,"title: CCTV gala, 陕北民歌",,check,,0.0,True,,0,0
qXvCnzz-Da4,1,youtube,https://www.youtube.com/watch?v=qXvCnzz-Da4,Chinese Miao Ethnicity Folk Song - Welcome Song | 苗族民歌 《迎客歌》 中国音乐地图  听见湖南 瑞鸣音乐 Rhymoi Music,Musical Map of China 中国音乐地图.瑞鸣音乐 Rhymoi Music,youtube:UCN19zbpNCX9lrbKreffuSAQ,20221226.0,129.0,西南多民族古老原始文化民歌区,Southwest Multi-ethnic,SWM,minority,湖南,湘西,prefecture,109.731854,28.694703,苗,,迎客歌,迎客歌,苗族民歌,原生态,,S7cefb1a5,,C,description: Rhymoi studio series; 地区 湘西 (prefecture),series:musical_map_of_china;unaccompanied;multiple_singers,traditional,minor,0.1538461538461538,True,,0,0
6vgd3X-WZrc,1,youtube,https://www.youtube.com/watch?v=6vgd3X-WZrc,太阳出来喜洋洋 - 民歌经典,音悦川,youtube:UCvbX1e35_v9IGVPhbLe-7Tg,20210703.0,259.0,西南高原,Southwest Plateau,SWP,Han,四川,,province,102.693453,30.674545,汉,,太阳出来喜洋洋,太阳出来喜洋洋,山歌,民族唱法,,,,C,title only; piano/classic playlist channel,,composed,,0.0,False,composed,468,4
Bu_KGdOKkHo,1,youtube,https://www.youtube.com/watch?v=Bu_KGdOKkHo,[中国民歌大会]赣南采茶调《送郎调》 演唱：张红英,CCTV中国中央电视台,youtube:UCcLK3j-XWdGBnt5bR9NJHaQ,20161007.0,67.0,赣,Gan,GAN,Han,江西,赣南,province,115.732975,27.636112,,,送郎调,送郎调,采茶调,民族唱法,,S2986eab8,,C,title: CCTV 民歌大会,,traditional,,0.0,True,,0,0
xjC-ia-fFNc,1,youtube,https://www.youtube.com/watch?v=xjC-ia-fFNc,雨夜花,鄧麗君 Teresa Teng テレサ・テン,youtube:UCI2cy2lwlzMksxEu63E8Zag,20220616.0,167.0,闽台,Min–Tai,MT,Han,台湾,,province,120.971485,23.749452,,,雨夜花,雨夜花,台湾歌谣,other,,S9b7f0db2,,C,"credits: 邓雨贤, 周添旺 (1934)",,composed,exclude,0.0,False,label;arrangement;composed,584,4
BV1PV411J7Lr,2,bilibili,https://www.bilibili.com/video/BV1PV411J7Lr,山东威海话：荣成渔民表演《渔民号子》，夹杂着方言，你能听懂吗,威海小明说房,bilibili:546028162,20210419.0,319.482,东北部平原,Northeast Plain,NEP,Han,山东,威海荣成,county,122.404571,37.11623,,,荣成渔民号子,荣成渔民号子#BV1PV411J7Lr,号子,field,,S62622c1c,,B,Local Weihai vlogger films 荣成 fishermen performing in 威海话 dialect,,traditional,,0.34375,True,,600,1
BV1aZ4y1o7Ce,2,bilibili,https://www.bilibili.com/video/BV1aZ4y1o7Ce,荣成渔家号子:喊出渔家人的“精气神”,我的城事,bilibili:1556706590,20220208.0,83.962,东北部平原,Northeast Plain,NEP,Han,山东,威海荣成,county,122.404571,37.11623,,,荣成渔民号子,荣成渔民号子#BV1aZ4y1o7Ce,号子,field,,,,B,Title: 荣成渔家号子 (local city channel 我的城事),,traditional,,0.0,True,,601,1
BV13kfNYdEr1,2,bilibili,https://www.bilibili.com/video/BV13kfNYdEr1,【非遗传承·海的力量】威海渔民号子的千年回响,威海市高区非遗协会,bilibili:421038030,20250402.0,82.588,东北部平原,Northeast Plain,NEP,Han,山东,威海,prefecture,122.000805,37.118677,,,威海渔民号子,威海渔民号子#BV13kfNYdEr1,号子,原生态,,,,B,"Uploaded by 威海市高区非遗协会 (district ICH association), 非遗传承 item",,traditional,,0.125,True,,602,2
BV1wc41187df,2,bilibili,https://www.bilibili.com/video/BV1wc41187df,1963年蒋秀春&amp;苑振发现场演唱《孟姜女》实况录音（又名《孟姜女哭长城》；河北石家庄晋县民歌；石家庄民歌演唱会）,思的虔诚,bilibili:319779039,20240104.0,151.38,东北部平原,Northeast Plain,NEP,Han,河北,石家庄晋县(晋州),county,115.083994,37.984837,,,孟姜女,孟姜女,小调,原生态,,S9fe1c3fe,,A2,"Desc: [singer](1905-1968) 盲艺人, 晋州槐树乡龙头村人; 1963 石家庄民歌演唱会 live",,traditional,,0.0,True,,280,3
BV181QsBJEzv,2,bilibili,https://www.bilibili.com/video/BV181QsBJEzv,原汁原味 1985年著名天津民间老艺人牛亭山现场演唱《画扇面》实况录音（天津西青区杨柳青民歌；天津民歌演唱会）,思的虔诚,bilibili:319779039,20260413.0,290.133,东北部平原,Northeast Plain,NEP,Han,天津,西青区杨柳青,prefecture,117.118438,39.028602,,,画扇面,画扇面,小调,原生态,,S710e7926,,A2,Title: 1985年天津民间老艺人[singer]现场演唱 (天津西青区杨柳青民歌; 天津民歌演唱会),,traditional,,0.0,True,,280,3
BV1mhWqzFEGA,2,bilibili,https://www.bilibili.com/video/BV1mhWqzFEGA,河北昌黎这一首《茉莉花》叙述性强，衬词、衬句极多 曲调流畅婉转 1959年赵树义&amp;张德钧现场领唱《茉莉花》（河北昌黎民歌；中央歌舞团民族乐队伴奏；李焕之 指挥）,思的虔诚,bilibili:319779039,20251016.0,270.333,东北部平原,Northeast Plain,NEP,Han,河北,秦皇岛昌黎,county,119.101644,39.626176,,,茉莉花（昌黎）,茉莉花,小调,原生态,,S2cc5285d,,C,"Title: 1959 昌黎民歌, with 中央歌舞团民族乐队; singers locality not stated",,traditional,,0.0,True,,280,3
BV1KY411C7sL,2,bilibili,https://www.bilibili.com/video/BV1KY411C7sL,【东北特色民族女高音】1978年徐桂珠演唱《叫五更》实况录音,思的虔诚,bilibili:319779039,20230226.0,287.871,东北部平原,Northeast Plain,NEP,Han,辽宁,大连,prefecture,122.190893,39.593378,满,,叫五更,叫五更,小调,民族唱法,,S7d20c8e0,,A2,"Desc: [singer] b.1936 大连, 满族, local child singer → 大连市歌舞团; 1978 live",,traditional,,0.0,True,,280,3
BV1Ho4y157Ss,2,bilibili,https://www.bilibili.com/video/BV1Ho4y157Ss,山东德州民歌 大实话 魏占河 苗晶等演唱 1957年录音,雷雨wsl,bilibili:30402757,20230515.0,292.849,东北部平原,Northeast Plain,NEP,Han,山东,德州,prefecture,116.653941,37.251267,,,大实话,大实话,小调,原生态,,Sc067d140,,B,Desc: 中国艺术研究院 1957 第二届全国民间音乐舞蹈会演 山东省代表队,,traditional,,0.0689655172413793,True,,861,1
BV1f34y1W75o,2,bilibili,https://www.bilibili.com/video/BV1f34y1W75o,山东青州民歌 打秋千 武桂英等演唱 1963年录音,雷雨wsl,bilibili:30402757,20220627.0,134.512,东北部平原,Northeast Plain,NEP,Han,山东,青州,county,118.462705,36.675137,,,打秋千,打秋千,小调,原生态,,S87aadff5,,B,Desc: 1963年山东省民歌演唱会 专区代表队节目,,traditional,,0.0,True,,861,1
BV1He411r7Xp,2,bilibili,https://www.bilibili.com/video/BV1He411r7Xp,山东五莲民歌 绣花曲 时惠珍 石志贞演唱 1959年录音,雷雨wsl,bilibili:30402757,20231222.0,211.672,东北部平原,Northeast Plain,NEP,Han,山东,日照五莲,county,119.243496,35.737456,,,绣花曲,绣花曲,小调,原生态,,S3f6e82d8,,B,Desc: 山东省1959年跃进歌舞会演 昌潍专区代表队节目,,traditional,,0.0,True,,861,1
BV1kZ42117TN,2,bilibili,https://www.bilibili.com/video/BV1kZ42117TN,山东寿张民歌 黄河硪号 吕瑞起演唱 1963年录音,雷雨wsl,bilibili:30402757,20240223.0,129.798,东北部平原,Northeast Plain,NEP,Han,山东,寿张(阳谷),county,115.869642,36.144269,,,黄河硪号,黄河硪号,号子,原生态,,Se06f78c8,,B,"Title: 山东寿张民歌, 1963年录音",,traditional,,0.0,True,,861,1
BV1Pi4y1W7Lk,2,bilibili,https://www.bilibili.com/video/BV1Pi4y1W7Lk,山东德州武城民歌《唱秧歌》田元生、杨茂英 演唱1964年录音 1965年出版 中国唱片1—6630,韭菜盒盒子_6,bilibili:310750325,20240119.0,189.334,东北部平原,Northeast Plain,NEP,Han,山东,德州武城,county,116.084099,37.237587,,,唱秧歌,唱秧歌,秧歌,原生态,,Sf013aef9,,B,"Title: 武城民歌, 1964年录音, 中国唱片1-6630",,traditional,,0.0,True,,611,2
BV1Re41117az,2,bilibili,https://www.bilibili.com/video/BV1Re41117az,《采莲船》（山东微山民歌）胥国红、卜德彦 演唱,韭菜盒盒子_6,bilibili:310750325,20240120.0,162.864,东北部平原,Northeast Plain,NEP,Han,山东,济宁微山,county,116.979944,34.884615,,,采莲船,采莲船,小调,原生态,,S486a7ea8,,C,"Title: 山东微山民歌; singers named, locality not stated",,traditional,,0.0,True,,611,2
BV1nt42187b9,2,bilibili,https://www.bilibili.com/video/BV1nt42187b9,山东平度民歌《逛花灯》，陈蒙恩 演唱,韭菜盒盒子_6,bilibili:310750325,20240226.0,265.868,东北部平原,Northeast Plain,NEP,Han,山东,青岛平度,county,119.944487,36.782164,,,逛花灯,逛花灯,小调,other,,S0992ace6,,C,Title: 山东平度民歌,,traditional,,0.0,True,,611,2
BV19w411X7xm,2,bilibili,https://www.bilibili.com/video/BV19w411X7xm,贾堂霞演唱《大辫子甩三甩》济宁泗水县民歌,韭菜盒盒子_6,bilibili:310750325,20231020.0,157.291,东北部平原,Northeast Plain,NEP,Han,山东,济宁泗水,county,117.340811,35.634751,,,大辫子甩三甩,大辫子甩三甩,小调,民族唱法,,S84da3abb,,C,Title: 济宁泗水县民歌,,traditional,,0.0,True,,611,2
BV1wobYzsEYM,2,bilibili,https://www.bilibili.com/video/BV1wobYzsEYM,〔东北民歌〕纪凤莲《送行曲》1938 荣利,恁道谎阳台雨云,bilibili:670003795,20250813.0,193.933,东北部平原,Northeast Plain,NEP,Han,东北,(东北),none,,,,,江南送情郎,江南送情郎,小调,原生态,,Sf8e9adc9,,C,1938 荣利 78rpm record; desc says the piece is 《江南送情郎》,,traditional,,0.0,True,,280,3
BV1LxhD6jET4,2,bilibili,https://www.bilibili.com/video/BV1LxhD6jET4,〔河北民歌〕刘长洪《二十四棵树》1963,恁道谎阳台雨云,bilibili:670003795,20260926.0,99.933,东北部平原,Northeast Plain,NEP,Han,河北,(河北),province,114.502461,38.045474,,,二十四棵树,二十四棵树,小调,原生态,,Seb954b06,,B,Title/desc: 1963 艺研院录音 (中国艺术研究院 archive),,traditional,,0.0,True,,280,3
BV1pM4y1L7oL,2,bilibili,https://www.bilibili.com/video/BV1pM4y1L7oL,山东潍坊民歌《对花》传统情歌,礼乐数字文化,bilibili:688081722,20210821.0,233.855,东北部平原,Northeast Plain,NEP,Han,山东,潍坊,prefecture,119.077723,36.554349,,,对花（潍坊）,对花,小调,other,,,,C,Title only,,traditional,,0.0,True,,617,1
BV1Jb4y1m7xD,2,bilibili,https://www.bilibili.com/video/BV1Jb4y1m7xD,山东郯城民歌《五只小船》,礼乐数字文化,bilibili:688081722,20210823.0,232.682,东北部平原,Northeast Plain,NEP,Han,山东,临沂郯城,county,118.322841,34.625779,,,五只小船,五只小船,小调,other,,,,C,Title only,,traditional,,0.0,True,,617,1
BV1d3GReTEWm,2,bilibili,https://www.bilibili.com/video/BV1d3GReTEWm,河北昌黎民歌《捡棉花》- 郝志明,申木也,bilibili:17156218,20240614.0,127.709,东北部平原,Northeast Plain,NEP,Han,河北,秦皇岛昌黎,county,119.101644,39.626176,,,捡棉花,捡棉花,小调,原生态,,S74f2fb0d,国家级: 昌黎民歌 (unnamed),B,"Desc: 2024 河北省非遗宣传展示 (雄安), with three national 昌黎民歌 inheritors",,traditional,,0.0,True,,619,3
BV1K84y177oe,2,bilibili,https://www.bilibili.com/video/BV1K84y177oe,【河北民歌】范红兰老人演唱小调《探清水河》,邶豫,bilibili:287336361,20230125.0,538.423,东北部平原,Northeast Plain,NEP,Han,河北,(河北),province,114.502461,38.045474,,,探清水河,探清水河,小调,原生态,,S6cc4cd21,,C,Title: 河北民歌 [singer]老人; village not stated,,traditional,,0.0,True,,620,3
BV1jopkz9EuC,2,bilibili,https://www.bilibili.com/video/BV1jopkz9EuC,长岛渔号,梧锦华,bilibili:3546705419045269,20250916.0,226.139,东北部平原,Northeast Plain,NEP,Han,山东,烟台长岛,prefecture,120.804685,37.241819,,,长岛渔号,长岛渔号,号子,原生态,,,,C,Title only (国家级非遗 长岛渔号),,traditional,,0.0869565217391304,True,,621,4
BV1nJ411m7ax,2,bilibili,https://www.bilibili.com/video/BV1nJ411m7ax,流传在东北长白山茫茫林海的森林号子，是伐木工人抬木头时唱的歌,广东卫视,bilibili:75871361,20191118.0,135.293,东北部平原,Northeast Plain,NEP,Han,吉林,长白山林区,prefecture,127.290795,42.074968,,,森林号子,森林号子#BV1nJ411m7ax,号子,原生态,,,,C,广东卫视《劳动号子》 TV clip; 长白山 loggers song,,traditional,,0.0,True,,622,4
BV12X4y1P7E9,2,bilibili,https://www.bilibili.com/video/BV12X4y1P7E9,龙江森工人喊着劳动号子将原木抬出了大山,森工林区白开水,bilibili:382523775,20210122.0,63.83,东北部平原,Northeast Plain,NEP,Han,黑龙江,龙江森工林区,county,123.080975,47.24642,,,抬木号子,抬木号子#BV12X4y1P7E9,号子,field,,,,B,Field clip: 龙江森工 workers carrying logs out of the mountains while singing,,traditional,,0.6666666666666666,True,,623,0
BV1Zu4m1c7EA,2,bilibili,https://www.bilibili.com/video/BV1Zu4m1c7EA,伊春文旅原生态森林号子，东北大汉歌声超气派！,若薇少女,bilibili:1205717159,20240229.0,87.12,东北部平原,Northeast Plain,NEP,Han,黑龙江,伊春,prefecture,129.224747,47.830729,,,森林号子,森林号子#BV1Zu4m1c7EA,号子,field,,,,B,Title: 伊春文旅 原生态森林号子,,traditional,,0.1111111111111111,True,,624,2
BV1V44y1n7Pw,2,bilibili,https://www.bilibili.com/video/BV1V44y1n7Pw,【东北二人转】小帽《艺人翻身》吴小玉 董振昌,咱俩的王国,bilibili:98071845,20220221.0,203.466,东北部平原,Northeast Plain,NEP,Han,东北,(东北),none,,,,,艺人翻身,艺人翻身,二人转小帽,原生态,,Seb2b02d9,,C,二人转 performers; locality not stated,,traditional,,0.0,True,,625,2
BV1zu411P7s2,2,bilibili,https://www.bilibili.com/video/BV1zu411P7s2,二人转小帽 绣云肩 张涛 关小飞,好好想想美事,bilibili:11554841,20230905.0,186.316,东北部平原,Northeast Plain,NEP,Han,东北,(东北),none,,,,,绣云肩,绣云肩,二人转小帽,原生态,,S65ef5ae5,,C,二人转 小帽; locality not stated,,traditional,,0.0526315789473684,True,,626,1
BV1ewzTBkEZ9,2,bilibili,https://www.bilibili.com/video/BV1ewzTBkEZ9,二人转小帽 蛤蟆五更 清唱,闿之,bilibili:398476912,20260123.0,203.266,东北部平原,Northeast Plain,NEP,Han,东北,(东北),none,,,,,蛤蟆五更,蛤蟆五更,二人转小帽,原生态,,,,C,二人转小帽 清唱,,traditional,,0.0,True,,627,1
BV1kqYPzJEkF,2,bilibili,https://www.bilibili.com/video/BV1kqYPzJEkF,二人转小帽《江北送情郎》,灰豆小先生,bilibili:1419086508,20250909.0,308.2,东北部平原,Northeast Plain,NEP,Han,东北,(东北),none,,,,,江北送情郎,江北送情郎,二人转小帽,原生态,,,,C,二人转小帽,,traditional,,0.0,True,,628,3
BV1ZK4y1p7Pr,2,bilibili,https://www.bilibili.com/video/BV1ZK4y1p7Pr,东北二人转小帽 姐妹捡棉花 吉林古典民间小调,梅花鹿奶糖,bilibili:20948403,20210106.0,245.806,东北部平原,Northeast Plain,NEP,Han,吉林,(吉林),prefecture,126.849983,43.588212,,,姐妹捡棉花,姐妹捡棉花,二人转小帽,原生态,,,,C,Title: 吉林古典民间小调,,traditional,,0.0,True,,629,3
-bArGU6mqDw,2,youtube,https://www.youtube.com/watch?v=-bArGU6mqDw,东北二人转小帽《十三月探妹》,Chinese Folk Arts,youtube:UC9qW6chvOmC0LDZ7oC1K7cA,20220929.0,275.0,东北部平原,Northeast Plain,NEP,Han,东北,(东北),none,,,,,十三月探妹,十三月探妹,二人转小帽,原生态,,,,C,二人转小帽 (YouTube),,traditional,,0.0,True,,630,3
uAxIG4RjaPM,2,youtube,https://www.youtube.com/watch?v=uAxIG4RjaPM,二人转小帽 大西厢 观花（闫光明 赵海燕）,Chinese Folk Arts,youtube:UC9qW6chvOmC0LDZ7oC1K7cA,20211230.0,230.0,东北部平原,Northeast Plain,NEP,Han,东北,(东北),none,,,,,大西厢·观花,大西厢观花,二人转小帽,原生态,,Sb73f7955,,C,二人转小帽 (YouTube),,traditional,,0.217391304347826,True,,630,3
1or6wbe2jpE,2,youtube,https://www.youtube.com/watch?v=1or6wbe2jpE,公园露天小剧场，二人转小帽 《探妹》,航拍老周,youtube:UCIZ_ab3rSEOpool0k1DkaDQ,20240917.0,275.0,东北部平原,Northeast Plain,NEP,Han,东北,"(东北, 公园)",none,,,,,探妹,探妹,二人转小帽,field,,,,C,Amateur park performance (公园露天小剧场),,traditional,,0.0,True,,632,4
7uL9Vy4wQZA,2,youtube,https://www.youtube.com/watch?v=7uL9Vy4wQZA,公园露天小剧场，传统二人转小帽《夸哈尔滨》,航拍老周,youtube:UCIZ_ab3rSEOpool0k1DkaDQ,20220821.0,331.0,东北部平原,Northeast Plain,NEP,Han,黑龙江,(哈尔滨?),prefecture,127.966759,45.648633,,,夸哈尔滨,夸哈尔滨,二人转小帽,field,,,,C,Amateur park performance (公园露天小剧场),,check,,0.0,True,,632,4
Zy0Hc-Raw1E,2,youtube,https://www.youtube.com/watch?v=Zy0Hc-Raw1E,赵家班东北二人转张生游寺小帽演员二黑 郭思岐,李樱花（櫻花論壇）,youtube:UCV53MB03b57vIjtSakHevNw,20200806.0,280.0,东北部平原,Northeast Plain,NEP,Han,东北,(东北),none,,,,,张生游寺,张生游寺,二人转小帽,原生态,,S3b24cad7,,C,赵家班 二人转,,traditional,,0.0,True,,634,4
VY5sWgip25g,2,youtube,https://www.youtube.com/watch?v=VY5sWgip25g,中国河北昌黎渔歌号子 중국,함함짱韩韩zang,youtube:UCRzSXismFldD9cxdVG8ad_w,20170122.0,48.0,东北部平原,Northeast Plain,NEP,Han,河北,秦皇岛昌黎,county,119.101644,39.626176,,,昌黎渔歌号子,昌黎渔歌号子#VY5sWgip25g,号子,field,,,,B,Title: 中国河北昌黎渔歌号子 (visitor field clip),,traditional,,0.0,True,,635,3
BV1EP4y1Y7Wz,2,bilibili,https://www.bilibili.com/video/BV1EP4y1Y7Wz,东北民间搬杆子,D调e点歌,bilibili:593143643,20210911.0,220.542,东北部平原,Northeast Plain,NEP,Han,东北,(东北),none,,,,,搬杆子,搬杆子,小调,other,,,,C,Title: 东北民间搬杆子,,traditional,,0.0,True,,636,0
BV1tCdmBREJf,2,bilibili,https://www.bilibili.com/video/BV1tCdmBREJf,东北民间非物质文化遗产，民间小调（催动老仙儿）,萨满小曲,bilibili:3493271647029815,20260421.0,299.862,东北部平原,Northeast Plain,NEP,Han,东北,(东北),none,,,,,催动老仙儿（神调）,催动老仙儿,神调/萨满,原生态,,,,C,Title: 东北民间非物质文化遗产 民间小调 (神调),,traditional,,0.0,True,,637,2
BV1ja411s7AM,2,bilibili,https://www.bilibili.com/video/BV1ja411s7AM,满族民歌唱响“文化和自然遗产日”,威勒图-传一,bilibili:314487182,20220611.0,330.373,东北部平原,Northeast Plain,NEP,Han,辽宁?,(东北),province,122.604994,41.299712,满,,满族民歌,满族民歌#BV1ja411s7AM,民歌,原生态,,,,C,Title: 满族民歌唱响 文化和自然遗产日,,traditional,,0.0,True,,638,4
BV1bQ4y1X7qK,2,bilibili,https://www.bilibili.com/video/BV1bQ4y1X7qK,砸夯号子（唐山版）,言之命至-人随己愿,bilibili:210044545,20211007.0,59.024,东北部平原,Northeast Plain,NEP,Han,河北,唐山,prefecture,118.343325,39.71703,,,砸夯号子,砸夯号子#BV1bQ4y1X7qK,号子,field,,,,C,Title: 唐山版,,traditional,,1.0,True,,639,2
BV1jP41167qF,2,bilibili,https://www.bilibili.com/video/BV1jP41167qF,《无锡景》《照花台》《探清水河》的祖调~【沂蒙小调曲牌学习】【明清俗曲】〔小五更〕 《小五更》选段,三十一曲,bilibili:473757390,20230731.0,466.441,东北部平原,Northeast Plain,NEP,Han,山东,沂蒙,province,118.187759,36.376092,,,小五更,小五更,小调,原生态,,,,C,三十一曲 曲牌学习 (沂蒙小调) excerpt from archival recording,,traditional,,0.0,True,,640,2
BV1ak4y1j7fn,2,bilibili,https://www.bilibili.com/video/BV1ak4y1j7fn,太平天国攻打山东的小调，极具史料价值~【山东省民间歌曲选】之《反临清调》 德州市夏津县,三十一曲,bilibili:473757390,20230504.0,57.306,东北部平原,Northeast Plain,NEP,Han,山东,德州夏津,county,116.030912,37.010349,,,反临清调,反临清调,小调,原生态,,,,B,"Title cites 山东省民间歌曲选, 德州市夏津县",,traditional,,0.1666666666666666,True,,640,2
BV1K44y1H7tB,2,bilibili,https://www.bilibili.com/video/BV1K44y1H7tB,【东北二人转】《回杯记》王永会,咱俩的王国,bilibili:98071845,20220206.0,145.471,东北部平原,Northeast Plain,NEP,Han,东北,(东北),none,,,,,回杯记,回杯记,二人转,原生态,,Sab2e3ad5,,C,二人转 excerpt,,traditional,,0.0,True,,625,2
BV1hBZSYVEkF,2,bilibili,https://www.bilibili.com/video/BV1hBZSYVEkF,〔东北民歌/二人转小帽〕徐桂珠 等《叫五更》,恁道谎阳台雨云,bilibili:670003795,20250403.0,276.255,东北部平原,Northeast Plain,NEP,Han,辽宁,大连,prefecture,122.190893,39.593378,满,,叫五更,叫五更,二人转小帽/小调,原生态,,S7d20c8e0,,A2,"Desc: 录音时间约在20c50s~60s; [singer] b.1936 大连 (see BV1KY411C7sL desc), early pre-troupe style",,traditional,,0.0,True,,280,3
BV1BP411877q,2,bilibili,https://www.bilibili.com/video/BV1BP411877q,二人转小帽 月牙五更 王永惠 筱素清,好好想想美事,bilibili:11554841,20230912.0,191.285,东北部平原,Northeast Plain,NEP,Han,东北,(东北),none,,,,,月牙五更,月牙五更,二人转小帽,原生态,,S8086a677,,C,二人转 performers; locality not stated,,traditional,,0.0,True,,626,1
BV1BKNbzzEnF,2,bilibili,https://www.bilibili.com/video/BV1BKNbzzEnF,长调《清凉的杭盖》非遗传承人查干夫与牧民、学生演唱【音乐Live】,樂人甲,bilibili:493835959,20250616.0,281.193,北方草原文化民歌区,Northern Steppe,NS,minority,内蒙古,东乌珠穆沁旗,county,117.771996,45.813749,蒙古,,清凉的杭盖,清凉的杭盖,长调,原生态,,Sbf4cf782,非遗传承人 (per title; level unverified),A2,title: 非遗传承人[singer]与牧民、学生演唱; his channel [singer]_长调 posts from 东乌旗乌珠穆沁长调传习所 (BV1mqht6zEG3),,traditional,,0.0,True,,645,1
BV11vfmYhEcX,2,bilibili,https://www.bilibili.com/video/BV11vfmYhEcX,好来宝唱段 扎拉森胡尔奇演唱,永古尔,bilibili:628542992,20250127.0,542.948,北方草原文化民歌区,Northern Steppe,NS,minority,内蒙古,科尔沁,county,122.280573,43.651865,蒙古,,好来宝唱段,好来宝唱段,好来宝,原生态,,S22d5aad1,,C,title: 好来宝唱段 [singer]胡尔奇演唱,,check,,0.037037037037037,True,,646,2
BV1M8hW6fEe5,2,bilibili,https://www.bilibili.com/video/BV1M8hW6fEe5,乌力格尔选段 塔日巴胡尔奇演唱,永古尔,bilibili:628542992,20260923.0,316.096,北方草原文化民歌区,Northern Steppe,NS,minority,内蒙古,科尔沁,county,122.280573,43.651865,蒙古,,乌力格尔选段,乌力格尔选段,乌力格尔,原生态,,S1eaa620c,,C,title: [singer]胡尔奇演唱,,check,,0.0,True,,646,2
BV1qGrjBCEzX,2,bilibili,https://www.bilibili.com/video/BV1qGrjBCEzX,科尔沁民歌 四杭盖,永古尔,bilibili:628542992,20260113.0,196.333,北方草原文化民歌区,Northern Steppe,NS,minority,内蒙古,科尔沁,county,122.280573,43.651865,蒙古,,四杭盖,四杭盖,科尔沁民歌,原生态,,,,C,title: 科尔沁民歌 四杭盖,,traditional,,0.0,True,,646,2
BV1mwarevEtK,2,bilibili,https://www.bilibili.com/video/BV1mwarevEtK,科尔沁民歌《包金花》,BlacksmithMilo,bilibili:3546582968437279,20240710.0,102.352,北方草原文化民歌区,Northern Steppe,NS,minority,内蒙古,科尔沁,county,122.280573,43.651865,蒙古,,包金花,包金花,科尔沁叙事民歌,原生态,,,,C,title only,,traditional,,0.0,True,,649,3
BV1ZxW5eREoE,2,bilibili,https://www.bilibili.com/video/BV1ZxW5eREoE,【科尔沁民歌】却吉敖斯尔,Harper____,bilibili:497437923,20240822.0,245.248,北方草原文化民歌区,Northern Steppe,NS,minority,内蒙古,科尔沁,county,122.280573,43.651865,蒙古,,却吉敖斯尔,却吉敖斯尔,科尔沁民歌,原生态,,,,C,title only,,traditional,,0.0,True,,650,2
BV1WJ41127y7,2,bilibili,https://www.bilibili.com/video/BV1WJ41127y7,长调歌曲《金色圣山》-阿拉坦其其格,树-发芽,bilibili:442539825,20191121.0,236.998,北方草原文化民歌区,Northern Steppe,NS,minority,内蒙古,阿拉善右旗,county,102.453753,40.138445,蒙古,,金色圣山,金色圣山,长调,原生态,,Sac8223a9,"国家级: 蒙古族长调民歌 (2009, 03-0806)",A2,https://www.ihchina.cn/art/representative.html?keywords=[singer] — ihchina: 阿拉善右旗人,,traditional,,0.0,True,,0,0
BV1gJ411B78V,2,bilibili,https://www.bilibili.com/video/BV1gJ411B78V,长调歌曲《孤独的白驼羔》-阿拉坦其其格,树-发芽,bilibili:442539825,20191204.0,238.647,北方草原文化民歌区,Northern Steppe,NS,minority,内蒙古,阿拉善右旗,county,102.453753,40.138445,蒙古,,孤独的白驼羔,孤独的白驼羔,长调,原生态,,Sac8223a9,国家级: 蒙古族长调民歌 (2009),A2,https://www.ihchina.cn/art/representative.html?keywords=[singer],,traditional,,0.0,True,,0,0
BV1o84y1T7i6,2,bilibili,https://www.bilibili.com/video/BV1o84y1T7i6,长调歌曲《褐色的鹰》-阿拉坦其其格,树-发芽,bilibili:442539825,20230410.0,153.529,北方草原文化民歌区,Northern Steppe,NS,minority,内蒙古,阿拉善右旗,county,102.453753,40.138445,蒙古,,褐色的鹰,褐色的鹰,长调,原生态,,Sac8223a9,国家级: 蒙古族长调民歌 (2009),A2,https://www.ihchina.cn/art/representative.html?keywords=[singer],,traditional,,0.0,True,,0,0
BV1JJ411d7XM,2,bilibili,https://www.bilibili.com/video/BV1JJ411d7XM,长调歌曲《辽阔的草原》-扎格达苏荣,树-发芽,bilibili:442539825,20191123.0,194.606,北方草原文化民歌区,Northern Steppe,NS,minority,内蒙古,苏尼特左旗,county,113.144724,44.03178,蒙古,,辽阔的草原,辽阔的草原,长调,原生态,扎格达苏荣,S9f95da64,"国家级: 蒙古族长调民歌 (2009, 03-0805)",A1,https://www.ihchina.cn/art/representative.html?keywords=扎格达苏荣 — ihchina: 苏尼特左旗人,,traditional,,0.0,True,,0,0
BV1PK4y1L7Bn,2,bilibili,https://www.bilibili.com/video/BV1PK4y1L7Bn,蒙古族长调民歌《小黄马》扎格达苏荣唱,陈立明导演,bilibili:703091173,20201210.0,251.413,北方草原文化民歌区,Northern Steppe,NS,minority,内蒙古,苏尼特左旗,county,113.144724,44.03178,蒙古,,小黄马,小黄马,长调,原生态,扎格达苏荣,S9f95da64,国家级: 蒙古族长调民歌 (2009),A1,https://www.ihchina.cn/art/representative.html?keywords=扎格达苏荣,,traditional,,0.0,True,,0,0
BV1sh4y1F7HN,2,bilibili,https://www.bilibili.com/video/BV1sh4y1F7HN,1964年宝音德力格尔演唱《辽阔的草原》（希日布马头琴伴奏）,思的虔诚,bilibili:319779039,20230807.0,125.354,北方草原文化民歌区,Northern Steppe,NS,minority,内蒙古,新巴尔虎左旗,county,118.598561,48.432638,蒙古,,辽阔的草原,辽阔的草原,长调,原生态,,S11463c2c,"国家级: 蒙古族长调民歌 (2008, 02-0232)",A2,https://www.ihchina.cn/art/representative.html?keywords=[singer] — ihchina: 新巴尔虎左旗人; title 1964年演唱,,traditional,,0.0,True,,280,3
BV16p4y1E7ek,2,bilibili,https://www.bilibili.com/video/BV16p4y1E7ek,【蒙古长调杰出演唱家】1957年鲁·巴德玛现场演唱《呼伦贝尔，我可爱的家乡》实况录音（第二届全国民间音乐舞蹈会演 ）,思的虔诚,bilibili:319779039,20230827.0,98.388,北方草原文化民歌区,Northern Steppe,NS,minority,内蒙古,呼伦贝尔,prefecture,120.906902,49.635232,蒙古,,呼伦贝尔，我可爱的家乡,呼伦贝尔我可爱的家乡,长调,原生态,,Sfce79533,,B,title: 1957年…现场演唱 实况录音（第二届全国民间音乐舞蹈会演）,,check,,0.0,True,,280,3
BV1op421R7i4,2,bilibili,https://www.bilibili.com/video/BV1op421R7i4,《阿拉善长调》阿勒坦其其格,速度海因茨,bilibili:1697996071,20240216.0,188.127,北方草原文化民歌区,Northern Steppe,NS,minority,内蒙古,阿拉善,prefecture,102.42556,40.532392,蒙古,,阿拉善长调,阿拉善长调#BV1op421R7i4,长调,原生态,,S98f1a756,国家级: 蒙古族长调民歌 (2009),A2,https://www.ihchina.cn/art/representative.html?keywords=[singer] — ihchina: 阿拉善右旗人; title 《阿拉善长调》[singer] (transliteration variant; identity to verify),,check,,0.0,True,,658,4
BV1ULXvBCEpQ,2,bilibili,https://www.bilibili.com/video/BV1ULXvBCEpQ,鄂尔多斯民歌--阿黑图陶勒盖/阿格图梁 --乌审旗乌兰牧骑,puxing42,bilibili:630061,20260330.0,355.775,北方草原文化民歌区,Northern Steppe,NS,minority,内蒙古,乌审旗,county,108.885044,38.635547,蒙古,,阿黑图陶勒盖,阿黑图陶勒盖,鄂尔多斯短调,原生态,,,,B,title: 乌审旗乌兰牧骑 (county troupe),,traditional,,0.0,True,,659,3
BV1VNzjBaEzQ,2,bilibili,https://www.bilibili.com/video/BV1VNzjBaEzQ,鄂尔多斯乌兰牧骑-水珠花（圆顶帽子）鄂尔多斯短调民歌,哈密小脏猫,bilibili:19308248,20260121.0,247.106,北方草原文化民歌区,Northern Steppe,NS,minority,内蒙古,鄂尔多斯,prefecture,108.637375,39.425314,蒙古,,水珠花（圆顶帽子）,水珠花,鄂尔多斯短调,原生态,,,,B,title: 鄂尔多斯乌兰牧骑…鄂尔多斯短调民歌,,traditional,,0.0,True,,660,4
BV1PG6TBfEaW,2,bilibili,https://www.bilibili.com/video/BV1PG6TBfEaW,我的鄂尔多斯 高沙梁,鄂尔多斯市乌兰牧骑,bilibili:1104413045,20260127.0,582.078,北方草原文化民歌区,Northern Steppe,NS,minority,内蒙古,鄂尔多斯,prefecture,108.637375,39.425314,蒙古,,高沙梁,高沙梁,鄂尔多斯民歌,原生态,,,,B,channel 鄂尔多斯市乌兰牧骑 (official troupe),,check,,0.0172413793103448,True,,661,3
BV1QwewzbEvy,2,bilibili,https://www.bilibili.com/video/BV1QwewzbEvy,鄂尔多斯长调民歌《六十颗榆树》一起，仿佛看见那群逐水草而居的背影…穿越百年，唱响黄河畔的绿色传奇！,暖城恋歌,bilibili:92659441,20250819.0,196.603,北方草原文化民歌区,Northern Steppe,NS,minority,内蒙古,鄂尔多斯,prefecture,108.637375,39.425314,蒙古,,六十棵榆树,六十棵榆树,长调,原生态,,,,C,title only,,traditional,,0.1,True,,662,1
BV1uJ4m1e7XD,2,bilibili,https://www.bilibili.com/video/BV1uJ4m1e7XD,蒙古民歌-科尔沁民歌《东赫尔大喇嘛》,esnile,bilibili:483815364,20240229.0,178.142,北方草原文化民歌区,Northern Steppe,NS,minority,内蒙古,科尔沁,county,122.280573,43.651865,蒙古,,东赫尔大喇嘛,东赫尔大喇嘛,科尔沁叙事民歌,原生态,,,,C,title only,,traditional,,0.0,True,,663,2
BV14y4y1L7vz,2,bilibili,https://www.bilibili.com/video/BV14y4y1L7vz,【95.50分】2010年全国青年歌手电视大奖赛原生态唱法半决赛 其其格玛《富饶的巴尔虎草原》,我才是美味基老,bilibili:549429574,20210810.0,367.199,北方草原文化民歌区,Northern Steppe,NS,minority,内蒙古,巴尔虎,province,114.077429,44.331087,蒙古,,富饶的巴尔虎草原,富饶的巴尔虎草原,长调,民族唱法,,Sd8992df2,,C,title: 2010青歌赛原生态唱法,,check,,0.3513513513513513,True,,0,0
BV1be4y1a7U6,2,bilibili,https://www.bilibili.com/video/BV1be4y1a7U6,2022内蒙古民歌大会——《巴尔虎千里驹》 塔娜,哟哟哟哟哟哟哟喔,bilibili:1791589636,20220913.0,253.747,北方草原文化民歌区,Northern Steppe,NS,minority,内蒙古,巴尔虎,province,114.077429,44.331087,蒙古,,巴尔虎千里驹,巴尔虎千里驹,长调,原生态,,S58068621,,C,title: 2022内蒙古民歌大会,,traditional,,0.0,True,,665,1
BV1ud4y1n7zW,2,bilibili,https://www.bilibili.com/video/BV1ud4y1n7zW,【乌拉特民歌】洁白的云-乌楞花,小笠原火汐,bilibili:159227149,20230202.0,141.738,北方草原文化民歌区,Northern Steppe,NS,minority,内蒙古,乌拉特,province,114.077429,44.331087,蒙古,,洁白的云,洁白的云,乌拉特民歌,原生态,,Sc819b46c,,C,title: 乌拉特民歌,,traditional,,0.0,True,,666,1
BV1eq4y1m7zR,2,bilibili,https://www.bilibili.com/video/BV1eq4y1m7zR,青年歌手范海荣的一首《天上的云朵》深沉悠扬的乌拉特人古老民歌,无为音乐,bilibili:672738300,20211226.0,245.578,北方草原文化民歌区,Northern Steppe,NS,minority,内蒙古,乌拉特,province,114.077429,44.331087,蒙古,,天上的云朵,天上的云朵,乌拉特民歌,原生态,,S75dd6d27,,C,title: 乌拉特人古老民歌,,traditional,,0.0,True,,667,1
BV1Uf4y1H7Sn,2,bilibili,https://www.bilibili.com/video/BV1Uf4y1H7Sn,察哈尔民歌《那风中飘动的》（《飘动的心律》）（字幕）,petitesouris01,bilibili:1031114689,20210905.0,93.631,北方草原文化民歌区,Northern Steppe,NS,minority,内蒙古,察哈尔,province,114.077429,44.331087,蒙古,,那风中飘动的,那风中飘动的,察哈尔民歌,原生态,,,,C,title only,,traditional,,0.0,True,,0,0
BV1WL411H7Ea,2,bilibili,https://www.bilibili.com/video/BV1WL411H7Ea,鄂温克民歌《东泉》（字幕）,petitesouris01,bilibili:1031114689,20210716.0,192.725,北方草原文化民歌区,Northern Steppe,NS,minority,内蒙古,鄂温克族自治旗,county,120.062097,48.492258,鄂温克,,东泉,东泉,鄂温克民歌,民族唱法,,Sd8992df2,,C,desc: 演唱者[singer],,check,,0.0,True,,0,0
BV1wD4y1m7wu,2,bilibili,https://www.bilibili.com/video/BV1wD4y1m7wu,乌日娜演唱鄂温克族民歌《不为唱歌而唱歌》,伊勒嘎,bilibili:674562268,20200903.0,209.536,北方草原文化民歌区,Northern Steppe,NS,minority,内蒙古,鄂温克族自治旗,county,120.062097,48.492258,鄂温克,,不为唱歌而唱歌,不为唱歌而唱歌,鄂温克民歌,民族唱法,乌日娜,S40d6603b,国家级: 鄂温克族民歌（鄂温克叙事民歌）(2025),A1,https://www.ihchina.cn/art/representative.html?keywords=乌日娜 — ihchina: 内蒙古鄂温克族自治旗,,check,,0.0,True,,670,2
BV1pD4y1o7ke,2,bilibili,https://www.bilibili.com/video/BV1pD4y1o7ke,赞达仁：鄂伦春族民歌山歌,空山不见虎,bilibili:274307035,20200915.0,168.661,北方草原文化民歌区,Northern Steppe,NS,minority,内蒙古/黑龙江,,province,114.077429,44.331087,鄂伦春,,赞达仁,赞达仁,山歌,原生态,,,,C,desc explains 赞达仁,,traditional,,0.0,True,,671,3
BV1jh4y1t7C9,2,bilibili,https://www.bilibili.com/video/BV1jh4y1t7C9,[达斡尔族歌曲] 达斡尔歌曲（富拉尔基区）,简迪丝,bilibili:207699741,20230518.0,43.188,北方草原文化民歌区,Northern Steppe,NS,minority,黑龙江,齐齐哈尔 富拉尔基区,county,123.590228,47.222379,达斡尔,,达斡尔民歌,达斡尔民歌#BV1jh4y1t7C9,扎恩达勒,field,,,,B,title: 达斡尔歌曲（富拉尔基区）,,check,,1.0,True,,672,4
BV1cS421K7Zv,2,bilibili,https://www.bilibili.com/video/BV1cS421K7Zv,〖鄂尔多斯民歌〗阿巴汗梁（巴德玛老师演唱）,Realon,bilibili:4752624,20240215.0,214.826,北方草原文化民歌区,Northern Steppe,NS,minority,内蒙古,准格尔旗,county,110.879595,39.788407,蒙古,,阿巴汗梁,阿巴汗梁,鄂尔多斯民歌,原生态,,S2f3a4d43,,C,desc: 微信公众号“准格尔每周一歌”,,traditional,,0.0,True,,673,2
BV1uv7sz7EAM,2,bilibili,https://www.bilibili.com/video/BV1uv7sz7EAM,【乌力格尔】《哈日毛都赞》演唱者：毛依罕,戏艺博物馆,bilibili:582970537,20250530.0,256.317,北方草原文化民歌区,Northern Steppe,NS,minority,内蒙古,,province,114.077429,44.331087,蒙古,,哈日毛都赞,哈日毛都赞,乌力格尔/好来宝,原生态,,S031ff1fc,,C,title only,,check,,0.0,True,,674,3
BV1jg411K7uY,2,bilibili,https://www.bilibili.com/video/BV1jg411K7uY,白红梅演唱蒙古族民歌《白玉兰》,减肥新形势,bilibili:1500357757,20211110.0,142.43,北方草原文化民歌区,Northern Steppe,NS,minority,内蒙古,科尔沁,county,122.280573,43.651865,蒙古,,白玉兰,白玉兰,科尔沁民歌,原生态,,S78b08d68,,C,title only,,traditional,,0.0,True,,675,1
BV1yw411o7YA,2,bilibili,https://www.bilibili.com/video/BV1yw411o7YA,蒙古族民歌《万丽》 白红梅演唱,减肥新形势,bilibili:1500357757,20210628.0,85.64,北方草原文化民歌区,Northern Steppe,NS,minority,内蒙古,科尔沁,county,122.280573,43.651865,蒙古,,万丽,万丽,科尔沁民歌,原生态,,S78b08d68,,C,title only,,traditional,,0.0,True,,675,1
BV1UEEE6mEWM,2,bilibili,https://www.bilibili.com/video/BV1UEEE6mEWM,科尔沁/昭乌达民歌曲《奔布莱》,呼格吉勒图宝音图,bilibili:3546954489400000,20260609.0,142.227,北方草原文化民歌区,Northern Steppe,NS,minority,内蒙古,科尔沁/昭乌达,county,122.280573,43.651865,蒙古,,奔布莱,奔布莱,科尔沁民歌,原生态,,,,C,title only,,traditional,,0.0,True,,677,2
BV1Q64y1a71D,2,bilibili,https://www.bilibili.com/video/BV1Q64y1a71D,科尔沁民歌 巴力吉尼玛扎那,云登哥哥呀,bilibili:349411833,20210829.0,89.303,北方草原文化民歌区,Northern Steppe,NS,minority,内蒙古,科尔沁,county,122.280573,43.651865,蒙古,,巴力吉尼玛扎那,巴力吉尼玛扎那,科尔沁民歌,原生态,,,,C,title only,,traditional,,0.0,True,,678,4
BV1pQ4y1Z7g8,2,bilibili,https://www.bilibili.com/video/BV1pQ4y1Z7g8,蒙古族民歌《呼麦颂》胡格吉勒图唱,陈立明导演,bilibili:703091173,20210420.0,132.842,北方草原文化民歌区,Northern Steppe,NS,minority,内蒙古,,province,114.077429,44.331087,蒙古,,呼麦颂,呼麦颂,呼麦,原生态,胡格吉勒图,S9a736018,国家级: 蒙古族呼麦,A1,https://www.ihchina.cn/art/representative.html?keywords=胡格吉勒图 — ihchina list 蒙古族呼麦 (内蒙古),,traditional,,0.0,True,,0,0
BV1ea411c7Le,2,bilibili,https://www.bilibili.com/video/BV1ea411c7Le,蒙古族长调民歌《走马》（齐峰清唱）,雪国の鹰,bilibili:328546624,20201109.0,72.074,北方草原文化民歌区,Northern Steppe,NS,minority,内蒙古,,province,114.077429,44.331087,蒙古,,走马,走马,长调,原生态,,Sf04b8924,,C,title: [singer]清唱,,traditional,,0.1428571428571428,True,,680,4
KOrxzOojF0I,2,youtube,https://www.youtube.com/watch?v=KOrxzOojF0I,[银杯]  科尔沁民歌,楊鎮銨,youtube:UCm1-9m4q5os0eIADh0UQeyQ,20160115.0,201.0,北方草原文化民歌区,Northern Steppe,NS,minority,内蒙古,科尔沁,county,122.280573,43.651865,蒙古,,银杯,银杯,科尔沁民歌,原生态,,,,C,title only,,traditional,,0.0,True,,681,2
K9H5W1x89yI,2,youtube,https://www.youtube.com/watch?v=K9H5W1x89yI,Jinmei Gogoo khorcin mongol duu 吴永生 科尔沁民歌,Little Apple,youtube:UCyl6tYhqFZJfZvLQJmYrs3w,20171128.0,226.0,北方草原文化民歌区,Northern Steppe,NS,minority,内蒙古,科尔沁,county,122.280573,43.651865,蒙古,,金梅,金梅,科尔沁叙事民歌,原生态,,S1a6627c2,,C,title only,,traditional,,0.0,True,,682,4
BV1gtsazDEAo,2,bilibili,https://www.bilibili.com/video/BV1gtsazDEAo,蒙超！表演者海青少布《科尔沁走马赞》好来宝 乌兰牧骑表演团队！,蛙趣Q有趣,bilibili:350683871,20251022.0,290.9,北方草原文化民歌区,Northern Steppe,NS,minority,内蒙古,科尔沁左翼后旗,county,122.688034,43.186904,蒙古,,科尔沁走马赞,科尔沁走马赞,好来宝,原生态,,S67f71054,国家级: 好来宝,A2,"https://www.ihchina.cn/art/representative.html?keywords=好来宝 — ihchina: [singer]（海青）, 科尔沁左翼后旗; title: 表演者海青[singer]《科尔沁走马赞》好来宝 乌兰牧骑",,check,,0.0,True,,683,2
BV1B3sazaEjJ,2,bilibili,https://www.bilibili.com/video/BV1B3sazaEjJ,蒙超！《昙花》通科左后旗乌兰牧骑表演团队！好听！,蛙趣Q有趣,bilibili:350683871,20251022.0,96.133,北方草原文化民歌区,Northern Steppe,NS,minority,内蒙古,科尔沁左翼后旗,county,122.688034,43.186904,蒙古,,昙花,昙花,科尔沁民歌,原生态,,,,B,title: 《昙花》通科左后旗乌兰牧骑表演团队 (county troupe),,traditional,,0.0,True,,683,2
BV18uNE6mEJt,2,bilibili,https://www.bilibili.com/video/BV18uNE6mEJt,乌审旗乌兰牧骑-洁白的云,巴彦淖尔的小姜,bilibili:3546788327852160,20260710.0,112.291,北方草原文化民歌区,Northern Steppe,NS,minority,内蒙古,乌审旗,county,108.885044,38.635547,蒙古,,洁白的云,洁白的云,鄂尔多斯民歌,原生态,,,,B,title: 乌审旗乌兰牧骑-洁白的云 (county troupe),,traditional,,0.0,True,,685,1
BV17LD9BzETw,2,bilibili,https://www.bilibili.com/video/BV17LD9BzETw,乌审旗乌兰牧骑-《乌审走马》乌审旗乌兰牧骑,巴彦淖尔的小姜,bilibili:3546788327852160,20260412.0,122.926,北方草原文化民歌区,Northern Steppe,NS,minority,内蒙古,乌审旗,county,108.885044,38.635547,蒙古,,乌审走马,乌审走马,鄂尔多斯民歌,原生态,,,,B,title: 乌审旗乌兰牧骑-《乌审走马》,,check,,0.0,True,,685,1
crem-51787,2,europeana,https://archives.crem-cnrs.fr/archives/items/download/51787.mp3,Joco Ulan,"CREM (György Kara collection, 1959)",europeana:nan,,159.024,北方草原文化民歌区,Northern Steppe,NS,minority,内蒙古,呼和浩特 (Koukoukhoto),prefecture,111.50328,40.597159,蒙古,,Joco Ulan,jocoulan,蒙古族民歌,field,,S8bcaead5,,B,"Europeana /2059208/ CREM item 51787: spatial ""Inner Mongolia - Koukoukhoto"", 1959, collector György Kara; page https://archives.crem-cnrs.fr/archives/items/51787/",,traditional,,0.1875,True,,687,4
crem-51788,2,europeana,https://archives.crem-cnrs.fr/archives/items/download/51788.mp3,Göqsin Xökan,"CREM (György Kara collection, 1959)",europeana:nan,,101.04,北方草原文化民歌区,Northern Steppe,NS,minority,内蒙古,呼和浩特 (Koukoukhoto),prefecture,111.50328,40.597159,蒙古,,Göqsin Xökan,göqsinxökan,蒙古族民歌,field,,S8bcaead5,,B,"Europeana /2059208/ CREM item 51788: spatial ""Inner Mongolia - Koukoukhoto"", 1959, collector György Kara; page https://archives.crem-cnrs.fr/archives/items/51788/",,traditional,,0.0,True,,687,4
crem-51798,2,europeana,https://archives.crem-cnrs.fr/archives/items/download/51798.mp3,Bayin Dargain Mana,"CREM (György Kara collection, 1959)",europeana:nan,,124.32,北方草原文化民歌区,Northern Steppe,NS,minority,内蒙古,呼和浩特 (Koukoukhoto),prefecture,111.50328,40.597159,蒙古,,Bayin Dargain Mana,bayindargainmana,蒙古族民歌,field,,,,B,"Europeana /2059208/ CREM item 51798: spatial ""Inner Mongolia - Koukoukhoto"", 1959, collector György Kara; page https://archives.crem-cnrs.fr/archives/items/51798/",,traditional,,0.0,True,,687,4
crem-51881,2,europeana,https://archives.crem-cnrs.fr/archives/items/download/51881.mp3,Praise of a Horse,"CREM (György Kara collection, 1959)",europeana:nan,,112.8,北方草原文化民歌区,Northern Steppe,NS,minority,内蒙古,呼和浩特 (Koukoukhoto),prefecture,111.50328,40.597159,蒙古,,Praise of a Horse (马赞),praiseofahorse,蒙古族民歌,field,,S368f0d73,,B,"Europeana /2059208/ CREM item 51881: spatial ""Inner Mongolia - Koukoukhoto"", 1959, collector György Kara; page https://archives.crem-cnrs.fr/archives/items/51881/",,traditional,,0.0,True,,687,4
BV1Z5411s7n7,2,bilibili,https://www.bilibili.com/video/BV1Z5411s7n7,【传统音乐】开门见山，隔山唱歌。客家山歌——客家人骨子里的浪漫，通过他们的歌声娓娓道来,广东印记,bilibili:337009889,20200522.0,306.12,客家特区,Hakka,HAK,Han,广东,梅州,prefecture,116.084478,24.201791,汉,客家,梅州客家山歌（广东印记纪录片选段）,梅州客家山歌#BV1Z5411s7n7,山歌,field,,,,B,广东印记 S1E13 documentary on 梅州客家山歌 (national 非遗 Ⅱ-11),,traditional,,0.6129032258064516,False,speech,691,3
BV1SU4y137c6,2,bilibili,https://www.bilibili.com/video/BV1SU4y137c6,河源客家山歌,智能制造者,bilibili:701471985,20210717.0,140.394,客家特区,Hakka,HAK,Han,广东,河源,prefecture,114.962729,24.043541,汉,客家,河源客家山歌（曲目未标）,河源客家山歌#BV1SU4y137c6,山歌,原生态,,,,C,Title only,,traditional,,0.0,True,,692,2
BV1Fua36UEMC,2,bilibili,https://www.bilibili.com/video/BV1Fua36UEMC,合浦民歌舞乐——客家廉山谣,海丝路老翁,bilibili:3493260884445244,20260928.0,106.44,客家特区,Hakka,HAK,Han,广西,北海合浦,county,109.342745,21.723659,汉,客家,客家廉山谣（合浦）,客家廉山谣,山歌,原生态,,,,C,Title only; uploader posts 合浦 local folk songs,,traditional,,0.0,True,,693,1
BV13M4y1S71h,2,bilibili,https://www.bilibili.com/video/BV13M4y1S71h,【广东客家特色民族女高音】黄红英领唱《皆歌一唱闹洋洋》（惠阳皆歌）,思的虔诚,bilibili:319779039,20230214.0,218.836,客家特区,Hakka,HAK,Han,广东,惠州惠阳,county,114.47078,22.865794,汉,客家,皆歌一唱闹洋洋（惠阳皆歌）,皆歌一唱闹洋洋,皆歌,民族唱法,,S845bf2e3,省级: 惠阳皆歌 代表性传承人（2014，第四批）,A2,"Desc: [singer], 广东省第四批非遗项目《惠阳皆歌》代表性传承人",,check,,0.0,True,,280,3
BV15R4y1u74U,2,bilibili,https://www.bilibili.com/video/BV15R4y1u74U,文化进万家·视频直播家乡年——福建龙岩永定客家山歌,福建省艺术馆,bilibili:1593328195,20220121.0,107.09,客家特区,Hakka,HAK,Han,福建,龙岩永定,county,116.818594,24.756095,汉,客家,永定客家山歌（福建省艺术馆直播）,永定客家山歌#BV15R4y1u74U,山歌,field,,,,B,福建省艺术馆 文化进万家 broadcast: 龙岩永定客家山歌,,traditional,,0.0,True,,695,1
BV1yL8TznEZH,2,bilibili,https://www.bilibili.com/video/BV1yL8TznEZH,闽乡的诱惑之永定站—客家山歌篇,闽乡非遗,bilibili:3546911262902454,20250724.0,165.001,客家特区,Hakka,HAK,Han,福建,龙岩永定,county,116.818594,24.756095,汉,客家,永定客家山歌（闽乡非遗）,永定客家山歌#BV1yL8TznEZH,山歌,field,,,,B,"闽乡非遗 series, 永定站 客家山歌篇",,traditional,,0.25,True,,696,4
BV1Z14y187LE,2,bilibili,https://www.bilibili.com/video/BV1Z14y187LE,客家竹板山歌《采桑歌》永定客家山歌大王李天生倾情演唱,龙舟3125,bilibili:2142594598,20221007.0,143.963,客家特区,Hakka,HAK,Han,福建,龙岩永定,county,116.818594,24.756095,汉,客家,采桑歌（客家竹板山歌）,采桑歌,竹板歌,原生态,,Sd1e9257e,,A2,"Title: 永定客家山歌大王[singer] (named local singer, 永定)",,traditional,,0.0,True,,697,4
BV1YvCqBKEWf,2,bilibili,https://www.bilibili.com/video/BV1YvCqBKEWf,长汀山歌十八变,云拾光手工坊,bilibili:634818502,20251117.0,525.233,客家特区,Hakka,HAK,Han,福建,龙岩长汀,county,116.36448,25.68998,汉,客家,长汀山歌十八变,长汀山歌十八变,山歌,原生态,,,,C,Title only,,traditional,,0.0,True,,698,4
BV1iq4y1L7e3,2,bilibili,https://www.bilibili.com/video/BV1iq4y1L7e3,科韵悠扬·梅县正宗松口山歌,中國好鄰居,bilibili:23500426,20210615.0,217.5,客家特区,Hakka,HAK,Han,广东,梅州梅县松口,county,116.187209,24.378891,汉,客家,松口山歌,松口山歌#BV1iq4y1L7e3,山歌,原生态,童爱娜,Sd205da6b,国家级: 梅州客家山歌 Ⅱ-11（ihchina 12424 lists 童爱娜）,A1,https://www.ihchina.cn/project_details/12424.html lists 童爱娜 among 梅州客家山歌 inheritors; channel desc identifies her,,traditional,,0.0,True,,699,1
BV1vv411p7T7,2,bilibili,https://www.bilibili.com/video/BV1vv411p7T7,客韵悠长·汤明哲&amp;童爱娜山歌对唱现场（梅州市剑英桥公园）,中國好鄰居,bilibili:23500426,20210608.0,325.078,客家特区,Hakka,HAK,Han,广东,梅州,prefecture,116.084478,24.201791,汉,客家,客家山歌对唱（汤明哲、童爱娜）,客家山歌对唱,山歌,原生态,汤明哲、童爱娜,S079ee96e,国家级: 梅州客家山歌 Ⅱ-11（汤明哲 03-0814）,A1,"https://www.ihchina.cn/project_details/12424.html (汤明哲 03-0814, 童爱娜); recorded at 梅州 剑英桥公园",,check,,0.0303030303030303,True,,699,1
BV1io4y1y7mg,2,bilibili,https://www.bilibili.com/video/BV1io4y1y7mg,客韵悠长·山歌一唱开心花,中國好鄰居,bilibili:23500426,20210608.0,148.212,客家特区,Hakka,HAK,Han,广东,梅州,prefecture,116.084478,24.201791,汉,客家,山歌一唱开心花,山歌一唱开心花,山歌,原生态,童爱娜,Sd205da6b,国家级: 梅州客家山歌 Ⅱ-11,A1,ihchina 12424 lists 童爱娜,,check,,0.0,True,,699,1
BV1Qo4y1y7Q4,2,bilibili,https://www.bilibili.com/video/BV1Qo4y1y7Q4,客韵悠长·细妹恁靓,中國好鄰居,bilibili:23500426,20210621.0,216.409,客家特区,Hakka,HAK,Han,广东,梅州,prefecture,116.084478,24.201791,汉,客家,细妹恁靓,细妹恁靓,山歌,原生态,童爱娜,Sd205da6b,国家级: 梅州客家山歌 Ⅱ-11,A1,ihchina 12424 lists 童爱娜,,check,,0.0,True,,699,1
BV1HW4y1i7MZ,2,bilibili,https://www.bilibili.com/video/BV1HW4y1i7MZ,“自古山歌松口出”，梅州梅县松口镇客家山歌,quanzl668,bilibili:228993575,20220911.0,571.599,客家特区,Hakka,HAK,Han,广东,梅州梅县松口,county,116.187209,24.378891,汉,客家,松口镇客家山歌（曲目未标）,松口镇客家山歌#BV1HW4y1i7MZ,山歌,field,,,,B,Title: 梅州梅县松口镇客家山歌,,traditional,,0.8070175438596491,True,,703,4
BV1Gb411N73e,2,bilibili,https://www.bilibili.com/video/BV1Gb411N73e,【客家山歌】1995年梅州山歌团台湾交流-竹板歌（张振坤 廖小荣）,lpxx50117,bilibili:15486360,20181027.0,494.398,客家特区,Hakka,HAK,Han,广东,梅州,prefecture,116.084478,24.201791,汉,客家,竹板歌（张振坤、廖小荣，1995）,竹板歌,竹板歌,原生态,,S69a29335,,A2,Title: 1995 梅州山歌团 交流演出; [singer] = well-known 梅州 山歌王,,traditional,,0.1428571428571428,True,,704,1
BV1HL411w79X,2,bilibili,https://www.bilibili.com/video/BV1HL411w79X,【兴宁台城乡一线】93岁阿婆唱客家山歌在网络上走红,BWP-Studio,bilibili:351140597,20220320.0,248.104,客家特区,Hakka,HAK,Han,广东,梅州兴宁,county,115.747521,24.260532,汉,客家,客家山歌（兴宁台城93岁阿婆）,客家山歌#BV1HL411w79X,山歌,原生态,,,,B,Desc: from 兴宁广播电视台 WeChat; 台城乡,,traditional,,0.88,True,,705,3
BV1yBqiYVEZd,2,bilibili,https://www.bilibili.com/video/BV1yBqiYVEZd,杨村过山溜-龙南客家山歌,好大口微站通客家文化,bilibili:3493084138572378,20241212.0,166.188,客家特区,Hakka,HAK,Han,江西,赣州龙南杨村,county,114.726965,24.767921,汉,客家,杨村过山溜（龙南客家山歌）,杨村过山溜,山歌,field,,,,B,Desc: recorded on 杨村太平古镇 street,,traditional,,0.2352941176470588,True,,706,1
BV1zz4y1y7N8,2,bilibili,https://www.bilibili.com/video/BV1zz4y1y7N8,武平客家童谣,我的屋顶花园,bilibili:699352070,20201115.0,243.712,客家特区,Hakka,HAK,Han,福建,龙岩武平,county,116.131218,25.132011,汉,客家,武平客家童谣,武平客家童谣#BV1zz4y1y7N8,童谣,原生态,,,,C,Title only,,traditional,,0.9166666666666666,True,,707,3
BV1Qu411p7h9,2,bilibili,https://www.bilibili.com/video/BV1Qu411p7h9,【增城非遗】客家山歌 过山拉,鸣海映像,bilibili:661962,20230602.0,289.578,客家特区,Hakka,HAK,Han,广东,广州增城,county,113.764273,23.341055,汉,客家,过山拉（增城客家山歌）,过山拉,山歌,原生态,,S0001b58c,市级传承人申报片（增城客家山歌）,A2,Desc: [singer]（客家山歌）第五批市级非遗传承人申报片,,traditional,,0.1034482758620689,True,,708,3
BV1Usv6erEVG,2,bilibili,https://www.bilibili.com/video/BV1Usv6erEVG,王旭辉一一一漳州市田螺坑客家山歌申报省级非遗传承人,旭日歌仔,bilibili:1643554245,20240730.0,344.258,客家特区,Hakka,HAK,Han,福建,漳州南靖田螺坑,county,117.2838,24.66257,汉,客家,田螺坑客家山歌,田螺坑客家山歌,山歌,原生态,,Sfa7244f3,省级传承人申报（标题）,B,Title: 漳州市田螺坑客家山歌 申报省级非遗传承人,,traditional,,0.4411764705882353,False,speech,709,1
BV1jh4y1h7sv,2,bilibili,https://www.bilibili.com/video/BV1jh4y1h7sv,客家山歌！非遗的魅力！不要让传统文化失传！80岁的老人都在坚持传承我们的传统文化，我们有什么理由不坚持下去？,非遗中国朱雀传说,bilibili:1777783031,20230930.0,191.379,客家特区,Hakka,HAK,Han,广东,深圳?,prefecture,114.143142,22.643377,汉,客家,客家山歌（80岁老人）,客家山歌#BV1jh4y1h7sv,山歌,原生态,,,,C,Title only,,traditional,,0.0526315789473684,True,,710,0
BV1T8411h7EL,2,bilibili,https://www.bilibili.com/video/BV1T8411h7EL,客家山歌《采茶歌》，原生态，真好听！,客家联盟网,bilibili:504981887,20221031.0,232.639,客家特区,Hakka,HAK,Han,广东,梅州?,prefecture,116.084478,24.201791,汉,客家,采茶歌（客家山歌）,采茶歌#BV1T8411h7EL,山歌,原生态,,,,C,Title only,,traditional,,0.0,True,,711,2
CMYJwrqV4mw,2,youtube,https://www.youtube.com/watch?v=CMYJwrqV4mw,客家山歌｜78歲阿婆開口成歌，東莞客家山歌如此好聽Guangdong Provincial Intangible Culture Heritage,土兀观察,youtube:UCSD-PqqjA1BTLjpliBD6wXA,20220518.0,108.0,客家特区,Hakka,HAK,Han,广东,东莞,prefecture,113.879966,22.931879,汉,客家,客家山歌（东莞78岁阿婆）,客家山歌#CMYJwrqV4mw,山歌,原生态,,,,B,"Title: 東莞客家山歌, 78歲阿婆, 廣東省級非遺",,traditional,,0.5454545454545454,True,,712,1
RO5aMaIHVhk,2,youtube,https://www.youtube.com/watch?v=RO5aMaIHVhk,聽阿婆唱山歌之談婚論嫁,香港01,youtube:UCTxyBu9VWUq5LXezXwy_SGg,20170406.0,149.0,客家特区,Hakka,HAK,Han,香港,香港新界,province,114.134357,22.377366,汉,客家,談婚論嫁（阿婆唱山歌）,談婚論嫁,山歌,原生态,,,,B,香港01 community report on a Hakka elder,,traditional,,0.4,True,,713,0
C7bL7EUAStI,2,youtube,https://www.youtube.com/watch?v=C7bL7EUAStI,[文化葫蘆] 客家亞嬌唱山歌 - Hakka Song,huluculturenews,youtube:UCFiwGt3fLlAIkSJusuJUReA,20130705.0,58.0,客家特区,Hakka,HAK,Han,香港,香港,province,114.134357,22.377366,汉,客家,客家山歌（亞嬌）,客家山歌#C7bL7EUAStI,山歌,原生态,,S5e81fc79,,C,Title only,,traditional,,0.8333333333333334,True,,714,4
zYL-GUXg_u0,2,youtube,https://www.youtube.com/watch?v=zYL-GUXg_u0,湖南客家人入湘300年，说客家话唱客家山歌，耕读传家人才辈出,田园大叔和丫头,youtube:UCxoqi8EeP5cznW43OE8tZqQ,20220102.0,108.0,客家特区,Hakka,HAK,Han,湖南,湖南客家聚居地,province,111.711649,27.629216,汉,客家,湖南客家山歌,湖南客家山歌#zYL-GUXg_u0,山歌,原生态,,,,C,Title: 湖南客家人入湘300年 唱客家山歌,,traditional,,0.6363636363636364,True,,715,3
FML0pbp2Dr0,2,youtube,https://www.youtube.com/watch?v=FML0pbp2Dr0,清暉老人中心~九十六歲阿婆唱山歌~2014 06 20,章明通,youtube:UCq4Lz1bk8WyG6gTCaIkFasQ,20140621.0,46.0,客家特区,Hakka,HAK,Han,台湾,台湾?,province,120.971485,23.749452,汉,客家,客家山歌（清暉老人中心96歲阿婆）,客家山歌#FML0pbp2Dr0,山歌,原生态,,,,C,Title only,,traditional,,0.4,True,,716,4
BV1SW4y1P7gK,2,bilibili,https://www.bilibili.com/video/BV1SW4y1P7gK,2005年黄红英演唱《落水天》（广东韶关曲江客家山歌；李凤云古琴演奏）,思的虔诚,bilibili:319779039,20240104.0,185.3,客家特区,Hakka,HAK,Han,广东,韶关曲江,county,113.62843,24.641644,汉,客家,落水天（曲江客家山歌）,落水天,山歌,民族唱法,,S845bf2e3,省级: 惠阳皆歌 代表性传承人,C,Song locality from title only (曲江); singer is 惠阳,,traditional,,0.0,True,,280,3
BV1Rh4y1v7su,2,bilibili,https://www.bilibili.com/video/BV1Rh4y1v7su,客家山歌 是客家人一路迁徙和日常生活的有声记录，塘厦客家山歌 第三代传承人廖小连，结合自己的音乐专长，在传播非遗文化的同时，也给客家山歌注入了新的活力。,账号已注销,bilibili:1654827744,20231020.0,227.879,客家特区,Hakka,HAK,Han,广东,东莞塘厦,prefecture,113.879966,22.931879,汉,客家,塘厦客家山歌（廖小连）,塘厦客家山歌#BV1Rh4y1v7su,山歌,原生态,,S3a1ba6e6,塘厦客家山歌 第三代传承人（标题自述）,A2,Title names 塘厦客家山歌 第三代传承人 [singer],,check,,0.391304347826087,True,,718,2
3UApF5yvpJg,2,youtube,https://www.youtube.com/watch?v=3UApF5yvpJg,桃花開 -客家傳統歌謠,Alice Peng彭月春,youtube:UCTRisJAfIks3kbRh3iAf4vQ,20220610.0,201.0,客家特区,Hakka,HAK,Han,台湾,台湾北部（客家）,province,120.971485,23.749452,汉,客家,桃花開,桃花開,小调,原生态,,Sfc193756,,C,Title: 客家傳統歌謠; singer's own channel,,traditional,,0.0,True,,719,1
lsMJBbVrZKg,2,youtube,https://www.youtube.com/watch?v=lsMJBbVrZKg,嘆胭花 -客家傳統九腔十八調,Alice Peng彭月春,youtube:UCTRisJAfIks3kbRh3iAf4vQ,20210530.0,376.0,客家特区,Hakka,HAK,Han,台湾,台湾北部（客家）,province,120.971485,23.749452,汉,客家,嘆胭花,嘆胭花,小调,原生态,,Sfc193756,,C,Title: 客家傳統九腔十八調,,traditional,,0.0,True,,719,1
Lr-M8ukNajE,2,youtube,https://www.youtube.com/watch?v=Lr-M8ukNajE,客家傳統小調歌曲-思戀歌-彭月春,Alice Peng彭月春,youtube:UCTRisJAfIks3kbRh3iAf4vQ,20201008.0,203.0,客家特区,Hakka,HAK,Han,台湾,台湾北部（客家）,province,120.971485,23.749452,汉,客家,思戀歌（彭月春）,思戀歌,小调,原生态,,Sfc193756,,C,Title: 客家傳統小調,,traditional,,0.0,True,,719,1
9VfcMqxg_ac,2,youtube,https://www.youtube.com/watch?v=9VfcMqxg_ac,美濃山歌『正月牌』 李雪燕演唱,johnson chang,youtube:UCdlq5alPzT3t7vQKceX-DQQ,20190705.0,174.0,客家特区,Hakka,HAK,Han,台湾,高雄美浓（六堆）,province,120.971485,23.749452,汉,客家,正月牌（美濃山歌）,正月牌,山歌,原生态,,S8e7acb85,,B,Title: 美濃山歌 正月牌,,traditional,,0.0,True,,722,4
isdefo-CUZ0,2,youtube,https://www.youtube.com/watch?v=isdefo-CUZ0,102 12 11上山採茶李雪燕,johnson chang,youtube:UCdlq5alPzT3t7vQKceX-DQQ,20211028.0,296.0,客家特区,Hakka,HAK,Han,台湾,高雄美浓?,province,120.971485,23.749452,汉,客家,上山採茶（李雪燕）,上山採茶,小调,原生态,,S8e7acb85,,C,Title only,,traditional,,0.0,True,,722,4
BjgGFytUIWY,2,youtube,https://www.youtube.com/watch?v=BjgGFytUIWY,打海棠  陳美錡 陳春霖 傳統客家歌謠,johnson chang,youtube:UCdlq5alPzT3t7vQKceX-DQQ,20171229.0,301.0,客家特区,Hakka,HAK,Han,台湾,台湾（客家）,province,120.971485,23.749452,汉,客家,打海棠（陳美錡、陳春霖）,打海棠,小调,原生态,,S6038a2c3,,C,Title: 傳統客家歌謠,,traditional,,0.0,True,,722,4
wzMRO1RcQAI,2,youtube,https://www.youtube.com/watch?v=wzMRO1RcQAI,李秋霞 演唱老山歌 hakka,龍閣文化 Longer,youtube:UCr9SKdQet-ek5_bCryaE2oQ,20190108.0,227.0,客家特区,Hakka,HAK,Han,台湾,台湾（客家）,province,120.971485,23.749452,汉,客家,老山歌（李秋霞）,老山歌#wzMRO1RcQAI,山歌,原生态,,S9341cdff,,C,Title only,,traditional,,0.0,True,,725,3
g7aiBLNsEkQ,2,youtube,https://www.youtube.com/watch?v=g7aiBLNsEkQ,台灣客家「老山歌」示範演唱~演唱者 葉美月,hakkaty88,youtube:UCawZovkhObTyIbMagvGl2FA,20090618.0,135.0,客家特区,Hakka,HAK,Han,台湾,台湾（客家）,province,120.971485,23.749452,汉,客家,老山歌（葉美月示範）,老山歌#g7aiBLNsEkQ,山歌,原生态,,S6347fd16,,C,Title: 台灣客家老山歌 示範演唱,,traditional,,0.0714285714285714,True,,726,2
UxZxBYJ0Sho,2,youtube,https://www.youtube.com/watch?v=UxZxBYJ0Sho,傳統客家歌謠 山歌子,劉宏炎 Homedar Liu,youtube:UCWjBDaiF6gTh6BEJ_cAz9vw,20130308.0,266.0,客家特区,Hakka,HAK,Han,台湾,台中（客家）,province,120.971485,23.749452,汉,客家,山歌子（傳統客家歌謠）,山歌子,山歌,原生态,,,,C,Title only,,traditional,,0.1111111111111111,True,,727,4
evJkORc9jjc,2,youtube,https://www.youtube.com/watch?v=evJkORc9jjc,傳統客家歌謠 老剪剪花 張癸添 臺中市客家音樂曲藝研究學會,劉宏炎 Homedar Liu,youtube:UCWjBDaiF6gTh6BEJ_cAz9vw,20170217.0,212.0,客家特区,Hakka,HAK,Han,台湾,台中,province,120.971485,23.749452,汉,客家,老剪剪花（張癸添）,老剪剪花,小调,原生态,,S2b137c8e,,B,Title: 臺中市客家音樂曲藝研究學會 performance,,traditional,,0.0476190476190476,True,,727,4
WF-mp8EU1pE,2,youtube,https://www.youtube.com/watch?v=WF-mp8EU1pE,尤秀菊唱反線山歌子,Pon go,youtube:UCMCfIuhuOLkURll9R4Trr3A,20130428.0,207.0,客家特区,Hakka,HAK,Han,台湾,台湾（客家）,province,120.971485,23.749452,汉,客家,反線山歌子（尤秀菊）,反線山歌子,山歌,原生态,,S42729fea,,C,Title only,,traditional,,0.0,True,,729,3
LPy3W5PL4VY,2,youtube,https://www.youtube.com/watch?v=LPy3W5PL4VY,《平板》-徐忠耀 老師 演唱-【聽見客家情】新竹關西小鎮-客家山歌演唱會,羅際晃-社區影像紀錄-,youtube:UCE4u8eVKPmb0NyP7HkXdK6g,20260618.0,212.0,客家特区,Hakka,HAK,Han,台湾,新竹关西,province,120.971485,23.749452,汉,客家,平板（徐忠耀）,平板,山歌,原生态,,S611f09b9,,B,Title: 新竹關西小鎮 客家山歌演唱會 (community video archive 羅際晃),,traditional,,0.0,True,,302,4
vr6_i9t4iB0,2,youtube,https://www.youtube.com/watch?v=vr6_i9t4iB0,客家山歌王-徐木珍大師-隨口詞~新竹關西~鹿江苦楝樹下音樂會,羅際晃-社區影像紀錄-,youtube:UCE4u8eVKPmb0NyP7HkXdK6g,20231023.0,545.0,客家特区,Hakka,HAK,Han,台湾,新竹关西,province,120.971485,23.749452,汉,客家,隨口詞（徐木珍）,隨口詞,山歌,原生态,,S1b42b1dc,"台湾 文化部 重要傳統藝術保存者（客家八音/山歌, 國寶級藝師）",A2,Title: 客家山歌王 [singer] at 新竹關西 鹿江 concert; [singer] is a 國寶級藝師 (NOWNEWS/傳藝中心 hits in same search log),,traditional,,0.4629629629629629,True,,302,4
HAEw--j4mSg,2,youtube,https://www.youtube.com/watch?v=HAEw--j4mSg,美濃廣林社區張水妹伯母即興演唱客家山歌「平板」,One Cut TV,youtube:UCWcbXoKQZ-gKV7oLMArhWag,20120501.0,206.0,客家特区,Hakka,HAK,Han,台湾,高雄美浓广林,province,120.971485,23.749452,汉,客家,平板（張水妹即興）,平板,山歌,原生态,,S24767993,,A2,Title: 美濃廣林社區 [singer]伯母 即興演唱; she also appears in v1-era 欖仁居 美濃 recordings,,traditional,,0.0,True,,732,1
vTMz_eUdZ5E,2,youtube,https://www.youtube.com/watch?v=vTMz_eUdZ5E,思戀歌。黃淑媛老師。客家民謠小調。黃老師為歷年竹東天穿日。客家山歌比賽評審老師。,張懷念,youtube:UC9Q7Z_0Rc7YYBrsDGA20hDQ,20171219.0,202.0,客家特区,Hakka,HAK,Han,台湾,新竹竹东,province,120.971485,23.749452,汉,客家,思戀歌（黃淑媛）,思戀歌,小调,原生态,,S0b903fd5,,B,Title: 竹東天穿日 客家山歌比賽 評審 [singer],,traditional,,0.0,True,,733,2
duNztWTPYTo,2,youtube,https://www.youtube.com/watch?v=duNztWTPYTo,劉羅照 撐船歌,劉立,youtube:UC-fwJogPFuzU5dccsZ44O1g,20130317.0,111.0,客家特区,Hakka,HAK,Han,台湾,台湾（客家）,province,120.971485,23.749452,汉,客家,撐船歌（劉羅照）,撐船歌,小调,原生态,,S3961b975,,C,Title only,,traditional,,0.0,True,,734,2
m_uB6Cqxc1s,2,youtube,https://www.youtube.com/watch?v=m_uB6Cqxc1s,義民祭 撐船歌,許月梅,youtube:UC6LGOIOje_1LUK49jlwgR0w,20170814.0,169.0,客家特区,Hakka,HAK,Han,台湾,新竹（义民祭）,province,120.971485,23.749452,汉,客家,撐船歌（義民祭）,撐船歌,小调,field,,,,B,Title: sung at 義民祭 (Hakka festival),,traditional,,0.0,True,,735,3
pKdCknthn9M,2,youtube,https://www.youtube.com/watch?v=pKdCknthn9M,上山採茶梁素玉,范光欽,youtube:UCndbBM8_vK7kn_XKpbewyAw,20230213.0,164.0,客家特区,Hakka,HAK,Han,台湾,台湾（客家）,province,120.971485,23.749452,汉,客家,上山採茶（梁素玉）,上山採茶,小调,原生态,,Sb32a73f4,,C,Title only,,traditional,,0.0,True,,736,0
E1_huwLHS0w,2,youtube,https://www.youtube.com/watch?v=E1_huwLHS0w,打海棠 九十歲的阿公唱客家小調 陳阿東 何鑫妹 南平弦樂班,yungtien Yeh,youtube:UC2lrc2jfc-kse389qRt8QeA,20201224.0,301.0,客家特区,Hakka,HAK,Han,台湾,新竹?（南平弦樂班）,province,120.971485,23.749452,汉,客家,打海棠（九十歲阿公陳阿東）,打海棠,小调,原生态,,Sd13e41e6,,B,Title: 90-year-old [singer] with 南平弦樂班 (local amateur ensemble),,traditional,,0.0,True,,737,2
6llqTEjaRc0,2,youtube,https://www.youtube.com/watch?v=6llqTEjaRc0,#老剪剪花 #陳秀珠 老師 #客家委員會 #桃園市平鎮區客家民謠研究促進會 #2020疫動山謠活動,桃園市平鎮區客家民謠研究促進會,youtube:UCAh23Q0lFbwfyyv3zJH3Oow,20200630.0,231.0,客家特区,Hakka,HAK,Han,台湾,桃园平镇,province,120.971485,23.749452,汉,客家,老剪剪花（陳秀珠）,老剪剪花,小调,原生态,,S1d22ec75,,B,"Title: 桃園市平鎮區客家民謠研究促進會, 客家委員會 activity",,traditional,,0.0,True,,738,3
BV1gx4y1J7Kw,2,bilibili,https://www.bilibili.com/video/BV1gx4y1J7Kw,麦盖提县-刀郎木卡姆,新疆文化遗产,bilibili:1201330948,20240605.0,324.707,新疆民歌区,Xinjiang,XJ,minority,新疆,麦盖提,county,78.23669,38.841286,维吾尔,刀郎,刀郎木卡姆-麦盖提县,刀郎木卡姆麦盖提县,刀郎木卡姆,field,,,,B,channel 新疆文化遗产; title 麦盖提县-刀郎木卡姆,,traditional,,0.0,True,,739,3
BV1RwhaeSEjz,2,bilibili,https://www.bilibili.com/video/BV1RwhaeSEjz,哈密市伊吾县下马崖乡-哈密木卡姆,新疆文化遗产,bilibili:1201330948,20240705.0,74.349,新疆民歌区,Xinjiang,XJ,minority,新疆,伊吾县 下马崖乡,county,94.91022,43.565917,维吾尔,,哈密木卡姆（下马崖）,哈密木卡姆#BV1RwhaeSEjz,哈密木卡姆,field,,,,B,title: 哈密市伊吾县下马崖乡-哈密木卡姆 (channel 新疆文化遗产),,traditional,,0.0,True,,739,3
BV1QMHKe7EYS,2,bilibili,https://www.bilibili.com/video/BV1QMHKe7EYS,吐鲁番木卡姆片段,新疆文化遗产,bilibili:1201330948,20240829.0,90.65,新疆民歌区,Xinjiang,XJ,minority,新疆,吐鲁番,prefecture,89.829374,42.398557,维吾尔,,吐鲁番木卡姆片段,吐鲁番木卡姆片段,吐鲁番木卡姆,field,,,,B,channel 新疆文化遗产; title 吐鲁番木卡姆片段,,traditional,,0.0,True,,739,3
BV1BoajeDEH2,2,bilibili,https://www.bilibili.com/video/BV1BoajeDEH2,哈密木卡姆,新疆文化遗产,bilibili:1201330948,20240710.0,103.467,新疆民歌区,Xinjiang,XJ,minority,新疆,哈密,prefecture,93.512835,43.0655,维吾尔,,哈密木卡姆,哈密木卡姆#BV1BoajeDEH2,哈密木卡姆,field,,,,B,channel 新疆文化遗产; title 哈密木卡姆,,traditional,,0.0,True,,739,3
BV1z6QnYoEwt,2,bilibili,https://www.bilibili.com/video/BV1z6QnYoEwt,喀什麦盖提刀郎木卡姆-Baxbayawan巴希巴雅宛木卡姆,极限老帕,bilibili:124891189,20250312.0,238.719,新疆民歌区,Xinjiang,XJ,minority,新疆,麦盖提,county,78.23669,38.841286,维吾尔,刀郎,巴希巴雅宛,巴希巴雅宛,刀郎木卡姆,field,,,,B,title: 喀什麦盖提刀郎木卡姆-Baxbayawan,,traditional,,0.0,True,,743,4
BV1ib421H7g5,2,bilibili,https://www.bilibili.com/video/BV1ib421H7g5,王炸来了！【94.938分】2010年CCTV全国青年歌手电视大奖赛原生态唱法半决赛 麦盖提刀郎木卡姆组合《丝姆巴雅宛》,我才是美味基老,bilibili:549429574,20240625.0,233.812,新疆民歌区,Xinjiang,XJ,minority,新疆,麦盖提,county,78.23669,38.841286,维吾尔,刀郎,丝姆巴雅宛,丝姆巴雅宛,刀郎木卡姆,原生态,,S7d3e6779,,B,title: 2010青歌赛原生态唱法 [singer] (county ensemble of tradition bearers),,traditional,,0.0,True,,0,0
BV1Yq4y1X7jD,2,bilibili,https://www.bilibili.com/video/BV1Yq4y1X7jD,核武器爆炸！【99.036分】2010年CCTV全国青年歌手电视大奖赛原生态唱法30进12第二场 麦盖提刀郎木卡姆组合《多尕买特巴雅宛木卡姆》,我才是美味基老,bilibili:549429574,20210729.0,444.429,新疆民歌区,Xinjiang,XJ,minority,新疆,麦盖提,county,78.23669,38.841286,维吾尔,刀郎,多尕买特巴雅宛,多尕买特巴雅宛,刀郎木卡姆,原生态,,S7d3e6779,,B,title: 2010青歌赛原生态唱法 [singer],,traditional,,0.3863636363636363,True,,0,0
BV1m9q5YXEf4,2,bilibili,https://www.bilibili.com/video/BV1m9q5YXEf4,【98.28分】2008年CCTV全国青年歌手电视大奖赛原生态唱法银奖 刀郎木卡姆《第七木卡姆朱拉》,我才是美味基老,bilibili:549429574,20241207.0,434.288,新疆民歌区,Xinjiang,XJ,minority,新疆,麦盖提,county,78.23669,38.841286,维吾尔,刀郎,朱拉（第七木卡姆）,朱拉,刀郎木卡姆,原生态,,Sd902f49f,,B,title: 2008青歌赛原生态唱法银奖 刀郎木卡姆,,traditional,,0.4883720930232558,True,,0,0
BV1Eu3o6XES5,2,bilibili,https://www.bilibili.com/video/BV1Eu3o6XES5,新疆采风～刀郎木卡姆～那吼喊那鼓声…,音乐张99,bilibili:611073932,20260802.0,299.676,新疆民歌区,Xinjiang,XJ,minority,新疆,南疆,province,85.294711,41.371801,维吾尔,刀郎,刀郎木卡姆-采风,刀郎木卡姆采风,刀郎木卡姆,field,,,,B,title: 新疆采风～刀郎木卡姆,,traditional,,0.0,True,,747,2
BV11KD5BGEB6,2,bilibili,https://www.bilibili.com/video/BV11KD5BGEB6,国家级传承人演唱哈密木卡姆片段,王江江在新疆的365天,bilibili:514463907,20260405.0,114.915,新疆民歌区,Xinjiang,XJ,minority,新疆,哈密,prefecture,93.512835,43.0655,维吾尔,,哈密木卡姆片段,哈密木卡姆片段,哈密木卡姆,原生态,,Sb5442a0b,国家级: 哈密木卡姆 (艾赛提·莫合塔尔 / 艾买提·苏批),A2,title: [singer]演唱哈密木卡姆片段; https://www.ihchina.cn/art/representative.html?keywords=木卡姆,,traditional,,0.0,True,,748,1
BV1xsYR6nEXf,2,bilibili,https://www.bilibili.com/video/BV1xsYR6nEXf,罗布淖尔民歌（二）,王江江在新疆的365天,bilibili:514463907,20260912.0,107.533,新疆民歌区,Xinjiang,XJ,minority,新疆,尉犁 (罗布人),county,86.853248,40.849751,维吾尔,罗布人,罗布淖尔民歌（二）,罗布淖尔民歌#BV1xsYR6nEXf,罗布淖尔民歌,field,,,,B,"title: 罗布淖尔民歌 (vlog 王江江在新疆的365天, on-site)",,traditional,,0.0,True,,748,1
BV1K4XzBXEz6,2,bilibili,https://www.bilibili.com/video/BV1K4XzBXEz6,新疆维吾尔木卡姆艺术（十二木卡姆）国家级代表性传承人于苏普·托合提,王江江非遗音乐馆,bilibili:3546610086709826,20260331.0,489.6,新疆民歌区,Xinjiang,XJ,minority,新疆,,province,85.294711,41.371801,维吾尔,,十二木卡姆（于苏普·托合提）,十二木卡姆#BV1K4XzBXEz6,十二木卡姆,原生态,,Sdcb4d5a4,国家级: 新疆维吾尔木卡姆艺术（十二木卡姆）(2008),A2,https://www.ihchina.cn/art/representative.html?keywords=[singer]; title: 国家级代表性传承人于苏普·托合提,,traditional,,0.8571428571428571,True,,750,1
BV1wt9rB9ENy,2,bilibili,https://www.bilibili.com/video/BV1wt9rB9ENy,新疆维吾尔木卡姆艺术（吐鲁番木卡姆）拉克木卡姆·4,王江江非遗音乐馆,bilibili:3546610086709826,20260428.0,188.433,新疆民歌区,Xinjiang,XJ,minority,新疆,吐鲁番,prefecture,89.829374,42.398557,维吾尔,,拉克木卡姆·4（吐鲁番）,拉克木卡姆4,吐鲁番木卡姆,原生态,,,,B,title: 新疆维吾尔木卡姆艺术（吐鲁番木卡姆）拉克木卡姆,,traditional,,0.0,True,,750,1
BV1nt421F7qU,2,bilibili,https://www.bilibili.com/video/BV1nt421F7qU,维吾尔族十二木卡姆之切比亚特木卡姆《麦西热甫》Cabbayat muqam,小道二成子new,bilibili:3493104214608512,20240503.0,408.746,新疆民歌区,Xinjiang,XJ,minority,新疆,,province,85.294711,41.371801,维吾尔,,切比亚特木卡姆 麦西热甫,切比亚特木卡姆麦西热甫,十二木卡姆,民族唱法,,,,C,title only (stage ensemble),,traditional,,0.0,True,,752,3
BV1gx42127zL,2,bilibili,https://www.bilibili.com/video/BV1gx42127zL,新疆维吾尔族哈密木卡姆演出片段,小道二成子new,bilibili:3493104214608512,20240307.0,117.162,新疆民歌区,Xinjiang,XJ,minority,新疆,哈密,prefecture,93.512835,43.0655,维吾尔,,哈密木卡姆演出片段,哈密木卡姆演出片段,哈密木卡姆,民族唱法,,,,C,title only,,traditional,,0.0,True,,752,3
BV1UyvTeUEK2,2,bilibili,https://www.bilibili.com/video/BV1UyvTeUEK2,哈萨克阿肯阿依特斯（阿肯弹唱）,Happy妞悦儿,bilibili:373028243,20240729.0,74.41,新疆民歌区,Xinjiang,XJ,minority,新疆,,province,85.294711,41.371801,哈萨克,,阿依特斯（阿肯弹唱）,阿依特斯,阿依特斯,原生态,,,,C,title only,,traditional,,0.2857142857142857,True,,754,2
BV1TX4y1t7jA,2,bilibili,https://www.bilibili.com/video/BV1TX4y1t7jA,伊梨哈萨克族阿肯阿依特斯弹奏表演,行军树,bilibili:419031885,20230623.0,212.138,新疆民歌区,Xinjiang,XJ,minority,新疆,伊犁,province,85.294711,41.371801,哈萨克,,阿依特斯（伊犁）,阿依特斯,阿依特斯,原生态,,,,B,title: 伊梨哈萨克族阿肯阿依特斯弹奏表演,,traditional,,0.0,True,,755,4
BV1FM4y1K7ni,2,bilibili,https://www.bilibili.com/video/BV1FM4y1K7ni,【演奏篇】【冬不拉】《hara torǵai》（黑云雀）哈萨克民歌弹唱,胡安什-KukaBek,bilibili:21093447,20210807.0,244.83,新疆民歌区,Xinjiang,XJ,minority,新疆,,province,85.294711,41.371801,哈萨克,,黑云雀 (Qara torǵai),黑云雀,哈萨克民歌,原生态,,S3bfba212,,C,title: 哈萨克民歌弹唱 (singer own channel),,traditional,,0.0,True,,756,2
BV1dy4y1j7s8,2,bilibili,https://www.bilibili.com/video/BV1dy4y1j7s8,【演奏篇】【冬不拉】《arman ai》（梦想）哈萨克民歌弹唱,胡安什-KukaBek,bilibili:21093447,20210725.0,201.34,新疆民歌区,Xinjiang,XJ,minority,新疆,,province,85.294711,41.371801,哈萨克,,Arman ai（梦想）,armanai,哈萨克民歌,原生态,,S3bfba212,,C,title only,,check,,0.0,True,,756,2
BV1354y1r7vC,2,bilibili,https://www.bilibili.com/video/BV1354y1r7vC,柯尔克孜族民歌-英雄玛纳斯,陈立明导演,bilibili:703091173,20201029.0,242.047,新疆民歌区,Xinjiang,XJ,minority,新疆,克孜勒苏,province,85.294711,41.371801,柯尔克孜,,英雄玛纳斯,英雄玛纳斯,玛纳斯,原生态,,,,C,title: 柯尔克孜族民歌-英雄玛纳斯,,traditional,,0.0833333333333333,True,,0,0
BV1bf4y1i75F,2,bilibili,https://www.bilibili.com/video/BV1bf4y1i75F,中国原生态民歌-锡伯族民歌-西里妈妈的传说,陈立明导演,bilibili:703091173,20201030.0,167.402,新疆民歌区,Xinjiang,XJ,minority,新疆,察布查尔,province,85.294711,41.371801,锡伯,,西里妈妈的传说,西里妈妈的传说,锡伯族民歌,原生态,,,,C,title: 中国原生态民歌-锡伯族民歌,,check,,0.0,True,,0,0
BV1RbnpzWEgL,2,bilibili,https://www.bilibili.com/video/BV1RbnpzWEgL,[美丽新疆亚克西]《玛纳斯》片段 领唱：江努日·图日干巴依 买买提吐尔干·艾色克 梅肯·买买提吐尔干 表演：克州歌舞团,-星空下被删除的记忆-,bilibili:520870852,20250924.0,193.791,新疆民歌区,Xinjiang,XJ,minority,新疆,克孜勒苏,province,85.294711,41.371801,柯尔克孜,,玛纳斯（片段）,玛纳斯,玛纳斯,民族唱法,,Seee232d6,国家级: 玛纳斯 (2025),A2,https://www.ihchina.cn/art/representative.html?keywords=[singer] — ihchina: 克孜勒苏柯尔克孜自治州,,traditional,,0.0,True,,760,3
BV1zg4y1m7ED,2,bilibili,https://www.bilibili.com/video/BV1zg4y1m7ED,塔吉克经典民歌—GULBITE,入迷文创,bilibili:516113100,20240114.0,294.356,新疆民歌区,Xinjiang,XJ,minority,新疆,塔什库尔干,province,85.294711,41.371801,塔吉克,,古丽碧塔 (Gulbite),古丽碧塔,塔吉克民歌,原生态,,,,C,title: 塔吉克经典民歌,,traditional,,0.0,True,,761,1
BV1mt4y1L7rq,2,bilibili,https://www.bilibili.com/video/BV1mt4y1L7rq,罗布淖尔民歌ikki mahalla koxiki,阿大西影视,bilibili:494642012,20220910.0,50.781,新疆民歌区,Xinjiang,XJ,minority,新疆,尉犁 (罗布人),county,86.853248,40.849751,维吾尔,罗布人,Ikki mahalla koxiki,ikkimahallakoxiki,罗布淖尔民歌,原生态,,,,C,title: 罗布淖尔民歌,,traditional,,0.0,True,,762,2
BV1vd4y1F7yT,2,bilibili,https://www.bilibili.com/video/BV1vd4y1F7yT,罗布淖尔民歌红玫瑰,阿大西影视,bilibili:494642012,20221108.0,110.132,新疆民歌区,Xinjiang,XJ,minority,新疆,尉犁 (罗布人),county,86.853248,40.849751,维吾尔,罗布人,红玫瑰 (Qizil gülüm),红玫瑰,罗布淖尔民歌,原生态,,,,C,title: 罗布淖尔民歌红玫瑰,,traditional,,0.0,True,,762,2
BV1Qe411m7kq,2,bilibili,https://www.bilibili.com/video/BV1Qe411m7kq,和田民歌,阿大西影视,bilibili:494642012,20240105.0,431.008,新疆民歌区,Xinjiang,XJ,minority,新疆,和田,county,79.953222,37.149,维吾尔,,和田民歌,和田民歌#BV1Qe411m7kq,维吾尔民歌,原生态,,,,C,title only,,traditional,,0.0,True,,762,2
BV16Gp2zgE9v,2,bilibili,https://www.bilibili.com/video/BV16Gp2zgE9v,【两村对歌/两村打油诗】罗布淖尔民歌,Darkquiet,bilibili:351804903,20250916.0,248.546,新疆民歌区,Xinjiang,XJ,minority,新疆,尉犁 (罗布人),county,86.853248,40.849751,维吾尔,罗布人,两村对歌（罗布淖尔）,两村对歌#BV16Gp2zgE9v,罗布淖尔民歌,field,,,,B,title: 两村对歌 罗布淖尔民歌 (village occasion),,traditional,,0.0,True,,765,2
BV1yH4y157zo,2,bilibili,https://www.bilibili.com/video/BV1yH4y157zo,罗布民歌——达坂上金黄的小花,襄平词客,bilibili:32479662,20240312.0,120.046,新疆民歌区,Xinjiang,XJ,minority,新疆,罗布,province,85.294711,41.371801,维吾尔,罗布人,达坂上金黄的小花,达坂上金黄的小花,罗布淖尔民歌,原生态,,,,C,title: 罗布民歌,,traditional,,0.0,True,,766,3
BV12D4y1y7tv,2,bilibili,https://www.bilibili.com/video/BV12D4y1y7tv,吐鲁番木卡姆之拉克木卡姆选段。摄影:艾合 后期:艾合 歌词翻译:努尔麦麦提。,Wild艾合,bilibili:1723895356,20221005.0,134.741,新疆民歌区,Xinjiang,XJ,minority,新疆,吐鲁番,prefecture,89.829374,42.398557,维吾尔,,拉克木卡姆选段（吐鲁番）,拉克木卡姆选段,吐鲁番木卡姆,field,,,,B,title: 吐鲁番木卡姆之拉克木卡姆选段 摄影:艾合 (own recording),,traditional,,0.0,True,,767,4
BV1XBaK6pEfW,2,bilibili,https://www.bilibili.com/video/BV1XBaK6pEfW,聆听维吾尔族民歌《Gülyarixan 古丽亚尔罕》｜演唱者 Hoshur Qari｜感受维吾尔文化之美,唵修罗娑婆诃,bilibili:21107072,20260924.0,184.784,新疆民歌区,Xinjiang,XJ,minority,新疆,,province,85.294711,41.371801,维吾尔,,古丽亚尔罕 (Gülyarixan),古丽亚尔罕,维吾尔民歌,原生态,,S3e65822e,,C,title: 演唱者 Hoshur Qari,,traditional,,0.0,True,,768,3
BV1E14y137Kt,2,bilibili,https://www.bilibili.com/video/BV1E14y137Kt,分享一首伊犁民歌《黑眼睛》,无极瀚海,bilibili:2130209864,20230107.0,181.764,新疆民歌区,Xinjiang,XJ,minority,新疆,伊犁,province,85.294711,41.371801,维吾尔,,黑眼睛（伊犁民歌）,黑眼睛,维吾尔民歌,原生态,,,,C,title only,,traditional,,0.0,True,,769,3
BV1AP4y1k7F7,2,bilibili,https://www.bilibili.com/video/BV1AP4y1k7F7,库车维吾尔民歌《古丽雅尔汗》焉耆,无极瀚海,bilibili:2130209864,20230112.0,292.663,新疆民歌区,Xinjiang,XJ,minority,新疆,库车/焉耆,county,86.070359,42.088406,维吾尔,,古丽雅尔汗（库车）,古丽雅尔汗,维吾尔民歌,原生态,,,,C,title: 库车维吾尔民歌…焉耆,,traditional,,0.0,True,,769,3
BV1pZ421871t,2,bilibili,https://www.bilibili.com/video/BV1pZ421871t,伊犁民歌didar ghenimet -相聚不易，珍惜彼此,SAZIM-MUSELLES,bilibili:316397654,20240323.0,370.675,新疆民歌区,Xinjiang,XJ,minority,新疆,伊犁,province,85.294711,41.371801,维吾尔,,Didar ghenimet,didarghenimet,维吾尔民歌,原生态,,,,C,title: 伊犁民歌,,traditional,,0.0,True,,771,1
BV1xG411E7pM,2,bilibili,https://www.bilibili.com/video/BV1xG411E7pM,93岁高龄的锡伯民歌国家级传承人佟李美清唱《西迁之歌》，感受宝贵的锡伯族西迁精神。,锡伯人,bilibili:1741640913,20221009.0,58.513,新疆民歌区,Xinjiang,XJ,minority,新疆,察布查尔,province,85.294711,41.371801,锡伯,,西迁之歌,西迁之歌,锡伯族民歌,原生态,佟李美,Se90d63ee,国家级: 锡伯族民歌,A1,https://www.ihchina.cn/art/representative.html?keywords=佟李美 — ihchina: 察布查尔锡伯自治县; title: 93岁…[singer]佟李美清唱,,check,,0.1666666666666666,True,,772,4
8fhmn5aQbHw,2,youtube,https://www.youtube.com/watch?v=8fhmn5aQbHw,"Makit Dolan Muqam Troupe performing in Makit, Xinjiang",jgreenenyc,youtube:UCKbyzGIIwGjkpfBV8xbuztQ,20111230.0,321.0,新疆民歌区,Xinjiang,XJ,minority,新疆,麦盖提,county,78.23669,38.841286,维吾尔,刀郎,刀郎木卡姆-Makit troupe,刀郎木卡姆makittroupe,刀郎木卡姆,field,,S08108e9c,,B,"title: performing in Makit, Xinjiang",,traditional,,0.0,True,,773,3
AH3om7QKdpg,2,youtube,https://www.youtube.com/watch?v=AH3om7QKdpg,Muqam Dolan - Chine,Maison des Cultures du Monde - Centre français du patrimoine culturel immatériel,youtube:UCTzAkPU5TJPRKDOEZ6Eu0IQ,20130207.0,128.0,新疆民歌区,Xinjiang,XJ,minority,新疆,麦盖提,county,78.23669,38.841286,维吾尔,刀郎,刀郎木卡姆-MCM,刀郎木卡姆mcm,刀郎木卡姆,field,,,,B,channel Maison des Cultures du Monde (archive),,traditional,,0.0,True,,774,2
vMHoPfn1-HE,2,youtube,https://www.youtube.com/watch?v=vMHoPfn1-HE,19.4 Musicians from Mäkit,Aga Khan Music Programme,youtube:UCq2a2B38dTDMKW7rgDf0LIA,20190911.0,350.0,新疆民歌区,Xinjiang,XJ,minority,新疆,麦盖提,county,78.23669,38.841286,维吾尔,刀郎,刀郎木卡姆-AKMP,刀郎木卡姆akmp,刀郎木卡姆,field,,S3ab168bd,,B,title: Musicians from Mäkit (Aga Khan Music Programme),,traditional,,0.0,True,,775,1
xs8phIBPQzY,2,youtube,https://www.youtube.com/watch?v=xs8phIBPQzY,Uyghur folk song (Kariz naxshisi),UyghurHistory•com,youtube:UCQmQjfUcKyNzHjfYhWXSFUw,20070929.0,174.0,新疆民歌区,Xinjiang,XJ,minority,新疆,吐鲁番,prefecture,89.829374,42.398557,维吾尔,,坎儿井之歌 (Kariz naxshisi),坎儿井之歌,维吾尔民歌,原生态,,,,C,title only,,check,,0.0,True,,776,3
tefkapNh2xQ,2,youtube,https://www.youtube.com/watch?v=tefkapNh2xQ,"Uighur music, at Fire Mountain, Tolufan, Xinjiang China",Joseph Hui,youtube:UCaI1irmtbstbNTbp5ugedNg,20120408.0,73.0,新疆民歌区,Xinjiang,XJ,minority,新疆,吐鲁番 火焰山,prefecture,89.829374,42.398557,维吾尔,,维吾尔民歌（火焰山）,维吾尔民歌#tefkapNh2xQ,维吾尔民歌,field,,,,B,"title: Uighur music, at Fire Mountain, Tolufan",,check,,0.0,True,,777,1
BV1cV41157TQ,2,bilibili,https://www.bilibili.com/video/BV1cV41157TQ,阿克陶县柯尔克孜约隆,北京非遗保护发展中心,bilibili:3493107530205950,20230728.0,54.473,新疆民歌区,Xinjiang,XJ,minority,新疆,阿克陶,county,75.219157,38.638313,柯尔克孜,,约隆（阿克陶）,约隆,约隆,原生态,,,,B,title: 阿克陶县柯尔克孜约隆 (北京非遗保护发展中心),,traditional,,0.0,True,,778,4
BV1ms5j6cEFh,2,bilibili,https://www.bilibili.com/video/BV1ms5j6cEFh,[柯尔克孜文化][非遗]约隆,友爱革命军,bilibili:3546730930899418,20260510.0,313.066,新疆民歌区,Xinjiang,XJ,minority,新疆,克孜勒苏,province,85.294711,41.371801,柯尔克孜,,约隆,约隆,约隆,原生态,,,,C,title: [柯尔克孜文化][非遗]约隆,,traditional,,0.935483870967742,True,,779,2
PaOKuQxhDcQ,2,youtube,https://www.youtube.com/watch?v=PaOKuQxhDcQ,"""al janim-ay"" Kazakh folk song by Uzim from CN Altay Koktogay 20181109",Mina's Kazakh music channel,youtube:UC9T49DM28YAFVLkZY7vESYQ,20181111.0,151.0,新疆民歌区,Xinjiang,XJ,minority,新疆,富蕴 (Koktogay),county,89.386618,46.532364,哈萨克,,Al janim-ay,aljanimay,哈萨克民歌,原生态,,S692cc058,,A2,title: Kazakh folk song by Uzim from CN Altay Koktogay 20181109,,traditional,,0.0,True,,780,1
2edEW5NhoJc,2,youtube,https://www.youtube.com/watch?v=2edEW5NhoJc,"""Ой жайлау"" orendagan(performed); Arshyn Asilbek ule (Kitay, Xinjiang Altay aimag Koktogay audan)",Mina's Kazakh music channel,youtube:UC9T49DM28YAFVLkZY7vESYQ,20180814.0,98.0,新疆民歌区,Xinjiang,XJ,minority,新疆,富蕴 (Koktogay),county,89.386618,46.532364,哈萨克,,Ой жайлау,ойжайлау,哈萨克民歌,原生态,,S916c4e1f,,A2,"title: Arshyn Asilbek ule (Kitay, Xinjiang Altay aimag Koktogay audan)",,traditional,,0.0,True,,780,1
KcoJHiSD8pc,2,youtube,https://www.youtube.com/watch?v=KcoJHiSD8pc,"Ұлан 2021.03.26 КХР ШҰАР Іле облысы Нылқы ауданы, Xinjiang Kazakh folk songs with dombra by Ulan(1)",Mina's Kazakh music channel,youtube:UC9T49DM28YAFVLkZY7vESYQ,20210421.0,156.0,新疆民歌区,Xinjiang,XJ,minority,新疆,尼勒克 (Nylqy),county,83.228249,43.810846,哈萨克,,"哈萨克民歌（Ulan, 尼勒克）",哈萨克民歌#KcoJHiSD8pc,哈萨克民歌,原生态,,S848d1f05,,A2,title: КХР ШҰАР Іле облысы Нылқы ауданы… Xinjiang Kazakh folk songs with dombra by Ulan,,check,,0.0,True,,780,1
y2ZxQqyH4kU,2,youtube,https://www.youtube.com/watch?v=y2ZxQqyH4kU,sekenbek adak ule(Kitay Xinjiang Altay kalasi) 20180803(1),Mina's Kazakh music channel,youtube:UC9T49DM28YAFVLkZY7vESYQ,20180803.0,154.0,新疆民歌区,Xinjiang,XJ,minority,新疆,阿勒泰,county,87.917843,47.884663,哈萨克,,"哈萨克民歌（Sekenbek, 阿勒泰）",哈萨克民歌#y2ZxQqyH4kU,哈萨克民歌,原生态,,Sc9735210,,A2,title: sekenbek adak ule (Kitay Xinjiang Altay kalasi) 20180803,,check,,0.1333333333333333,True,,780,1
R7C1tufYNHg,2,youtube,https://www.youtube.com/watch?v=R7C1tufYNHg,ﾔﾙｶﾝﾄﾞ歌劇団 4/4 Music &Dance in Yarkand Uyghur,内田 UCHIDA,youtube:UCLsyonCcwnqdl2v1xrow-jg,20101114.0,62.0,新疆民歌区,Xinjiang,XJ,minority,新疆,莎车 (Yarkand),county,77.006178,38.31968,维吾尔,,维吾尔歌舞（莎车）,维吾尔歌舞,维吾尔民歌,field,,,,B,title: Music & Dance in Yarkand Uyghur,,check,,0.0,True,,784,1
crem-44710,2,europeana,https://archives.crem-cnrs.fr/archives/items/download/44710.mp3,Atayinmän,"CREM (Sabine Trebinjac collection, 1988)",europeana:nan,,264.288,新疆民歌区,Xinjiang,XJ,minority,新疆,Kashgar 喀什,county,76.181834,39.520854,维吾尔,,Atayinmän,atayinmän,维吾尔民歌,field,,,,B,"Europeana /2059208/ CREM item 44710: spatial ""Kashgar 喀什"", 1988 field recording by Sabine Trebinjac; page https://archives.crem-cnrs.fr/archives/items/44710/",,traditional,,0.0,True,,687,4
crem-44711,2,europeana,https://archives.crem-cnrs.fr/archives/items/download/44711.mp3,Gül läyla,"CREM (Sabine Trebinjac collection, 1988)",europeana:nan,,212.76,新疆民歌区,Xinjiang,XJ,minority,新疆,Kashgar 喀什,county,76.181834,39.520854,维吾尔,,Gül läyla,gülläyla,维吾尔民歌,field,,,,B,"Europeana /2059208/ CREM item 44711: spatial ""Kashgar 喀什"", 1988 field recording by Sabine Trebinjac; page https://archives.crem-cnrs.fr/archives/items/44711/",,traditional,,0.0,True,,687,4
crem-45137,2,europeana,https://archives.crem-cnrs.fr/archives/items/download/45137.mp3,Bulbulum,"CREM (Sabine Trebinjac collection, 1988)",europeana:nan,,157.464,新疆民歌区,Xinjiang,XJ,minority,新疆,Yarkand 莎车 (at a musician's home),county,77.006178,38.31968,维吾尔,,Bulbulum,bulbulum,维吾尔民歌,field,,,,B,"Europeana /2059208/ CREM item 45137: spatial ""Yarkand 莎车 (at a musician's home)"", 1988 field recording by Sabine Trebinjac; page https://archives.crem-cnrs.fr/archives/items/45137/",,traditional,,0.0,True,,687,4
crem-47686,2,europeana,https://archives.crem-cnrs.fr/archives/items/download/47686.mp3,Bir korup otlarkha salkhan,"CREM (Sabine Trebinjac collection, 1988)",europeana:nan,,259.08,新疆民歌区,Xinjiang,XJ,minority,新疆,Yarkand 莎车 (tea house),county,77.006178,38.31968,维吾尔,,Bir korup otlarkha salkhan,birkorupotlarkhasalkhan,维吾尔民歌,field,,,,B,"Europeana /2059208/ CREM item 47686: spatial ""Yarkand 莎车 (tea house)"", 1988 field recording by Sabine Trebinjac; page https://archives.crem-cnrs.fr/archives/items/47686/",,traditional,,0.0,True,,687,4
BV1ZM2mBLEso,2,bilibili,https://www.bilibili.com/video/BV1ZM2mBLEso,长阳山歌《花咚咚姐》,清江歌王,bilibili:670195419,20251209.0,118.32,江汉,Jiang–Han,JHN,Han,湖北,宜昌长阳资丘,county,110.847903,30.478506,土家,,花咚咚姐,花咚咚姐,山歌,原生态,,,,B,"Video description: sung at 资丘文化节 (长阳县资丘镇), uploaded by 长阳 local channel 清江歌王 with #长阳非遗 tags",,traditional,,0.0,True,,789,1
BV1F3mxBZEdQ,2,bilibili,https://www.bilibili.com/video/BV1F3mxBZEdQ,长阳山歌《细碗莲花》,清江歌王,bilibili:670195419,20251210.0,147.52,江汉,Jiang–Han,JHN,Han,湖北,宜昌长阳资丘,county,110.847903,30.478506,土家,,细碗莲花,细碗莲花,山歌,原生态,,,,B,"Description: 资丘文化节, #长阳非遗 (长阳县资丘镇)",,traditional,,0.0,True,,789,1
BV1RSmKBFEj4,2,bilibili,https://www.bilibili.com/video/BV1RSmKBFEj4,长阳山歌小幺姑忙筛茶,清江歌王,bilibili:670195419,20251211.0,150.68,江汉,Jiang–Han,JHN,Han,湖北,宜昌长阳,county,110.847903,30.478506,土家,,小幺姑忙筛茶,小幺姑忙筛茶,山歌,原生态,李德翠、马协菊,Sc7a72c82,,A1,"Description names singers 李德翠、马协菊, 长阳非遗保护中心选送 (Changyang county ICH protection centre submission)",,traditional,,0.0,True,,789,1
BV15G4y127i8,2,bilibili,https://www.bilibili.com/video/BV15G4y127i8,长阳薅草锣鼓01,许老爸,bilibili:27501768,20230106.0,112.662,江汉,Jiang–Han,JHN,Han,湖北,宜昌长阳,county,110.847903,30.478506,土家,,薅草锣鼓,薅草锣鼓,薅草锣鼓,field,,,,B,"Channel 许老爸 posts 宜昌/长阳/兴山 field recordings (e.g. 兴山民歌2002年采录, 宜昌薅草锣鼓89分钟版); title states 长阳",,traditional,,0.0,True,,792,3
BV1WH4y137Hc,2,bilibili,https://www.bilibili.com/video/BV1WH4y137Hc,三峡人家。峡江号子---一种在长江流域广泛流传的民歌形式，分为上水、下水号子等，由省级非遗传承人领衔表演，生动再现了纤夫们的原汁原味、高亢雄浑的场景。,Sophiagetrich,bilibili:394383418,20240505.0,233.94,江汉,Jiang–Han,JHN,Han,湖北,宜昌三峡人家(夷陵),county,111.249522,30.974389,汉,,峡江号子,峡江号子#BV1WH4y137Hc,号子,原生态,,,,B,"Title: performed at 三峡人家 scenic area (宜昌夷陵), led by a provincial-level ICH inheritor (省级非遗传承人领衔)",,traditional,,0.4347826086956521,True,,793,3
BV1i9h5zhEzL,2,bilibili,https://www.bilibili.com/video/BV1i9h5zhEzL,【杜比视界】峡江船工号子 | 宜昌秭归县屈原故里演出,随机生成的剪刀手,bilibili:21951669,20250803.0,388.025,江汉,Jiang–Han,JHN,Han,湖北,宜昌秭归,county,110.678553,30.897811,汉,,峡江号子,峡江号子#BV1i9h5zhEzL,号子,原生态,,,,B,"Description: 秭归县屈原故里 performance of 秭归县非遗 峡江船工号子, filmed on site 2026",,traditional,,0.1282051282051282,True,,794,3
BV1fs421M7RB,2,bilibili,https://www.bilibili.com/video/BV1fs421M7RB,湖北利川民歌：种瓜调,旧约扁舟,bilibili:1757302679,20240609.0,218.41,江汉,Jiang–Han,JHN,Han,湖北,恩施利川,county,109.510768,30.303234,土家,,种瓜调,种瓜调,灯歌,other,,,,C,"Title only: 湖北利川民歌《种瓜调》 (folk original of 龙船调, notated by 周叙卿)",,traditional,,0.0,True,,795,2
BV1E24y1h7BP,2,bilibili,https://www.bilibili.com/video/BV1E24y1h7BP,利川灯歌,情系非遗爱暖长江,bilibili:617518102,20230117.0,58.746,江汉,Jiang–Han,JHN,Han,湖北,恩施利川,county,109.510768,30.303234,土家,,利川灯歌,利川灯歌,灯歌,原生态,,,,B,ICH-themed channel 情系非遗爱暖长江; description: 利川灯歌 湖北省利川市传统音乐,,traditional,,0.0,True,,796,2
BV1DR4y1r7w5,2,bilibili,https://www.bilibili.com/video/BV1DR4y1r7w5,恩施民歌《抬工号子》苗族土家族文化,账号已注销,bilibili:1126459442,20221212.0,206.517,江汉,Jiang–Han,JHN,Han,湖北,恩施,county,109.510768,30.303234,土家,,抬工号子,抬工号子#BV1DR4y1r7w5,号子,原生态,,,,C,Title only: 恩施民歌《抬工号子》,,traditional,,0.0,True,,797,1
BV1pG4y1R7VR,2,bilibili,https://www.bilibili.com/video/BV1pG4y1R7VR,恩施民歌《哈格咂》苗族土家族文化,账号已注销,bilibili:1126459442,20221204.0,214.319,江汉,Jiang–Han,JHN,Han,湖北,恩施,county,109.510768,30.303234,土家,,哈格咂,哈格咂,山歌,原生态,,,,C,Title only: 恩施民歌《哈格咂》,,traditional,,0.0,True,,797,1
BV1WC4y1E7zq,2,bilibili,https://www.bilibili.com/video/BV1WC4y1E7zq,利川《抬石号子》，原生态山民歌，你听过吗？,账号已注销,bilibili:676134321,20231114.0,294.799,江汉,Jiang–Han,JHN,Han,湖北,恩施利川,county,109.510768,30.303234,土家,,抬石号子,抬石号子#BV1WC4y1E7zq,号子,原生态,,,,C,Title only: 利川《抬石号子》，原生态山民歌,,traditional,,0.0,True,,799,4
BV1G441117QY,2,bilibili,https://www.bilibili.com/video/BV1G441117QY,湖北松滋民歌《跑四回》民俗版,周老师松果数学,bilibili:433185638,20190901.0,179.274,江汉,Jiang–Han,JHN,Han,湖北,荆州松滋,county,112.103432,30.41084,汉,,跑四回,跑四回,小调,原生态,,,,C,Title only: 湖北松滋民歌《跑四回》民俗版,,traditional,,0.0,True,,800,2
BV11g411X7DG,2,bilibili,https://www.bilibili.com/video/BV11g411X7DG,湖北天门民歌《小女婿》，好听至极，诙谐幽默,农村丫头小琪,bilibili:1120980867,20220621.0,119.953,江汉,Jiang–Han,JHN,Han,湖北,天门,prefecture,113.114735,30.642494,汉,,小女婿,小女婿,小调,other,,,,C,Title only: 湖北天门民歌《小女婿》,,traditional,,0.0,True,,801,3
BV16i4y1N7xY,2,bilibili,https://www.bilibili.com/video/BV16i4y1N7xY,沔阳民歌《南门街》,沔阳大大,bilibili:400599022,20210228.0,291.641,江汉,Jiang–Han,JHN,Han,湖北,仙桃(沔阳),prefecture,113.381345,30.287564,汉,,南门街,南门街,小调,原生态,,,,C,Title + full lyrics in description; channel 沔阳大大 specialises in 沔阳 (仙桃) folk material,,traditional,,0.0,True,,802,2
BV1FL411x7x5,2,bilibili,https://www.bilibili.com/video/BV1FL411x7x5,湖北沔阳民歌《薅黄瓜》,沔阳大大,bilibili:400599022,20211004.0,107.112,江汉,Jiang–Han,JHN,Han,湖北,仙桃(沔阳),prefecture,113.381345,30.287564,汉,,薅黄瓜,薅黄瓜,小调,原生态,,,,C,Title only: 湖北沔阳民歌《薅黄瓜》; channel 沔阳大大 (仙桃 local),,traditional,,0.0,True,,802,2
BV1VoVW6bEpL,2,bilibili,https://www.bilibili.com/video/BV1VoVW6bEpL,恩施土家族出嫁喜歌《哭嫁歌》,茶歌飙歌,bilibili:1400707917,20260528.0,383.602,江汉,Jiang–Han,JHN,Han,湖北,恩施,county,109.510768,30.303234,土家,,哭嫁歌,哭嫁歌,哭嫁歌,原生态,,,,C,Title only: 恩施土家族出嫁喜歌《哭嫁歌》,,traditional,,0.0,True,,804,4
BV1iJmxBHEUs,2,bilibili,https://www.bilibili.com/video/BV1iJmxBHEUs,土家族撒叶儿嗬,清江歌王,bilibili:670195419,20251210.0,233.801,江汉,Jiang–Han,JHN,Han,湖北,宜昌长阳资丘,county,110.847903,30.478506,土家,,撒叶儿嗬,撒叶儿嗬,跳丧歌,原生态,,,,B,"Description: 长阳撒叶儿嗬 at 资丘文化节 (#长阳非遗), local channel 清江歌王",,traditional,,0.0,True,,789,1
BV11182zAEtU,2,bilibili,https://www.bilibili.com/video/BV11182zAEtU,巴东民歌（1997年录音）,许老爸,bilibili:27501768,20250731.0,416.023,江汉,Jiang–Han,JHN,Han,湖北,恩施巴东,county,109.510768,30.303234,土家,,巴东民歌,巴东民歌#BV11182zAEtU,山歌,field,,,,B,"Title: 巴东民歌（1997年录音）; uploader 许老爸 posts dated 鄂西 field recordings (兴山民歌2002年采录, 宜昌薅草锣鼓)",,traditional,,0.3809523809523809,True,,792,3
BV1Vdi5eEEqj,2,bilibili,https://www.bilibili.com/video/BV1Vdi5eEEqj,超越满分！【99.55分】2010年CCTV全国青年歌手电视大奖赛原生态唱法总决赛 撒叶儿嗬组合《巴东石工号子》,我才是美味基老,bilibili:549429574,20240803.0,406.813,江汉,Jiang–Han,JHN,Han,湖北,恩施巴东,county,109.510768,30.303234,土家,,巴东石工号子,巴东石工号子#BV1Vdi5eEEqj,号子,原生态,,S24b52b8d,,B,2010 CCTV 青歌赛 原生态唱法 final (CCTV link in description); [singer] = Tujia singers from 巴东/长阳,,traditional,,0.6097560975609756,True,,0,0
BV1Cz4y1j7Zx,2,bilibili,https://www.bilibili.com/video/BV1Cz4y1j7Zx,湖北民歌第一人，1960年蒋桂英现场演唱《绣荷包》实况录音（湖北恩施应城民歌；民间文艺研究会联欢会）,思的虔诚,bilibili:319779039,20230909.0,100.138,江汉,Jiang–Han,JHN,Han,湖北,孝感应城,county,113.549436,30.919844,汉,,绣荷包,绣荷包,小调,原生态,,Sf98a3a0f,,A2,"Title/description: 1960 live recording of [singer] (b.1935, 天门 folk singer who joined 中南广播乐团 1953), song labelled 湖北应城民歌",,traditional,,0.0,True,,280,3
BV1kkhx6tERf,2,bilibili,https://www.bilibili.com/video/BV1kkhx6tERf,1960年代河南信阳民歌手演唱《望郎调》（又名《送郎当红军》；河南省信阳市新县民歌）,思的虔诚,bilibili:319779039,20260923.0,109.633,江汉,Jiang–Han,JHN,Han,河南,信阳新县,county,114.852568,31.640359,汉,,望郎调,望郎调,小调,field,,,,B,Title: 1960年代河南信阳民歌手演唱《望郎调》（又名《送郎当红军》；河南省信阳市新县民歌）,,check,,0.0,True,,280,3
BV1cfVR6bEWy,2,bilibili,https://www.bilibili.com/video/BV1cfVR6bEWy,1958年湖北民族女高音刘弥艳演唱《犀牛望月姐望郎》（又名《盼红军》；湖北省恩施土家族苗族自治州利川县民歌）,思的虔诚,bilibili:319779039,20260601.0,133.4,江汉,Jiang–Han,JHN,Han,湖北,恩施利川,county,109.510768,30.303234,土家,,犀牛望月姐望郎,犀牛望月姐望郎,小调,民族唱法,,S058a01df,,C,"Title: 1958年湖北民族女高音[singer]演唱 (利川县民歌, a.k.a.《盼红军》)",,check,,0.0,True,,280,3
BV1oA4y1S7zo,2,bilibili,https://www.bilibili.com/video/BV1oA4y1S7zo,啰啰咚是湖北省监利县流传的一种秧田号子，其曲调高亢悠扬，旋律舒展自由，是平原地区唯一具有山歌特点的原生态民歌，具有独特的艺术研究价值。,微光青年,bilibili:1292144926,20220516.0,49.343,江汉,Jiang–Han,JHN,Han,湖北,荆州监利,county,112.103432,30.41084,汉,,啰啰咚,啰啰咚,田歌,原生态,,,,C,Title/description: 啰啰咚 湖北省监利县 秧田号子,,traditional,,0.0,True,,811,1
BV1De411N7Lg,2,bilibili,https://www.bilibili.com/video/BV1De411N7Lg,土家族撒叶儿嗬,A覃浩南,bilibili:631258004,20221203.0,84.177,江汉,Jiang–Han,JHN,Han,湖北,恩施/宜昌土家族地区,county,109.510768,30.303234,土家,,撒叶儿嗬,撒叶儿嗬,跳丧歌,原生态,,,,C,Title only: 土家族撒叶儿嗬,,traditional,,0.0,True,,812,2
BV17wLmzHEtT,2,bilibili,https://www.bilibili.com/video/BV17wLmzHEtT,大山深处的声音——兴山山歌,美丽中华行,bilibili:250890223,20250428.0,57.956,江汉,Jiang–Han,JHN,Han,湖北,宜昌兴山,county,110.8167,31.315578,汉,,兴山山歌,兴山山歌#BV17wLmzHEtT,山歌,原生态,,,,B,"Clip from travel programme《美丽中华行》 episode on 八百年兴山民歌 (same channel BV1HsR2YyEFh), filmed in 兴山",,traditional,,0.3333333333333333,True,,813,2
BV1Xe411K7g8,2,bilibili,https://www.bilibili.com/video/BV1Xe411K7g8,国家级非物质文化遗产 原生态马山民歌！,在红地毯上看星星,bilibili:24124139,20220926.0,113.471,江汉,Jiang–Han,JHN,Han,湖北,荆州马山,county,112.103432,30.41084,汉,,马山民歌,马山民歌#BV1Xe411K7g8,小调,原生态,,,,C,Title: 国家级非物质文化遗产 原生态马山民歌,,traditional,,0.0,True,,814,2
BV1dT411T73c,2,bilibili,https://www.bilibili.com/video/BV1dT411T73c,一起来唱马山民歌！,在红地毯上看星星,bilibili:24124139,20220927.0,110.207,江汉,Jiang–Han,JHN,Han,湖北,荆州马山,county,112.103432,30.41084,汉,,马山民歌,马山民歌#BV1dT411T73c,小调,原生态,,,,C,Title: 一起来唱马山民歌,,traditional,,0.0,True,,814,2
BV1Nuf2Y8EKT,2,bilibili,https://www.bilibili.com/video/BV1Nuf2Y8EKT,湖北武当山下，吕家河汉族民歌小调，十杯子酒,明月清风-荣枫,bilibili:452133906,20250127.0,359.491,江汉,Jiang–Han,JHN,Han,湖北,十堰丹江口吕家河村,county,111.187871,32.563376,汉,,十杯子酒,十杯子酒,小调,原生态,,,,B,Title: 湖北武当山下，吕家河汉族民歌小调 — 吕家河村 (丹江口官山镇) is the ICH 民歌村,,traditional,,0.0,True,,816,1
BV1bTgP6nEtB,2,bilibili,https://www.bilibili.com/video/BV1bTgP6nEtB,《月儿落西下》十堰向坝民歌,小-山茶呢,bilibili:3546661095737455,20260814.0,215.717,江汉,Jiang–Han,JHN,Han,湖北,十堰竹溪向坝,county,109.784332,32.031931,汉,,月儿落西下,月儿落西下,小调,other,,,,C,Title only: 十堰向坝民歌,,traditional,,0.0,True,,817,1
BV1yG4y1T7Xt,2,bilibili,https://www.bilibili.com/video/BV1yG4y1T7Xt,十堰竹溪向坝民歌《掐菜苔 》,大胡子老桂爱拍片,bilibili:326962492,20230208.0,268.074,江汉,Jiang–Han,JHN,Han,湖北,十堰竹溪向坝,county,109.784332,32.031931,汉,,掐菜苔,掐菜苔,小调,原生态,,,,C,Title only: 十堰竹溪向坝民歌,,traditional,,0.0,True,,818,4
BV1jr4y1w7KV,2,bilibili,https://www.bilibili.com/video/BV1jr4y1w7KV,豫南大别山区，新县民间民歌小调。,㽙尹,bilibili:101031985,20201022.0,178.431,江汉,Jiang–Han,JHN,Han,河南,信阳新县,county,114.852568,31.640359,汉,,新县民间小调,新县民间小调#BV1jr4y1w7KV,小调,原生态,,,,C,Title: 豫南大别山区，新县民间民歌小调,,traditional,,0.0,True,,819,1
BV13ibpeUER3,2,bilibili,https://www.bilibili.com/video/BV13ibpeUER3,原生态民歌《 比丈夫 》宣恩县大型民族风情歌舞诗,六阳英才,bilibili:1586046844,20240712.0,135.743,江汉,Jiang–Han,JHN,Han,湖北,恩施宣恩,county,109.510768,30.303234,土家,,比丈夫,比丈夫,山歌,原生态,,,,C,Title: 宣恩县大型民族风情歌舞诗 programme item,,check,,0.0714285714285714,True,,820,2
BV13ibpeUEpt,2,bilibili,https://www.bilibili.com/video/BV13ibpeUEpt,原生态民歌《 喊山号子 》宣恩县大型民族风情歌舞诗,月河梦山,bilibili:1720017545,20240712.0,107.6,江汉,Jiang–Han,JHN,Han,湖北,恩施宣恩,county,109.510768,30.303234,土家,,喊山号子,喊山号子#BV13ibpeUEpt,号子,原生态,,,,C,Title: 宣恩县大型民族风情歌舞诗 programme item,,traditional,,0.0,True,,821,1
BV1BJ411R7dC,2,bilibili,https://www.bilibili.com/video/BV1BJ411R7dC,松滋民歌《跑四回》,思维影像文化传媒,bilibili:477747275,20191126.0,181.65,江汉,Jiang–Han,JHN,Han,湖北,荆州松滋,county,112.103432,30.41084,汉,,跑四回,跑四回,小调,other,,,,C,Title only: 松滋民歌《跑四回》,,traditional,,0.0,True,,822,0
NgV-1Q4dsHI,2,youtube,https://www.youtube.com/watch?v=NgV-1Q4dsHI,恩施土家族相亲会：对情歌,bxnews,youtube:UC6ReT_zAbFbRcEqGexpg-Gw,20120901.0,152.0,江汉,Jiang–Han,JHN,Han,湖北,恩施,county,109.510768,30.303234,土家,,对情歌,对情歌#NgV-1Q4dsHI,情歌,原生态,,,,B,YouTube bxnews: 恩施土家族相亲会：对情歌 — news footage of a matchmaking fair in 恩施,,traditional,,0.8666666666666667,True,,823,1
2WNCaCidyUU,2,youtube,https://www.youtube.com/watch?v=2WNCaCidyUU,湖北88岁老人唱山歌,黎评,youtube:UC2uFa4sbwWxZOSBsAM6vxVg,20200714.0,91.0,江汉,Jiang–Han,JHN,Han,湖北,湖北(县未详),province,112.271301,30.987527,汉,,湖北山歌(老人),湖北山歌#2WNCaCidyUU,山歌,原生态,,,,C,Title: 湖北88岁老人唱山歌,,traditional,,0.0,True,,824,0
BV1Kt4y1H7ir,2,bilibili,https://www.bilibili.com/video/BV1Kt4y1H7ir,恩施土家女儿城原声粗剪原片记录，现场值得一看，民歌很洗脑,季仕梁大麻瓜,bilibili:251081071,20220609.0,282.175,江汉,Jiang–Han,JHN,Han,湖北,恩施市(土家女儿城),county,109.510768,30.303234,土家,,恩施民歌(女儿城),恩施民歌#BV1Kt4y1H7ir,山歌,field,,,,B,Title: 恩施土家女儿城原声粗剪原片记录 — unedited on-site audio in 恩施,,check,,0.0357142857142857,True,,825,0
BV1eV4y1w7yJ,2,bilibili,https://www.bilibili.com/video/BV1eV4y1w7yJ,恩施民歌《送郎歌》苗族土家族文化,账号已注销,bilibili:1126459442,20221212.0,247.942,江汉,Jiang–Han,JHN,Han,湖北,恩施,county,109.510768,30.303234,土家,,送郎歌,送郎歌,小调,other,,,,C,Title only: 恩施民歌《送郎歌》,,traditional,,0.0,True,,797,1
BV1eDtLewEUj,2,bilibili,https://www.bilibili.com/video/BV1eDtLewEUj,掐菜苔（湖北恩施民歌）,湖北楚鸾,bilibili:1634515814,20240918.0,115.498,江汉,Jiang–Han,JHN,Han,湖北,恩施,county,109.510768,30.303234,土家,,掐菜苔,掐菜苔,小调,other,,,,C,Title only: 掐菜苔（湖北恩施民歌）,,traditional,,0.0,True,,827,0
BV1PZ4y1575w,2,bilibili,https://www.bilibili.com/video/BV1PZ4y1575w,三峡土家族山歌对唱，高音又高又长，太动听了,黑白的触动,bilibili:24964521,20201117.0,398.679,江汉,Jiang–Han,JHN,Han,湖北,宜昌三峡,prefecture,111.140801,30.747312,土家,,三峡土家族山歌,三峡土家族山歌,山歌,原生态,,,,C,Title: 三峡土家族山歌对唱; description: 宜昌旅行,,traditional,,0.05,True,,828,4
BV1H24y1T7kC,2,bilibili,https://www.bilibili.com/video/BV1H24y1T7kC,三峡人家 土家族 山歌,三年二班林夕小公主,bilibili:240812131,20230505.0,247.124,江汉,Jiang–Han,JHN,Han,湖北,宜昌三峡人家(夷陵),county,111.249522,30.974389,土家,,三峡人家土家山歌,三峡人家土家山歌,山歌,原生态,,,,B,"Title: 三峡人家 土家族 山歌 — filmed at 三峡人家 scenic area, 宜昌夷陵",,traditional,,0.0,True,,829,4
BV1XT411f7w9,2,bilibili,https://www.bilibili.com/video/BV1XT411f7w9,长阳薅草锣鼓03,许老爸,bilibili:27501768,20230110.0,295.264,江汉,Jiang–Han,JHN,Han,湖北,宜昌长阳,county,110.847903,30.478506,土家,,薅草锣鼓,薅草锣鼓,薅草锣鼓,field,,,,B,Part 03 of 许老爸 長阳薅草锣鼓 field series (same uploader as 兴山民歌2002年采录),,traditional,,0.0,True,,792,3
BV1hcLjzDEZg,2,bilibili,https://www.bilibili.com/video/BV1hcLjzDEZg,京山打硪歌 姚峰+余凤兰一口的纯正的湖北京山腔,行者张三Runny,bilibili:1029513985,20250425.0,310.954,江汉,Jiang–Han,JHN,Han,湖北,荆门京山,county,113.106857,31.080808,汉,,打硪歌,打硪歌,号子,原生态,,S895085bc,,B,Title: 京山打硪歌 [singer]+[singer] 一口纯正的湖北京山腔,,traditional,,0.0,True,,831,2
BV1qkAfeFEfD,2,bilibili,https://www.bilibili.com/video/BV1qkAfeFEfD,京山民歌小女婿，完整赏析，一代人的回忆#一代人的回忆 #我的家乡有民歌 #崔崔话京山,崔崔话京山,bilibili:401631104,20250221.0,135.421,江汉,Jiang–Han,JHN,Han,湖北,荆门京山,county,113.106857,31.080808,汉,,小女婿,小女婿,小调,other,,,,C,Uploader 崔崔话京山 (京山 local channel): 京山民歌《小女婿》,,traditional,,0.0,True,,832,4
BV1dPhJ6FE2Z,2,bilibili,https://www.bilibili.com/video/BV1dPhJ6FE2Z,1960年代著名河南商城民歌手石体洁演唱《杨柳青》（又名《三把扇子》；河南信阳市商城县民歌）,思的虔诚,bilibili:319779039,20260922.0,68.6,江汉,Jiang–Han,JHN,Han,河南,信阳商城,county,115.368512,31.760268,汉,,杨柳青（三把扇子）,杨柳青,小调,原生态,,S320b7430,,A2,"Title/desc: 1960年代商城民歌手[singer]; born 1942 商城县城关镇, learned 商城民歌 from her mother",,traditional,,0.0,True,,280,3
BV1fqFNzaESP,2,bilibili,https://www.bilibili.com/video/BV1fqFNzaESP,河南省民协推选信阳商城民歌手亮相鄂豫皖经典民歌会  李明凤演唱《车水薅秧》,河南省民间文艺家协会,bilibili:3691009024199435,20260202.0,219.381,江汉,Jiang–Han,JHN,Han,河南,信阳商城,county,115.368512,31.760268,汉,,车水薅秧,车水薅秧,田歌,原生态,,Sbdd47d7d,,A2,Title: 河南省民协推选信阳商城民歌手[singer]演唱《车水薅秧》 at 鄂豫皖经典民歌会,,traditional,,0.0,True,,834,2
BV1ob41127aU,2,bilibili,https://www.bilibili.com/video/BV1ob41127aU,河南省商城县锣鼓演奏及民间小调，画质不是很清晰QAQ~~~,江湖逍客,bilibili:362924583,20190215.0,183.205,江汉,Jiang–Han,JHN,Han,河南,信阳商城,county,115.368512,31.760268,汉,,商城民间小调,商城民间小调#BV1ob41127aU,小调,field,,,,B,Desc: uploader filmed in hometown 商城县 at Spring Festival: 锣鼓演奏 and local 山歌,,traditional,,0.0,True,,835,0
BV1Hq4y137mD,2,bilibili,https://www.bilibili.com/video/BV1Hq4y137mD,【常熟•白茆山歌】一把芝麻撒上天,一只松树蕈,bilibili:39432778,20211106.0,132.608,江浙平原,Jiangsu–Zhejiang Plain,JZP,Han,江苏,常熟白茆,county,120.822992,31.658797,,,一把芝麻撒上天,一把芝麻撒上天,吴歌/山歌,原生态,,,,C,Uploader series 【常熟•白茆山歌】 (one item names 白茆山歌传承人 [singer]); singer unnamed here,,traditional,,0.4615384615384615,True,,836,3
BV1aD4y1F7b6,2,bilibili,https://www.bilibili.com/video/BV1aD4y1F7b6,【常熟•白茆山歌】莳秧歌,一只松树蕈,bilibili:39432778,20220106.0,40.123,江浙平原,Jiangsu–Zhejiang Plain,JZP,Han,江苏,常熟白茆,county,120.822992,31.658797,,,莳秧歌（白茆）,莳秧歌,吴歌/田歌,原生态,,S14e741d8,白茆山歌传承人 (level not stated),A2,Uploader description: 演唱者：白茆山歌传承人[singer],,traditional,,0.0,True,,836,3
BV1Ce411G7FR,2,bilibili,https://www.bilibili.com/video/BV1Ce411G7FR,【常熟•白茆山歌】山歌好唱口难开,一只松树蕈,bilibili:39432778,20221028.0,88.63,江浙平原,Jiangsu–Zhejiang Plain,JZP,Han,江苏,常熟白茆,county,120.822992,31.658797,,,山歌好唱口难开,山歌好唱口难开,吴歌/山歌,原生态,,,,C,Uploader series 【常熟•白茆山歌】; singer unnamed,,traditional,,0.4444444444444444,True,,836,3
BV1tS4y1Q7z8,2,bilibili,https://www.bilibili.com/video/BV1tS4y1Q7z8,【常熟•白茆山歌】结识私情隔条河,一只松树蕈,bilibili:39432778,20211217.0,105.604,江浙平原,Jiangsu–Zhejiang Plain,JZP,Han,江苏,常熟白茆,county,120.822992,31.658797,,,结识私情隔条河,结识私情隔条河,吴歌/山歌,原生态,,,,C,Uploader series 【常熟•白茆山歌】; singer unnamed,,traditional,,0.4545454545454545,True,,836,3
BV1Uf4y177hA,2,bilibili,https://www.bilibili.com/video/BV1Uf4y177hA,【吴语】吴江芦墟山歌 《山歌弗唱寂洞洞》,孝豐闍耶跋摩,bilibili:7807569,20211009.0,94.621,江浙平原,Jiangsu–Zhejiang Plain,JZP,Han,江苏,苏州吴江芦墟,county,120.63197,31.008452,,,山歌弗唱寂洞洞,山歌弗唱寂洞洞,吴歌/山歌,原生态,,,,C,Title 吴江芦墟山歌; description on 芦墟 (汾湖镇) origin; singer unnamed,,traditional,,0.1111111111111111,True,,840,3
BV1Zw411o7kf,2,bilibili,https://www.bilibili.com/video/BV1Zw411o7kf,吴语湖州话 湖州山歌（吴兴埭溪镇上强村）,孝豐闍耶跋摩,bilibili:7807569,20210704.0,360.837,江浙平原,Jiangsu–Zhejiang Plain,JZP,Han,浙江,湖州吴兴埭溪镇上强村,county,120.084809,30.803331,,,湖州山歌,湖州山歌#BV1Zw411o7kf,吴歌/山歌,field,,,,B,Title gives village: 吴兴埭溪镇上强村 (湖州话); 新浪视频 field clip,,traditional,,0.6388888888888888,True,,840,3
BV1wM4y1V7qn,2,bilibili,https://www.bilibili.com/video/BV1wM4y1V7qn,河阳山歌《观音佛句》（吴语虞西话）,孝豐闍耶跋摩,bilibili:7807569,20210819.0,55.495,江浙平原,Jiangsu–Zhejiang Plain,JZP,Han,江苏,张家港凤凰(河阳),county,120.62796,31.903366,,,观音佛句,观音佛句,吴歌/河阳山歌,原生态,,,,C,"Title 河阳山歌 (国家级非遗, 张家港凤凰镇), 吴语虞西话",,traditional,,0.0,True,,840,3
BV16W4y177ew,2,bilibili,https://www.bilibili.com/video/BV16W4y177ew,苏州吴江芦墟秋水潭村87岁的老歌手柯金海所唱的芦墟山歌是歌手中唱得蕞正崇的一个，是原质原味的响山歌，喜闻乐见，深受欢迎。#芦墟山歌#芦墟古镇 #乡音乡愁,江南东乙,bilibili:405723179,20221021.0,89.493,江浙平原,Jiangsu–Zhejiang Plain,JZP,Han,江苏,苏州吴江芦墟秋水潭村,county,120.63197,31.008452,,,芦墟山歌,芦墟山歌#BV16W4y177ew,吴歌/山歌,原生态,,S5735ed76,,A2,Title: 吴江芦墟秋水潭村87岁的老歌手[singer],,traditional,,0.3333333333333333,True,,843,1
BV1ppYheNED5,2,bilibili,https://www.bilibili.com/video/BV1ppYheNED5,汾湖的非遗：芦墟山歌,90903874315_bili,bilibili:403530514,20240809.0,238.121,江浙平原,Jiangsu–Zhejiang Plain,JZP,Han,江苏,苏州吴江汾湖,county,120.63197,31.008452,,,芦墟山歌,芦墟山歌#BV1ppYheNED5,吴歌/山歌,原生态,,,,C,Title 汾湖的非遗：芦墟山歌,,traditional,,0.0,True,,844,2
BV1FF411b723,2,bilibili,https://www.bilibili.com/video/BV1FF411b723,【上海田山歌】青浦田歌·赵巷帮《五姑娘》（一节）王锡余等,周浦大宝贝,bilibili:233673588,20220304.0,235.844,江浙平原,Jiangsu–Zhejiang Plain,JZP,Han,上海,青浦赵巷,prefecture,121.085188,31.124681,,,五姑娘,五姑娘,田山歌,原生态,,Secbd175a,,A2,"Desc: 60年代录音, 青浦田山歌赵巷帮代表作, 山歌队 received by 周恩来; singer 王锡余 of 赵巷帮",,traditional,,0.0,True,,845,2
BV1xb411i7sg,2,bilibili,https://www.bilibili.com/video/BV1xb411i7sg,上海市非物质文化遗产崇明山歌传承人张顺法演唱《望郎山歌》,人形自走跳楼机,bilibili:33976819,20190310.0,369.181,江浙平原,Jiangsu–Zhejiang Plain,JZP,Han,上海,崇明,prefecture,121.568484,31.635916,,,望郎山歌,望郎山歌#BV1xb411i7sg,山歌,原生态,,S4391ebab,上海市级非遗: 崇明山歌,A2,Title: 上海市非物质文化遗产崇明山歌传承人[singer],,traditional,,0.054054054054054,True,,846,4
BV1iNaQeVEFp,2,bilibili,https://www.bilibili.com/video/BV1iNaQeVEFp,泖港镇《泖田山歌》,埜露染染,bilibili:39076979,20240807.0,306.687,江浙平原,Jiangsu–Zhejiang Plain,JZP,Han,上海,松江泖港镇,prefecture,121.220231,31.015194,,,泖田山歌,泖田山歌#BV1iNaQeVEFp,田山歌,原生态,,,,B,Title/desc: 泖港镇《泖田山歌》 with local description of 喊山歌 practice,,traditional,,0.0,True,,847,4
BV1Vr421n7N1,2,bilibili,https://www.bilibili.com/video/BV1Vr421n7N1,春分时节，草长莺飞。上海田山歌市级传承人杨晓峰带着老搭档李芳，在田间地头，唱起民歌《花与鸟》。,解放日报-上观新闻,bilibili:492850806,20240320.0,139.86,江浙平原,Jiangsu–Zhejiang Plain,JZP,Han,上海,青浦练塘,prefecture,121.085188,31.124681,,,花与鸟,花与鸟,田山歌,原生态,"杨晓峰, 李芳",S2947daf6,上海市级: 上海田山歌 (练塘第三代传承人),A1,"解放日报 desc: 杨晓峰 上海田山歌市级传承人, 青浦练塘; song collected by him in 民歌普查",,traditional,,0.0,True,,848,1
BV1fi421e7gN,2,bilibili,https://www.bilibili.com/video/BV1fi421e7gN,【中国民间歌曲集成·浙江卷】66. 五姑娘 （三） 嘉善田歌·落秧歌,倒霉的K,bilibili:110625551,20240622.0,126.975,江浙平原,Jiangsu–Zhejiang Plain,JZP,Han,浙江,嘉善,county,120.902273,30.8996,,,五姑娘（嘉善田歌·落秧歌）,五姑娘,田歌,field,,,,B,"Audio from 中国民间歌曲集成·浙江卷 no.66 (嘉善田歌), Anthology field recording",,traditional,,0.0769230769230769,True,,849,4
BV1Br421T7vF,2,bilibili,https://www.bilibili.com/video/BV1Br421T7vF,【中国民间歌曲集成·浙江卷】70. 踏车山歌 嘉善田歌·急急歌,倒霉的K,bilibili:110625551,20240703.0,95.828,江浙平原,Jiangsu–Zhejiang Plain,JZP,Han,浙江,嘉善,county,120.902273,30.8996,,,踏车山歌,踏车山歌#BV1Br421T7vF,田歌,field,,,,B,"中国民间歌曲集成·浙江卷 no.70, 嘉善田歌·急急歌",,traditional,,0.1,True,,849,4
BV1bAyGYvEZ8,2,bilibili,https://www.bilibili.com/video/BV1bAyGYvEZ8,【中国民间歌曲集成·浙江卷】94. 老长工歌,倒霉的K,bilibili:110625551,20241018.0,89.442,江浙平原,Jiangsu–Zhejiang Plain,JZP,Han,浙江,"(浙江, county per Anthology)",province,120.109913,29.181466,,,老长工歌,老长工歌,山歌,field,,,,C,中国民间歌曲集成·浙江卷 no.94; county not in title,,traditional,,0.1111111111111111,True,,849,4
BV14m411R7EM,2,bilibili,https://www.bilibili.com/video/BV14m411R7EM,【中国民间歌曲集成·浙江卷】23. 大号 沙柳渔民号子,倒霉的K,bilibili:110625551,20240317.0,85.119,江浙平原,Jiangsu–Zhejiang Plain,JZP,Han,浙江,沙柳 (county per Anthology),province,120.109913,29.181466,,,大号（沙柳渔民号子）,大号,号子,field,,,,C,中国民间歌曲集成·浙江卷 no.23,,traditional,,0.1111111111111111,True,,849,4
BV1HX4y167SB,2,bilibili,https://www.bilibili.com/video/BV1HX4y167SB,【吴歌】湖州大伯唱山歌“东南风吹来暖洋洋”,何似笑春风,bilibili:305754427,20230420.0,69.705,江浙平原,Jiangsu–Zhejiang Plain,JZP,Han,浙江,湖州,prefecture,119.873663,30.743058,,,东南风吹来暖洋洋,东南风吹来暖洋洋,吴歌/山歌,field,,Sc2b37ca5,,C,Title: [singer]唱山歌,,traditional,,0.5714285714285714,True,,853,1
BV1Ee41157nq,2,bilibili,https://www.bilibili.com/video/BV1Ee41157nq,【民歌】摇船山歌,何似笑春风,bilibili:305754427,20221009.0,60.023,江浙平原,Jiangsu–Zhejiang Plain,JZP,Han,浙江,湖州,prefecture,119.873663,30.743058,,,摇船山歌,摇船山歌#BV1Ee41157nq,吴歌/山歌,field,,,,C,"Desc: 湖州民歌, 吴硕行、邱昌 记录 (archival); images from film",,traditional,,0.0,True,,853,1
BV1UL4y1q7jt,2,bilibili,https://www.bilibili.com/video/BV1UL4y1q7jt,【吴语】 大伯绍兴话唱《十叹空》嗓子呱呱叫,何似笑春风,bilibili:305754427,20211105.0,40.819,江浙平原,Jiangsu–Zhejiang Plain,JZP,Han,浙江,绍兴护国岭村,prefecture,120.640933,29.732893,,,十叹空,十叹空,小调,field,,S4df18e94,,B,"Desc: 绍兴护国岭村大伯 (village named), Douyin field clip",,traditional,,0.0,True,,853,1
BV1HH4y1M7HY,2,bilibili,https://www.bilibili.com/video/BV1HH4y1M7HY,镇江传统吴歌：南乡田歌之车水号子（江苏省首批非物质文化遗产）,吴越齐民,bilibili:40364449,20240409.0,261.131,江浙平原,Jiangsu–Zhejiang Plain,JZP,Han,江苏,镇江,prefecture,119.458183,32.014028,,,车水号子（南乡田歌）,车水号子#BV1HH4y1M7HY,吴歌/田歌,原生态,,,,C,Title: 镇江传统吴歌 南乡田歌 (江苏省首批非遗),,traditional,,0.0769230769230769,True,,856,3
BV1ia4y1S7w2,2,bilibili,https://www.bilibili.com/video/BV1ia4y1S7w2,来听听镇江的吴语民歌：南乡田歌耕牛号子,吴越齐民,bilibili:40364449,20231113.0,48.715,江浙平原,Jiangsu–Zhejiang Plain,JZP,Han,江苏,镇江,prefecture,119.458183,32.014028,,,耕牛号子（南乡田歌）,耕牛号子#BV1ia4y1S7w2,吴歌/田歌,原生态,,,,C,Title: 镇江的吴语民歌 南乡田歌,,traditional,,0.2,True,,856,3
BV16YcdeQEHK,2,bilibili,https://www.bilibili.com/video/BV16YcdeQEHK,河阳山歌《莳秧歌》,账号已注销,bilibili:605448129,20250117.0,284.116,江浙平原,Jiangsu–Zhejiang Plain,JZP,Han,江苏,张家港凤凰,county,120.62796,31.903366,,,莳秧歌（河阳山歌）,莳秧歌,吴歌/田歌,原生态,,,,C,Title 河阳山歌《莳秧歌》,,traditional,,0.0,True,,858,1
BV1EW41117RY,2,bilibili,https://www.bilibili.com/video/BV1EW41117RY,张家港凤凰----河阳山歌,sly狂奔的蜗牛,bilibili:93215032,20181009.0,154.243,江浙平原,Jiangsu–Zhejiang Plain,JZP,Han,江苏,张家港凤凰,county,120.62796,31.903366,,,河阳山歌,河阳山歌#BV1EW41117RY,吴歌/山歌,原生态,,,,C,Title 张家港凤凰----河阳山歌,,traditional,,0.0,True,,859,4
BV1gb411A7GY,2,bilibili,https://www.bilibili.com/video/BV1gb411A7GY,听，古稀老人唱温州山歌！,讲讲温州话,bilibili:382829439,20181105.0,58.323,江浙平原,Jiangsu–Zhejiang Plain,JZP,Han,浙江,温州,prefecture,120.463912,27.894726,,,温州山歌,温州山歌#BV1gb411A7GY,山歌,field,,See59cbe2,,C,Title: [singer]唱温州山歌,,traditional,,0.1666666666666666,True,,860,3
BV1UW41137q1,2,bilibili,https://www.bilibili.com/video/BV1UW41137q1,【渣画质】《撞歌》温州民歌,呆蛙,bilibili:1566220,20180503.0,260.573,江浙平原,Jiangsu–Zhejiang Plain,JZP,Han,浙江,温州,prefecture,120.463912,27.894726,,,撞歌,撞歌,小调,other,,S3fe1b085,,C,"Desc: 瓯语, 某次文艺演出节目",,traditional,,0.0,True,,861,1
BV1Jup9zxEiQ,2,bilibili,https://www.bilibili.com/video/BV1Jup9zxEiQ,舟山渔民号子,小尊2022,bilibili:75739459,20250920.0,44.4,江浙平原,Jiangsu–Zhejiang Plain,JZP,Han,浙江,舟山,prefecture,122.146805,30.056563,,,舟山渔民号子,舟山渔民号子#BV1Jup9zxEiQ,号子,field,,,,C,Title only,,traditional,,0.5,True,,862,4
BV1pK411g7Zs,2,bilibili,https://www.bilibili.com/video/BV1pK411g7Zs,寧波馬燈調 浙東民歌 清唱,KibiItaru,bilibili:6951149,20201226.0,239.483,江浙平原,Jiangsu–Zhejiang Plain,JZP,Han,浙江,宁波,prefecture,121.479174,29.733017,,,马灯调,马灯调,小调,other,,,,C,Title: 寧波馬燈調 浙東民歌 清唱,,traditional,,0.0833333333333333,True,,863,3
BV1To4y1q7Yj,2,bilibili,https://www.bilibili.com/video/BV1To4y1q7Yj,徽州民歌《牧牛山歌》滚声哈哈腔 操明花 操洁春演唱,徽州的音乐故事,bilibili:1454588738,20230317.0,94.318,江浙平原,Jiangsu–Zhejiang Plain,JZP,Han,安徽,徽州(黄山),county,118.095868,30.252547,,,牧牛山歌（徽州）,牧牛山歌#BV1To4y1q7Yj,山歌,原生态,"操明花, 操洁春",Se2e6abd8,国家级: 徽州民歌,A1,"Desc: 徽州民歌[singer]操明花和徒弟演唱, 滚声哈哈腔",,traditional,,0.0,True,,864,2
BV1TY4y1R7Eo,2,bilibili,https://www.bilibili.com/video/BV1TY4y1R7Eo,徽州民歌《十绣鞋》操明花演唱,徽州的音乐故事,bilibili:1454588738,20230315.0,210.79,江浙平原,Jiangsu–Zhejiang Plain,JZP,Han,安徽,徽州(黄山),county,118.095868,30.252547,,,十绣鞋,十绣鞋,小调,原生态,操明花,Sa733a385,国家级: 徽州民歌,A1,Desc (央视频): 徽州民歌[singer]操明花演唱,,traditional,,0.0,True,,864,2
BV1Umen68E13,2,bilibili,https://www.bilibili.com/video/BV1Umen68E13,国家级非遗——徽州民歌《牧牛山歌》演唱：徐秀成（徽州民歌传承人）她的歌声纯净质朴，带着徽州泥土的芬芳！,徽州民歌,bilibili:3494374606375802,20260915.0,98.0,江浙平原,Jiangsu–Zhejiang Plain,JZP,Han,安徽,徽州(黄山),county,118.095868,30.252547,,,牧牛山歌（徽州）,牧牛山歌#BV1Umen68E13,山歌,原生态,,Scfbd578e,徽州民歌传承人,A2,Title: 演唱：[singer]（徽州民歌传承人）,,traditional,,0.0,True,,866,3
BV16FqCYpEVR,2,bilibili,https://www.bilibili.com/video/BV16FqCYpEVR,徽州民歌《阿等月亮上山顶》原生态演唱,艾马拉橡皮擦,bilibili:225531999,20241210.0,127.355,江浙平原,Jiangsu–Zhejiang Plain,JZP,Han,安徽,徽州,county,118.259855,29.924199,,,阿等月亮上山顶,阿等月亮上山顶,小调,原生态,,,,C,Title: 徽州民歌 原生态演唱 (repost from Douyin),,check,,0.0769230769230769,True,,867,4
BV1g2fLBVEKw,2,bilibili,https://www.bilibili.com/video/BV1g2fLBVEKw,徽州民歌《采茶谣》一首独具徽州当地风俗特色的民歌歌曲 #徽州民歌 转载于网络,徽韵里的烟火,bilibili:2141158804,20260221.0,154.412,江浙平原,Jiangsu–Zhejiang Plain,JZP,Han,安徽,徽州,county,118.259855,29.924199,,,采茶谣（徽州）,采茶谣,茶歌,other,,,,C,Title only; 转载于网络,,traditional,,0.0,True,,868,3
BV1kkJH6QEDi,2,bilibili,https://www.bilibili.com/video/BV1kkJH6QEDi,1980年代浙江民族女高音叶彩华演唱《嘉兴田歌》（嘉兴市嘉善县民歌；浙江省歌舞团民族乐队 伴奏）,思的虔诚,bilibili:319779039,20260613.0,246.3,江浙平原,Jiangsu–Zhejiang Plain,JZP,Han,浙江,嘉善,county,120.902273,30.8996,,,嘉兴田歌,嘉兴田歌#BV1kkJH6QEDi,田歌,民族唱法,,S66965ac1,,C,Title: 1980年代浙江民族女高音[singer] (浙江省歌舞团),,traditional,,0.0,True,,280,3
BV1YZ4y1T7KM,2,bilibili,https://www.bilibili.com/video/BV1YZ4y1T7KM,【江苏昆山民歌】《搭凉棚》鞠秀芳 演唱,韩结绿,bilibili:345901269,20200716.0,118.768,江浙平原,Jiangsu–Zhejiang Plain,JZP,Han,江苏,昆山,county,120.959322,31.32247,,,搭凉棚,搭凉棚,小调,民族唱法,,S57fdd0ea,,C,"Title: 江苏昆山民歌, [singer] (上海音乐学院)",,traditional,,0.0,True,,485,2
BV1EC411J78B,2,bilibili,https://www.bilibili.com/video/BV1EC411J78B,【东阳民歌/时调】《十二月花名》陈金声改编，浙江金华专区代表团歌舞队；50年代录音,意卿帝,bilibili:382336838,20240428.0,302.184,江浙平原,Jiangsu–Zhejiang Plain,JZP,Han,浙江,东阳,county,120.375678,29.232405,,,十二月花名（东阳时调）,十二月花名,小调,民族唱法,,Sf1ab14d7,,B,Title: [singer] 50年代录音 (会演),,check,,0.0,True,,871,2
BV1Pi421Y7xL,2,bilibili,https://www.bilibili.com/video/BV1Pi421Y7xL,安徽繁昌民歌 舂米号子 陈能德领唱 1955年录音,雷雨wsl,bilibili:30402757,20240703.0,102.074,江浙平原,Jiangsu–Zhejiang Plain,JZP,Han,安徽,繁昌,county,118.160084,31.079149,,,舂米号子,舂米号子#BV1Pi421Y7xL,号子,原生态,,S26452914,,B,"Title: 安徽繁昌民歌, 1955年录音",,traditional,,0.0,True,,861,1
BV1xH4LzBEBL,2,bilibili,https://www.bilibili.com/video/BV1xH4LzBEBL,安徽芜湖民歌 二十岁汉子靠姐边 陶桂英 吕昌江演唱 1953年录音,雷雨wsl,bilibili:30402757,20251010.0,125.782,江浙平原,Jiangsu–Zhejiang Plain,JZP,Han,安徽,芜湖,prefecture,118.13997,31.160935,,,二十岁汉子靠姐边,二十岁汉子靠姐边,小调,原生态,,Sc90f5646,,B,"Title: 安徽芜湖民歌, 1953年录音",,traditional,,0.0769230769230769,True,,861,1
BV1Nb421q7Zz,2,bilibili,https://www.bilibili.com/video/BV1Nb421q7Zz,安徽当涂民歌 姐在田里薅豆棵 赵秀英演唱 1957年录音,雷雨wsl,bilibili:30402757,20240520.0,200.526,江浙平原,Jiangsu–Zhejiang Plain,JZP,Han,安徽,当涂,county,118.601418,31.463515,,,姐在田里薅豆棵,姐在田里薅豆棵,田歌,原生态,,S722841b5,,B,"Title: 安徽当涂民歌, 1957年录音",,traditional,,0.0,True,,861,1
BV1nYxkerEKx,2,bilibili,https://www.bilibili.com/video/BV1nYxkerEKx,安徽宣州民歌 划龙船 陈能德领唱 1955年录音,雷雨wsl,bilibili:30402757,20240929.0,76.346,江浙平原,Jiangsu–Zhejiang Plain,JZP,Han,安徽,宣州,county,118.792582,30.939607,,,划龙船,划龙船,小调,原生态,,S26452914,,B,"Title: 安徽宣州民歌, 1955年录音",,traditional,,0.0,True,,861,1
BV1vtHae8E2t,2,bilibili,https://www.bilibili.com/video/BV1vtHae8E2t,当涂民歌划龙船,bili_61280274132,bilibili:1100357636,20240904.0,154.644,江浙平原,Jiangsu–Zhejiang Plain,JZP,Han,安徽,当涂,county,118.601418,31.463515,,,划龙船,划龙船,小调,other,,,,C,Title only,,traditional,,0.0,True,,876,2
BV1g94y1x7WD,2,bilibili,https://www.bilibili.com/video/BV1g94y1x7WD,嘉善田歌历史悠久，文化价值不可估量,北京非遗保护发展中心,bilibili:3493107530205950,20230913.0,42.677,江浙平原,Jiangsu–Zhejiang Plain,JZP,Han,浙江,嘉善,county,120.902273,30.8996,,,嘉善田歌,嘉善田歌#BV1g94y1x7WD,田歌,原生态,,,,C,北京非遗保护发展中心 promo of 国家级非遗 嘉善田歌,,traditional,,0.25,True,,778,4
BV1Qa4y1G7A9,2,bilibili,https://www.bilibili.com/video/BV1Qa4y1G7A9,苏州·吴歌,北京非遗保护发展中心,bilibili:3493107530205950,20230506.0,49.457,江浙平原,Jiangsu–Zhejiang Plain,JZP,Han,江苏,苏州,prefecture,120.660806,31.382865,,,吴歌（苏州）,吴歌,吴歌,原生态,,,,C,北京非遗保护发展中心 promo of 国家级非遗 吴歌,,traditional,,0.2,True,,778,4
BV1no4y1S7uw,2,bilibili,https://www.bilibili.com/video/BV1no4y1S7uw,【民间小调】《十只台子》临海调 台州道情版,何似笑春风,bilibili:305754427,20210804.0,515.356,江浙平原,Jiangsu–Zhejiang Plain,JZP,Han,浙江,临海,county,121.228824,28.847925,,,十只台子,十只台子,小调/道情,other,,,,C,Title: 临海调 台州道情版,,traditional,,0.0,True,,853,1
BV1ma4y1z7nC,2,bilibili,https://www.bilibili.com/video/BV1ma4y1z7nC,最早录音版，1956年姜幼梅演唱《对鸟》（浙江温州乐清民歌）,思的虔诚,bilibili:319779039,20231222.0,67.412,江浙平原,Jiangsu–Zhejiang Plain,JZP,Han,浙江,乐清,county,121.018675,28.24076,,,对鸟,对鸟,山歌,民族唱法,,S301e9994,,C,Title: 1956年[singer]演唱 (浙江省民间歌舞团),,traditional,,0.0,True,,280,3
BV17i4y1s7VJ,2,bilibili,https://www.bilibili.com/video/BV17i4y1s7VJ,安徽五河民歌 打菜苔 马小玲演唱 1982年录音,雷雨wsl,bilibili:30402757,20240123.0,99.473,江淮,Jiang–Huai,JH,Han,安徽,蚌埠五河,county,117.782624,33.147586,,,打菜苔,打菜苔,小调,原生态,,S61f6578d,,B,"Title: 安徽五河民歌, 1982年录音",,traditional,,0.0,True,,861,1
BV1eFhs6ME4g,2,bilibili,https://www.bilibili.com/video/BV1eFhs6ME4g,安徽阜阳民歌 地上黄河几道弯 李培康 陈汎演唱 1982年录音,雷雨wsl,bilibili:30402757,20260923.0,119.815,江淮,Jiang–Huai,JH,Han,安徽,阜阳,prefecture,115.709049,32.916536,,,地上黄河几道弯,地上黄河几道弯,小调,原生态,,Sf24fccab,,B,"Title: 安徽阜阳民歌, 1982年录音",,traditional,,0.0,True,,861,1
BV1ZYj16NEmC,2,bilibili,https://www.bilibili.com/video/BV1ZYj16NEmC,安徽安庆民歌 十二条手巾 佚名演唱 80年代录音,雷雨wsl,bilibili:30402757,20260623.0,221.983,江淮,Jiang–Huai,JH,Han,安徽,安庆,prefecture,116.451502,30.574825,,,十二条手巾,十二条手巾,小调,原生态,,S3fe1b085,,B,"Title: 安徽安庆民歌, 80年代录音",,traditional,,0.0,True,,861,1
BV19t421j7PJ,2,bilibili,https://www.bilibili.com/video/BV19t421j7PJ,1957年江苏民歌前辈艺术家夏国珍现场领唱《数鸭蛋》实况录音（江苏高邮民歌；索兴 记谱并填词；第二届全国民间音乐舞蹈会演 ）,思的虔诚,bilibili:319779039,20240420.0,171.775,江淮,Jiang–Huai,JH,Han,江苏,扬州高邮,county,119.503615,32.828795,,,数鸭蛋,数鸭蛋,小调,原生态,,S8402520c,,B,"Title: 1957 第二届全国民间音乐舞蹈会演 live, 江苏高邮民歌",,check,,0.2352941176470588,True,,280,3
BV1Vb4y1u7xg,2,bilibili,https://www.bilibili.com/video/BV1Vb4y1u7xg,【安徽巢湖民歌代表性演唱家】1982年李家莲领唱《一对斑鸠》（安徽巢湖民歌；安徽省歌舞团乐队伴奏并合唱）,思的虔诚,bilibili:319779039,20231120.0,143.956,江淮,Jiang–Huai,JH,Han,安徽,巢湖,county,117.723141,31.644621,,,一对斑鸠,一对斑鸠,小调,民族唱法,李家莲,S05f43406,,A1,"Title: 安徽巢湖民歌代表性演唱家 李家莲 (巢湖), 1982, 安徽省歌舞团",,traditional,,0.0,True,,280,3
BV16c41117Ev,2,bilibili,https://www.bilibili.com/video/BV16c41117Ev,1980年代初安徽代表性民族女高音陶燕华演唱《望郎归》（安徽滁州天长民歌；王文忠填词；苏士千编曲；安徽省歌舞团乐队伴奏）,思的虔诚,bilibili:319779039,20231211.0,241.194,江淮,Jiang–Huai,JH,Han,安徽,滁州天长,county,118.967733,32.714474,,,望郎归,望郎归,小调,民族唱法,,Se7e2279c,,C,"Title: 安徽滁州天长民歌, 王文忠填词, 安徽省歌舞团",,check,,0.0,True,,280,3
BV1ZF411N7Ro,2,bilibili,https://www.bilibili.com/video/BV1ZF411N7Ro,【江淮民歌】之《阿拉妹子下扬州》  徐善云演唱,三十一曲,bilibili:473757390,20220716.0,185.735,江淮,Jiang–Huai,JH,Han,江苏,(苏北/皖东),province,119.486506,32.983991,,,阿拉妹子下扬州,阿拉妹子下扬州,小调,原生态,,Sf5a738b4,,C,Title: 【江淮民歌】 [singer] (local 小调 singer),,traditional,,0.0,True,,640,2
BV1coQ8B7EGY,2,bilibili,https://www.bilibili.com/video/BV1coQ8B7EGY,江南一带的哭丧小调~【海州牌子曲曲牌学习】【刘长兰】〔小郎儿〕 《武松杀嫂》选段,三十一曲,bilibili:473757390,20260414.0,195.14,江淮,Jiang–Huai,JH,Han,江苏,连云港海州,county,119.426577,34.621139,,,小郎儿（海州牌子曲）,小郎儿,牌子曲/小调,原生态,,S9129d38c,,B,"三十一曲: 海州牌子曲 曲牌 excerpt, singer [singer] (archival)",,traditional,,0.0,True,,640,2
BV1WC4y1F7cE,2,bilibili,https://www.bilibili.com/video/BV1WC4y1F7cE,明代民歌《挂枝儿》是这么唱的~【扬州清曲曲牌学习】【明清俗曲】【王万青】〔南调〕 《清和天气》选段,三十一曲,bilibili:473757390,20231210.0,465.977,江淮,Jiang–Huai,JH,Han,江苏,扬州,prefecture,119.479719,32.737224,,,挂枝儿（南调·清和天气）,挂枝儿,扬州清曲,原生态,,S3e4e8334,,B,"三十一曲: 扬州清曲 曲牌 excerpt, singer [singer]",,traditional,,0.0,True,,640,2
BV1rC4y1R7kg,2,bilibili,https://www.bilibili.com/video/BV1rC4y1R7kg,这个小曲乾隆下江南在扬州可能听过~【扬州清曲曲牌学习】【明清俗曲】〔京舵子〕 《大小争风》选段,三十一曲,bilibili:473757390,20231006.0,93.111,江淮,Jiang–Huai,JH,Han,江苏,扬州,prefecture,119.479719,32.737224,,,京舵子（大小争风）,京舵子,扬州清曲,原生态,,,,C,三十一曲: 扬州清曲 曲牌 excerpt,,traditional,,0.0,True,,640,2
BV1Co4y1H7cL,2,bilibili,https://www.bilibili.com/video/BV1Co4y1H7cL,苏北民间小调  白狼民间小调  小花船 沭阳民间小调，王妈说媒！,一吃就胖小长顺,bilibili:1840403529,20230405.0,143.637,江淮,Jiang–Huai,JH,Han,江苏,宿迁沭阳,county,118.851378,34.148541,,,小花船,小花船,小调,原生态,,,,C,Title: 沭阳民间小调 (白狼民间小调),,traditional,,0.0,True,,891,1
BV1Pc411s7VZ,2,bilibili,https://www.bilibili.com/video/BV1Pc411s7VZ,苏北民间小调  白狼民间小调 沭阳民间小调，光棍十二恨！,一吃就胖小长顺,bilibili:1840403529,20230409.0,121.811,江淮,Jiang–Huai,JH,Han,江苏,宿迁沭阳,county,118.851378,34.148541,,,光棍十二恨,光棍十二恨,小调,原生态,,,,C,Title: 沭阳民间小调,,traditional,,0.0,True,,891,1
BV1x4411r7Yu,2,bilibili,https://www.bilibili.com/video/BV1x4411r7Yu,南通号子：打麦号子,南通方言研究,bilibili:457439434,20190823.0,333.159,江淮,Jiang–Huai,JH,Han,江苏,南通,prefecture,121.047928,32.182334,,,打麦号子,打麦号子#BV1x4411r7Yu,号子,原生态,,,,C,Uploader 南通方言研究; 南通号子,,traditional,,0.0303030303030303,True,,893,4
BV1e4411r7gJ,2,bilibili,https://www.bilibili.com/video/BV1e4411r7gJ,南通山歌：号子好嗐口难开,南通方言研究,bilibili:457439434,20190823.0,149.342,江淮,Jiang–Huai,JH,Han,江苏,南通,prefecture,121.047928,32.182334,,,号子好嗐口难开,号子好嗐口难开,山歌/号子,原生态,,,,C,Uploader 南通方言研究; 南通山歌,,traditional,,0.8,True,,893,4
BV1fJ411E7T1,2,bilibili,https://www.bilibili.com/video/BV1fJ411E7T1,国家级非物质文化遗产桐城歌/省级传承人吴云芳申报国家级传承人视频,独吾求败,bilibili:92377524,20200114.0,300.533,江淮,Jiang–Huai,JH,Han,安徽,安庆桐城,county,116.93952,30.982435,,,桐城歌,桐城歌,桐城歌,原生态,,S596127ab,省级: 桐城歌 (国家级非遗项目),A2,Title: 桐城歌 省级传承人[singer] 申报[singer]视频,,traditional,,0.3333333333333333,False,speech,895,3
BV1ve411J7ao,2,bilibili,https://www.bilibili.com/video/BV1ve411J7ao,桐城歌《打哑谜》丨花戏楼,路边青_,bilibili:431326992,20240129.0,237.4,江淮,Jiang–Huai,JH,Han,安徽,安庆桐城,county,116.93952,30.982435,,,打哑谜（桐城歌）,打哑谜,桐城歌,原生态,,,,C,Title: 桐城歌《打哑谜》,,traditional,,0.0,True,,896,3
BV1ws4y1c7E8,2,bilibili,https://www.bilibili.com/video/BV1ws4y1c7E8,国家级非物质文化遗产，五河民歌《摘石榴，演唱：村庄小妹,钱统武,bilibili:389680817,20230703.0,189.242,江淮,Jiang–Huai,JH,Han,安徽,蚌埠五河,county,117.782624,33.147586,,,摘石榴,摘石榴,小调,原生态,,Sb3e11dff,,C,Title: 国家级非遗 五河民歌,,traditional,,0.0,True,,897,2
BV1Q778zPEyf,2,bilibili,https://www.bilibili.com/video/BV1Q778zPEyf,六安民歌表演唱《十二月梳》金皖西艺术团，大别山民歌,梁柱,bilibili:603603637,20250603.0,261.119,江淮,Jiang–Huai,JH,Han,安徽,六安,prefecture,116.23409,31.659225,,,十二月梳,十二月梳,小调,other,,S67fa3da5,,B,"Title: 六安民歌 表演唱, [singer] (local troupe), 大别山民歌",,traditional,,0.0,True,,898,3
BV1AvcAe6Eo6,2,bilibili,https://www.bilibili.com/video/BV1AvcAe6Eo6,安徽阜阳民歌——《挑土号子》演唱：王灵珍、周加,陶乐人生,bilibili:1481910796,20250111.0,74.42,江淮,Jiang–Huai,JH,Han,安徽,阜阳,prefecture,115.709049,32.916536,,,挑土号子,挑土号子#BV1AvcAe6Eo6,号子,原生态,,S195f3a0e,,C,Title: 安徽阜阳民歌,,traditional,,0.0,True,,899,4
BV1SVApeVEDs,2,bilibili,https://www.bilibili.com/video/BV1SVApeVEDs,凤阳民歌《王三姐赶集》,宝丰非遗,bilibili:1681347983,20250220.0,179.853,江淮,Jiang–Huai,JH,Han,安徽,滁州凤阳,county,117.604448,32.787502,,,王三姐赶集,王三姐赶集,小调,other,,,,C,Uploader 宝丰非遗,,traditional,,0.0,True,,900,3
BV1o44y1U73L,2,bilibili,https://www.bilibili.com/video/BV1o44y1U73L,国家级非遗—巢湖民歌,vicolee007,bilibili:522834200,20221204.0,359.676,江淮,Jiang–Huai,JH,Han,安徽,巢湖,county,117.723141,31.644621,,,巢湖民歌,巢湖民歌#BV1o44y1U73L,山歌,原生态,,,,C,Title: 国家级非遗 巢湖民歌,,traditional,,0.1111111111111111,True,,901,3
BV1Pp4y1J7RM,2,bilibili,https://www.bilibili.com/video/BV1Pp4y1J7RM,淮河中游的乐章五河民歌,北京非遗保护发展中心,bilibili:3493107530205950,20230829.0,50.526,江淮,Jiang–Huai,JH,Han,安徽,蚌埠五河,county,117.782624,33.147586,,,五河民歌,五河民歌#BV1Pp4y1J7RM,小调,原生态,,,,C,北京非遗保护发展中心 promo,,traditional,,0.0,True,,778,4
BV1fp4y1E7Gw,2,bilibili,https://www.bilibili.com/video/BV1fp4y1E7Gw,六安之声大别山民歌,北京非遗保护发展中心,bilibili:3493107530205950,20230830.0,46.996,江淮,Jiang–Huai,JH,Han,安徽,六安,prefecture,116.23409,31.659225,,,大别山民歌（六安）,大别山民歌#BV1fp4y1E7Gw,山歌,原生态,,,,C,北京非遗保护发展中心 promo,,traditional,,0.0,True,,778,4
BV1ZQ4y187xX,2,bilibili,https://www.bilibili.com/video/BV1ZQ4y187xX,苏北民间小调《三十六码头》太好听了,长拳和悌,bilibili:1049088599,20231111.0,514.088,江淮,Jiang–Huai,JH,Han,江苏,苏北,province,119.486506,32.983991,,,三十六码头,三十六码头,小调,other,,,,C,Title: 苏北民间小调,,traditional,,0.0,True,,904,3
BV1C44y1X7Cw,2,bilibili,https://www.bilibili.com/video/BV1C44y1X7Cw,《五只小船》徐善云（2022.11.24）,年华春去渺,bilibili:88063501,20221124.0,333.066,江淮,Jiang–Huai,JH,Han,安徽,皖北,province,117.226884,31.849254,,,五只小船,五只小船,小调,原生态,,Sf5a738b4,,C,Title: [singer] 2022,,traditional,,0.0,True,,640,2
BV15AgcziEK4,2,bilibili,https://www.bilibili.com/video/BV15AgcziEK4,合肥门歌,桃园鹿二哥,bilibili:3546803827903121,20250717.0,165.062,江淮,Jiang–Huai,JH,Han,安徽,合肥,prefecture,117.360447,31.762594,,,合肥门歌,合肥门歌,门歌,原生态,,,,C,Title only,,traditional,,0.0,True,,906,1
BV1CavAzDEiF,2,bilibili,https://www.bilibili.com/video/BV1CavAzDEiF,合肥门歌非遗,三恪堂下1,bilibili:1707445572,20250826.0,472.416,江淮,Jiang–Huai,JH,Han,安徽,合肥,prefecture,117.360447,31.762594,,,合肥门歌,合肥门歌,门歌,原生态,,,,C,Title: 合肥门歌非遗,,traditional,,0.0851063829787234,True,,907,3
BV1unALexEMe,2,bilibili,https://www.bilibili.com/video/BV1unALexEMe,《送晚茶》无为民歌小调,-叫我高高好了,bilibili:19611928,20250216.0,212.137,江淮,Jiang–Huai,JH,Han,安徽,芜湖无为,county,117.79705,31.244648,,,送晚茶,送晚茶,小调,other,,,,C,Title: 无为民歌小调,,traditional,,0.0,True,,908,1
BV1gj421R7Q9,2,bilibili,https://www.bilibili.com/video/BV1gj421R7Q9,扬州清曲《鲜花调》扬州清曲非遗传承人沈玉娜（沈玉红）,清曲妹妹,bilibili:604933040,20240401.0,60.556,江淮,Jiang–Huai,JH,Han,江苏,扬州,prefecture,119.479719,32.737224,,,鲜花调,鲜花调,扬州清曲,原生态,,Se63a5d8e,扬州清曲非遗传承人 (level not stated),A2,Title: 扬州清曲非遗传承人[singer],,traditional,,0.0,True,,909,2
BV1i7HNepEyH,2,bilibili,https://www.bilibili.com/video/BV1i7HNepEyH,【庐江县民歌】灯歌 吴应芝演唱 孔令仓胡琴,倒霉的K,bilibili:110625551,20240901.0,206.564,江淮,Jiang–Huai,JH,Han,安徽,合肥庐江,county,117.326102,31.267675,,,灯歌,灯歌,灯歌,原生态,,S4f4b9d0e,,A2,"Title: 【庐江县民歌】 [singer]演唱, 孔令仓胡琴",,traditional,,0.0,True,,849,4
BV1nSeKeYEUU,2,bilibili,https://www.bilibili.com/video/BV1nSeKeYEUU,【庐江县民歌】十劝世人 姚中能演唱 孔令仓胡琴,倒霉的K,bilibili:110625551,20240816.0,358.144,江淮,Jiang–Huai,JH,Han,安徽,合肥庐江,county,117.326102,31.267675,,,十劝世人,十劝世人,小调,原生态,,Seded7e83,,A2,Title: 【庐江县民歌】 [singer]演唱,,traditional,,0.0,True,,849,4
BV1HP411b75k,2,bilibili,https://www.bilibili.com/video/BV1HP411b75k,安徽滁州民歌 会唱山歌歌连歌 雷秀美 徐永安演唱 80年代录音,雷雨wsl,bilibili:30402757,20230919.0,100.959,江淮,Jiang–Huai,JH,Han,安徽,滁州,prefecture,118.107896,32.543514,,,会唱山歌歌连歌,会唱山歌歌连歌,山歌,原生态,,S8a7e3d2a,,B,"Title: 安徽滁州民歌, 80年代录音",,traditional,,0.0,True,,861,1
BV1mv4y147Pu,2,bilibili,https://www.bilibili.com/video/BV1mv4y147Pu,扬州清曲《十唱扬州》范文焘,花开哪有百日娇,bilibili:487691892,20230211.0,84.798,江淮,Jiang–Huai,JH,Han,江苏,扬州,prefecture,119.479719,32.737224,,,十唱扬州,十唱扬州,扬州清曲,原生态,,Sa89e6a7b,,C,Title: 扬州清曲,,check,,0.0,True,,913,2
BV1Wi4y1g7xA,2,bilibili,https://www.bilibili.com/video/BV1Wi4y1g7xA,专题片《通东民歌》,南通方言研究,bilibili:457439434,20200822.0,383.871,江淮,Jiang–Huai,JH,Han,江苏,南通通东,prefecture,121.047928,32.182334,,,通东民歌,通东民歌#BV1Wi4y1g7xA,山歌,原生态,,,,C,专题片 (documentary),,traditional,,0.0526315789473684,True,,893,4
BV1WhV2zRE2C,2,bilibili,https://www.bilibili.com/video/BV1WhV2zRE2C,安徽省第六批国家级非物质文化遗产代表性传承人申报片大别山民歌申报人：王凤琴,梁柱,bilibili:603603637,20250506.0,292.387,江淮,Jiang–Huai,JH,Han,安徽,六安,prefecture,116.23409,31.659225,,,大别山民歌（王凤琴）,大别山民歌#BV1WhV2zRE2C,山歌,原生态,王凤琴,S4c552799,省级 (申报国家级第六批): 大别山民歌,A1,Title: 安徽省第六批国家级非遗代表性传承人申报片 大别山民歌 申报人 王凤琴,,traditional,,0.6896551724137931,False,speech,898,3
BV1794y1E7QG,2,bilibili,https://www.bilibili.com/video/BV1794y1E7QG,1982年杰出江苏民歌演唱家雪飞演唱《闺中思》（江苏南通通州民歌；江苏省歌舞团民乐队伴奏）,思的虔诚,bilibili:319779039,20231129.0,238.89,江淮,Jiang–Huai,JH,Han,江苏,南通通州,county,121.05163,32.113882,,,闺中思,闺中思,小调,民族唱法,,S151ffbc1,,C,"Title: 江苏南通通州民歌, 1982 [singer] (江苏省歌舞团)",,traditional,,0.0,True,,280,3
BV1Q44y1872L,2,bilibili,https://www.bilibili.com/video/BV1Q44y1872L,海门山歌-海门山歌交关多,孤独玩具,bilibili:59445041,20210904.0,248.426,江淮,Jiang–Huai,JH,Han,江苏,南通海门,county,121.310107,31.954154,汉,,海门山歌交关多,海门山歌交关多,山歌,原生态,,,,C,Title/desc: 国家级非遗海门山歌曲目; singer unnamed,,traditional,,0.0,True,,917,2
BV12t4y187pi,2,bilibili,https://www.bilibili.com/video/BV12t4y187pi,海门山歌,小米悠悠茶,bilibili:1337943141,20220627.0,97.221,江淮,Jiang–Huai,JH,Han,江苏,南通海门,county,121.310107,31.954154,汉,,海门山歌（曲目未详）,海门山歌#BV12t4y187pi,山歌,原生态,,,,C,Title only: 海门山歌,,check,,0.0,True,,918,3
BV1ad4y1f7MT,2,bilibili,https://www.bilibili.com/video/BV1ad4y1f7MT,"徐洋,孙维良《茅山号子》2003心连心江苏兴化“大江歌”慰问演出",歌振林樾Donx,bilibili:252943316,20230527.0,104.023,江淮,Jiang–Huai,JH,Han,江苏,泰州兴化,county,119.989627,32.955393,汉,,茅山号子,茅山号子#BV1ad4y1f7MT,号子,民族唱法,,Sd9f57ba9,,C,"Desc: 《茅山号子》江苏民歌, sung at 2003 心连心 concert in 兴化 (茅山号子 is a 国家级非遗 of 兴化)",,traditional,,0.0,True,,919,4
BV1Z3411s7Yf,2,bilibili,https://www.bilibili.com/video/BV1Z3411s7Yf,凤阳花鼓国家级传承人孙凤城表演《王三姐赶集》,湛蓝清泉,bilibili:1070936605,20211212.0,181.311,江淮,Jiang–Huai,JH,Han,安徽,滁州凤阳,county,117.604448,32.787502,汉,,王三姐赶集,王三姐赶集,花鼓,原生态,孙凤城,Saaf03955,国家级: 凤阳花鼓 (per title; ihchina lookup timed out),A1,Title: 凤阳花鼓[singer]孙凤城表演《王三姐赶集》,,traditional,,0.0,True,,920,2
BV1ob4y1b7Fp,2,bilibili,https://www.bilibili.com/video/BV1ob4y1b7Fp,最纯正的凤阳花鼓戏表演,炯森萨玛,bilibili:310303556,20211030.0,544.17,江淮,Jiang–Huai,JH,Han,安徽,滁州凤阳小岗村,county,117.604448,32.787502,汉,,凤阳花鼓（小岗村）,凤阳花鼓,花鼓,field,,,,B,Desc: filmed at 凤阳县小岗村; two elderly women performers described as founders/inheritors of the local troupe,,check,,0.0,True,,921,3
BV1Ux411a7g9,2,bilibili,https://www.bilibili.com/video/BV1Ux411a7g9,【扬州民歌】 《拔根芦柴花》邵伯秧号子、江都、王瑞如、扬州话、下江官话,维扬音韵,bilibili:126218666,20170609.0,163.467,江淮,Jiang–Huai,JH,Han,江苏,扬州江都邵伯,county,119.694782,32.534162,汉,,拔根芦柴花,拔根芦柴花,秧号子,原生态,,S9d55223d,,A2,"Desc: [singer], 女, 扬州江都区邵伯镇人, 扬剧演员; song is 邵伯秧号子",,traditional,,0.25,True,,0,0
BV1d7411v7M8,2,bilibili,https://www.bilibili.com/video/BV1d7411v7M8,扬州小调-《杨柳青》,Zeppelin_齊柏林伯爵,bilibili:10612292,20200120.0,124.4,江淮,Jiang–Huai,JH,Han,江苏,扬州,prefecture,119.479719,32.737224,汉,,杨柳青,杨柳青,小调,民族唱法,,S4b3b8603,,C,"Desc: [singer]演唱, from CCTV-15《民歌·中国》; Yangzhou 小调",,traditional,,0.0,True,,395,2
BV1ZJ411E7Xy,2,bilibili,https://www.bilibili.com/video/BV1ZJ411E7Xy,国家级非物质文化遗产桐城歌/省级传承人吴云芳申报国家级传承人视频（接上部）,独吾求败,bilibili:92377524,20200114.0,358.167,江淮,Jiang–Huai,JH,Han,安徽,安庆桐城,county,116.93952,30.982435,汉,,桐城歌,桐城歌,山歌,原生态,,S596127ab,省级: 桐城歌 (国家级非遗项目),A2,Title: 桐城歌省级传承人[singer]申报[singer]视频（接上部）,,traditional,,0.6388888888888888,False,speech,895,3
BV1aj411A7C5,2,bilibili,https://www.bilibili.com/video/BV1aj411A7C5,苏北民间小调《孟姜女》-葛瑞莲,Richard2023,bilibili:1270836372,20230218.0,537.727,江淮,Jiang–Huai,JH,Han,江苏,苏北(县未详),province,119.486506,32.983991,汉,,孟姜女（苏北小调）,孟姜女,小调,other,,S07112c86,,C,Title: 苏北民间小调《孟姜女》-[singer]; singer locality unknown,,traditional,,0.0,True,,0,0
nOrEskUecC8,2,youtube,https://www.youtube.com/watch?v=nOrEskUecC8,[The Craft] Chaohu folk songs【守艺】巢湖民歌,Anstronaut,youtube:UCZgh17rxpqA1hgYry2wDNHw,20211129.0,144.0,江淮,Jiang–Huai,JH,Han,安徽,合肥巢湖,county,117.723141,31.644621,汉,,巢湖民歌（守艺）,巢湖民歌#nOrEskUecC8,山歌,原生态,,,,B,YouTube [The Craft]【守艺】巢湖民歌 documentary short filmed in 巢湖 on the 国家级非遗 巢湖民歌,,traditional,,0.3571428571428571,False,speech,926,1
m3WEKHBF_5c,2,youtube,https://www.youtube.com/watch?v=m3WEKHBF_5c,对花  安徽民歌 mpeg4,ssddss135,youtube:UCzIMzBYQZZRgAJfQlr_UUOA,20120630.0,115.0,江淮,Jiang–Huai,JH,Han,安徽,安徽(县未详),province,117.226884,31.849254,汉,,对花,对花,小调,other,,,,C,Title only: 对花 安徽民歌,,check,,0.0,True,,927,1
BV1Ap4y1S7nA,2,bilibili,https://www.bilibili.com/video/BV1Ap4y1S7nA,扬州民歌鲜花调,扬州双鱼,bilibili:621634459,20200626.0,170.78,江淮,Jiang–Huai,JH,Han,江苏,扬州,prefecture,119.479719,32.737224,汉,,鲜花调,鲜花调,小调,other,,,,C,Title: 扬州民歌鲜花调,,traditional,,0.0,True,,928,4
BV1niAZzREQD,2,bilibili,https://www.bilibili.com/video/BV1niAZzREQD,〔湖南民歌〕张小铃《红绣鞋》1956年湖南音乐普查录音,恁道谎阳台雨云,bilibili:670003795,20260303.0,64.333,湘,Xiang,XIA,Han,湖南,湖南(县未详),province,111.711649,27.629216,汉,,红绣鞋,红绣鞋,小调,field,,Sc1ca93fe,,B,"Title: [singer]《红绣鞋》1956年湖南音乐普查录音 (1956 Hunan music survey field recording, 杨荫浏/音研所 survey)",,traditional,,0.1666666666666666,True,,280,3
BV1RaAzeNEnf,2,bilibili,https://www.bilibili.com/video/BV1RaAzeNEnf,何纪光式的女声湖南高腔 1965年新化山歌皇后伍喜贞领唱《踩田歌》（湖南娄底市新化高腔山歌；湖南省民间歌舞团民族乐队 伴奏）,思的虔诚,bilibili:319779039,20250219.0,333.488,湘,Xiang,XIA,Han,湖南,娄底新化孟公伍家村,county,111.238328,27.867886,汉,,踩田歌,踩田歌#BV1RaAzeNEnf,高腔山歌,原生态,,S9068b6d1,,A2,"Description: [singer] (b.1936) of 新化孟公伍家村, 新化山歌第一代传人; 1965 recording",,traditional,,0.0,True,,280,3
BV1JJ411R7wf,2,bilibili,https://www.bilibili.com/video/BV1JJ411R7wf,茶山号子传承人米庆松、向行钢展现湖南茶山号子，激情吆喝“哇哇哇~,广东卫视,bilibili:75871361,20191125.0,225.213,湘,Xiang,XIA,Han,湖南,怀化辰溪,county,110.265855,27.890091,汉,,茶山号子,茶山号子#BV1JJ411R7wf,号子,原生态,米庆松、向行钢,Sedf7d4df,辰溪茶山号子传承人 (per title),A1,Title: 茶山号子传承人米庆松、向行钢展现湖南茶山号子 (广东卫视《劳动号子》); 辰溪茶山号子 is national ICH (2008),,traditional,,0.4347826086956521,True,,622,4
BV1VJ411e77K,2,bilibili,https://www.bilibili.com/video/BV1VJ411e77K,《劳动号子》-热血沸腾！“湘西号子王”向上登台演绎原生态《沅水号子》,广东卫视,bilibili:75871361,20191227.0,233.853,湘,Xiang,XIA,Han,湖南,湘西(沅水流域),prefecture,109.731854,28.694703,土家,,沅水号子,沅水号子#BV1VJ411e77K,号子,原生态,,Sa09a7475,,A2,Title: “湘西号子王”[singer] 演绎原生态《沅水号子》 (广东卫视《劳动号子》),,traditional,,0.0,True,,622,4
BV1kP2zYqEzD,2,bilibili,https://www.bilibili.com/video/BV1kP2zYqEzD,新化山歌《呜哇峒》,ve3,bilibili:58900556,20241013.0,218.731,湘,Xiang,XIA,Han,湖南,娄底新化,county,111.238328,27.867886,汉,,呜哇峒,呜哇峒,高腔山歌,原生态,,,,C,Title only: 新化山歌《呜哇峒》 (from 土豆网),,traditional,,0.0,True,,933,3
BV1H24y1Z7u1,2,bilibili,https://www.bilibili.com/video/BV1H24y1Z7u1,【国家级非遗】湖南靖州苗族歌鼟 [一],弈盦,bilibili:119023446,20220914.0,413.431,湘,Xiang,XIA,Han,湖南,怀化靖州(锹里),county,109.584585,26.542872,苗,,歌鼟,歌鼟,多声部山歌,field,,,,B,Description: 靖州苗族歌鼟 (national ICH) in the 锹里 area; reposted from YouTube YallMeanMVP field video,,traditional,,0.3170731707317073,True,,934,3
BV1aa411u7AG,2,bilibili,https://www.bilibili.com/video/BV1aa411u7AG,湖南澧水号子,弈盦,bilibili:119023446,20220906.0,366.92,湘,Xiang,XIA,Han,湖南,常德/张家界 澧水流域,prefecture,110.531625,29.390312,汉,,澧水号子,澧水号子#BV1aa411u7AG,号子,field,,,,B,"Description: 转自音研所档案 (Music Research Institute archive), four sections 高腔/低腔/幺妹子嗬嗨",,traditional,,0.1621621621621621,True,,934,3
BV1NW41197R6,2,bilibili,https://www.bilibili.com/video/BV1NW41197R6,【非物质文化遗产】澧水号子。最后的三位老人。,有点粉的米饭,bilibili:54483557,20180818.0,173.15,湘,Xiang,XIA,Han,湖南,常德/张家界 澧水流域,prefecture,110.531625,29.390312,汉,,澧水号子,澧水号子#BV1NW41197R6,号子,原生态,,,,B,"Title/description: 澧水号子, 最后的三位老人 — old boatmen singing on the 澧水 (video from 优酷)",,traditional,,0.3529411764705882,True,,936,3
BV1ZbzsYqEgF,2,bilibili,https://www.bilibili.com/video/BV1ZbzsYqEgF,湖南江华 平地瑶 梧州歌,艾马拉橡皮擦,bilibili:225531999,20241130.0,336.271,湘,Xiang,XIA,Han,湖南,永州江华,county,111.744092,24.971202,瑶,平地瑶,梧州歌,梧州歌,山歌,原生态,,,,B,Title: 湖南江华 平地瑶 梧州歌 (Douyin field video),,traditional,,0.3823529411764705,True,,867,4
BV1C1cnedEp9,2,bilibili,https://www.bilibili.com/video/BV1C1cnedEp9,湖南永州过山瑶 传统瑶歌,艾马拉橡皮擦,bilibili:225531999,20250110.0,180.055,湘,Xiang,XIA,Han,湖南,永州,prefecture,111.734581,25.774386,瑶,过山瑶,过山瑶歌,过山瑶歌,山歌,原生态,,,,C,Title: 湖南永州过山瑶 传统瑶歌,,traditional,,0.2222222222222222,True,,867,4
BV1T7iXBEEes,2,bilibili,https://www.bilibili.com/video/BV1T7iXBEEes,龙山土家族的土家语梯玛歌 选段,艾马拉橡皮擦,bilibili:225531999,20260108.0,75.511,湘,Xiang,XIA,Han,湖南,湘西龙山,county,109.509485,29.219406,土家,,梯玛歌,梯玛歌,梯玛神歌,原生态,,,,B,Title: 龙山土家族的土家语梯玛歌 选段,,traditional,,0.875,True,,867,4
BV1wi4y177Jx,2,bilibili,https://www.bilibili.com/video/BV1wi4y177Jx,土家族舍巴日 梯玛表演部分（2019年于龙山洗车河）,木hane,bilibili:8470473,20201019.0,250.879,湘,Xiang,XIA,Han,湖南,湘西龙山洗车河,county,109.509485,29.219406,土家,,梯玛歌,梯玛歌,梯玛神歌,field,,,,B,Title: 土家族舍巴日 梯玛表演部分（2019年于龙山洗车河） — festival field recording,,traditional,,0.4,True,,940,1
BV1os411T7gU,2,bilibili,https://www.bilibili.com/video/BV1os411T7gU,湘西土家山歌,_熊Sir_,bilibili:346988379,20180814.0,79.6,湘,Xiang,XIA,Han,湖南,湘西,prefecture,109.731854,28.694703,土家,,湘西土家山歌,湘西土家山歌#BV1os411T7gU,山歌,原生态,,,,C,Title only: 湘西土家山歌,,traditional,,0.75,True,,941,4
BV1hx411o7Ea,2,bilibili,https://www.bilibili.com/video/BV1hx411o7Ea,叭台叭台卡普他（湘西土家民歌）,WLSXG,bilibili:387633723,20190624.0,224.582,湘,Xiang,XIA,Han,湖南,湘西,prefecture,109.731854,28.694703,土家,,叭台叭台卡普他,叭台叭台卡普他,山歌,other,,,,C,Title only: 叭台叭台卡普他（湘西土家民歌）,,traditional,,0.0,True,,942,3
BV1QvoaYtE1k,2,bilibili,https://www.bilibili.com/video/BV1QvoaYtE1k,洞庭渔歌:妹妹想郎盼天开,麦阿狐,bilibili:67928591,20250326.0,77.229,湘,Xiang,XIA,Han,湖南,岳阳(洞庭湖),county,113.220802,29.16623,汉,,妹妹想郎盼天开,妹妹想郎盼天开,渔歌,原生态,,,,C,"Title/description: 洞庭渔歌 (岳阳, national ICH)",,traditional,,0.0,True,,943,1
BV1wa411m7ze,2,bilibili,https://www.bilibili.com/video/BV1wa411m7ze,丫口腔的渔歌：洞庭渔歌，你听过吗？,岳游岳游味,bilibili:1160378040,20220119.0,80.293,湘,Xiang,XIA,Han,湖南,岳阳(洞庭湖),county,113.220802,29.16623,汉,,洞庭渔歌,洞庭渔歌#BV1wa411m7ze,渔歌,原生态,,,,C,Title: 丫口腔的渔歌：洞庭渔歌,,traditional,,0.125,True,,944,2
BV1cr421x7KT,2,bilibili,https://www.bilibili.com/video/BV1cr421x7KT,湘西苗族歌后龙仙娥，带你聆听千年非遗苗族水腔！,九妹小美,bilibili:113008859,20240228.0,51.222,湘,Xiang,XIA,Han,湖南,湘西,prefecture,109.731854,28.694703,苗,,苗族水腔,苗族水腔,山歌,原生态,,S58b3ba4f,,A2,Title: 湘西苗族歌后[singer] … 苗族水腔 ([singer]: 湘西花垣 Miao singer),,traditional,,0.0,True,,0,0
BV1Ps4y1x7iT,2,bilibili,https://www.bilibili.com/video/BV1Ps4y1x7iT,湖南孝歌,王道生吖,bilibili:512960142,20230131.0,391.417,湘,Xiang,XIA,Han,湖南,湖南(县未详),province,111.711649,27.629216,汉,,孝歌,孝歌,孝歌,原生态,,,,C,Title only: 湖南孝歌 (Douyin),,traditional,,0.0,True,,946,3
BV1UV411g7Aj,2,bilibili,https://www.bilibili.com/video/BV1UV411g7Aj,嘉禾伴嫁歌-半升绿豆,fireflyhoo,bilibili:379234467,20230810.0,223.999,湘,Xiang,XIA,Han,湖南,郴州嘉禾,county,112.407365,25.630813,汉,,半升绿豆,半升绿豆,伴嫁歌,other,,,,C,Title/description: 嘉禾伴嫁歌《半升绿豆》 (sung in film 芙蓉镇),,traditional,,0.0,True,,947,4
BV1N14y1d7J5,2,bilibili,https://www.bilibili.com/video/BV1N14y1d7J5,塘村民俗文化节之嘉禾伴嫁歌,吉祥航拍摄影,bilibili:1725747698,20230712.0,53.674,湘,Xiang,XIA,Han,湖南,郴州嘉禾塘村镇,county,112.407365,25.630813,汉,,伴嫁歌,伴嫁歌,伴嫁歌,原生态,,,,B,"Title: 塘村民俗文化节之嘉禾伴嫁歌 (township festival, 嘉禾县塘村镇)",,traditional,,0.0,True,,948,2
BV1eh411371y,2,bilibili,https://www.bilibili.com/video/BV1eh411371y,嘉禾伴嫁歌《峨眉豆》,小小荷愿,bilibili:7576181,20230330.0,210.976,湘,Xiang,XIA,Han,湖南,郴州嘉禾,county,112.407365,25.630813,汉,,峨眉豆,峨眉豆,伴嫁歌,原生态,,,,C,Title: 嘉禾伴嫁歌《峨眉豆》; description: 三八节唱民歌活动,,traditional,,0.0952380952380952,True,,949,3
BV1KG4y1g7iz,2,bilibili,https://www.bilibili.com/video/BV1KG4y1g7iz,嘉禾伴嫁歌 娘喊女归,认真学习的小蘑蘑,bilibili:450011546,20221216.0,167.978,湘,Xiang,XIA,Han,湖南,郴州嘉禾,county,112.407365,25.630813,汉,,娘喊女归,娘喊女归,伴嫁歌,原生态,,,,C,Title only: 嘉禾伴嫁歌 娘喊女归,,traditional,,0.0588235294117647,True,,950,2
BV1s8g7ekE3J,2,bilibili,https://www.bilibili.com/video/BV1s8g7ekE3J,湖南非遗文化，隆回花瑶，呜哇山歌。,M雏夏JY,bilibili:504886029,20240617.0,122.693,湘,Xiang,XIA,Han,湖南,邵阳隆回(虎形山),county,111.325512,26.979422,瑶,花瑶,呜哇山歌,呜哇山歌#BV1s8g7ekE3J,山歌,原生态,,,,C,Title: 湖南非遗文化，隆回花瑶，呜哇山歌,,traditional,,0.0,True,,951,4
BV16e4y1y72Q,2,bilibili,https://www.bilibili.com/video/BV16e4y1y72Q,花瑶《呜哇山歌》,好名字都在哪里,bilibili:431670321,20221102.0,236.819,湘,Xiang,XIA,Han,湖南,邵阳隆回(虎形山),county,111.325512,26.979422,瑶,花瑶,呜哇山歌,呜哇山歌#BV16e4y1y72Q,山歌,原生态,,,,C,Title: 花瑶《呜哇山歌》,,traditional,,0.0416666666666666,True,,952,1
BV1sbDAYEEz5,2,bilibili,https://www.bilibili.com/video/BV1sbDAYEEz5,桑植民歌 《门口挂盏灯》,卝-卝,bilibili:269397369,20241102.0,159.933,湘,Xiang,XIA,Han,湖南,张家界桑植,county,110.181928,29.562013,白/土家,,门口挂盏灯,门口挂盏灯,山歌,other,,,,C,Title only: 桑植民歌《门口挂盏灯》,,check,,0.0,True,,953,2
BV1fe4y127gN,2,bilibili,https://www.bilibili.com/video/BV1fe4y127gN,桑植民歌——高腔山歌,好名字都在哪里,bilibili:431670321,20221102.0,160.063,湘,Xiang,XIA,Han,湖南,张家界桑植,county,110.181928,29.562013,土家,,桑植高腔山歌,桑植高腔山歌#BV1fe4y127gN,高腔山歌,原生态,,,,C,Title only: 桑植民歌——高腔山歌,,traditional,,0.125,True,,952,1
BV1r94y157no,2,bilibili,https://www.bilibili.com/video/BV1r94y157no,东西儿的东，向佐绒！ 我们的向妈妈真是宝刀未老，永远年轻，《桑植民歌》@桑植民歌传承人向佐绒 @@魅力湘西李红艳,一条小立诚,bilibili:1140943989,20231031.0,104.349,湘,Xiang,XIA,Han,湖南,张家界桑植,county,110.181928,29.562013,白/土家,,桑植民歌(向佐绒),桑植民歌#BV1r94y157no,山歌,原生态,向佐绒,S313b8bc5,桑植民歌代表性传承人 (per tags/title),A1,Title tags @桑植民歌传承人向佐绒; 向佐绒 = 桑植民歌 inheritor,,traditional,,0.3,True,,955,2
BV1QTrTY2EAF,2,bilibili,https://www.bilibili.com/video/BV1QTrTY2EAF,女书歌曲«金坨女»分享,书韵文女,bilibili:3546795976165766,20250105.0,158.824,湘,Xiang,XIA,Han,湖南,永州江永,county,111.24556,25.193638,汉,,金坨女,金坨女,女书歌,原生态,,,,C,Title: 女书歌曲《金坨女》 (江永文旅 promotion),,traditional,,0.0,True,,956,4
BV1kz4y1U7f7,2,bilibili,https://www.bilibili.com/video/BV1kz4y1U7f7,江永女书歌唱文化,pucl6,bilibili:1848926617,20210210.0,243.484,湘,Xiang,XIA,Han,湖南,永州江永,county,111.24556,25.193638,汉,,女书歌,女书歌,女书歌,原生态,,,,C,Title: 江永女书歌唱文化,,traditional,,0.0,True,,957,1
BV1wb4y1R7y6,2,bilibili,https://www.bilibili.com/video/BV1wb4y1R7y6,平江民歌 《半山下来一条河》-1,谁言丶,bilibili:390106770,20210216.0,285.013,湘,Xiang,XIA,Han,湖南,岳阳平江,county,113.220802,29.16623,汉,,半山下来一条河,半山下来一条河,山歌,原生态,,,,C,Title only: 平江民歌《半山下来一条河》-1,,traditional,,0.0,True,,958,2
BV1tskEBTEGr,2,bilibili,https://www.bilibili.com/video/BV1tskEBTEGr,湖南民歌-《打硪歌》,中华的爱国者,bilibili:2067407391,20260120.0,127.0,湘,Xiang,XIA,Han,湖南,湖南(县未详),province,111.711649,27.629216,汉,,打硪歌,打硪歌,号子,other,,,,C,Title only: 湖南民歌-《打硪歌》,,traditional,,0.0,True,,959,4
BV1vG4y1q7ee,2,bilibili,https://www.bilibili.com/video/BV1vG4y1q7ee,【国家级非遗】湖南靖州苗族歌鼟 [二],弈盦,bilibili:119023446,20220914.0,558.532,湘,Xiang,XIA,Han,湖南,怀化靖州(锹里),county,109.584585,26.542872,苗,,歌鼟,歌鼟,多声部山歌,field,,,,B,"Same source as [一]: 靖州苗族歌鼟 (national ICH), 锹里 area field video reposted from YouTube YallMeanMVP",,traditional,,0.2142857142857142,True,,934,3
BV1qx421r7cQ,2,bilibili,https://www.bilibili.com/video/BV1qx421r7cQ,苗族民歌《担水歌》＃湖南靖州文化局    。,恬悦来了,bilibili:1967060387,20240316.0,226.579,湘,Xiang,XIA,Han,湖南,怀化靖州,county,109.584585,26.542872,苗,,担水歌,担水歌,山歌,原生态,,,,B,Title tags 湖南靖州文化局 (county culture bureau): 苗族民歌《担水歌》,,traditional,,0.0,True,,961,4
BV1jK4y1Q7Df,2,bilibili,https://www.bilibili.com/video/BV1jK4y1Q7Df,湘西土家族摆手歌,木hane,bilibili:8470473,20210212.0,342.378,湘,Xiang,XIA,Han,湖南,湘西(龙山/永顺),county,109.970385,29.010212,土家,,摆手歌,摆手歌,摆手歌,原生态,,,,B,Channel 木hane posts 湘西 national-ICH micro-documentaries and 龙山洗车河 fieldwork; title 湘西土家族摆手歌,,traditional,,0.2647058823529412,True,,940,1
BV1Hu4y1B7ce,2,bilibili,https://www.bilibili.com/video/BV1Hu4y1B7ce,湘西龙山洗车河土家族婚俗,木hane,bilibili:8470473,20230806.0,281.471,湘,Xiang,XIA,Han,湖南,湘西龙山洗车河,county,109.509485,29.219406,土家,,哭嫁歌,哭嫁歌,哭嫁歌,field,,,,B,Title: 湘西龙山洗车河土家族婚俗 (village wedding fieldwork by 木hane),,check,,0.25,True,,940,1
BV1E3411z7w3,2,bilibili,https://www.bilibili.com/video/BV1E3411z7w3,湘西哭嫁,bili_76431088384,bilibili:1408287194,20210809.0,98.218,湘,Xiang,XIA,Han,湖南,湘西,prefecture,109.731854,28.694703,土家,,哭嫁歌,哭嫁歌,哭嫁歌,原生态,,,,C,Title only: 湘西哭嫁,,traditional,,0.1,True,,964,4
BV1F7NZ61EtZ,2,bilibili,https://www.bilibili.com/video/BV1F7NZ61EtZ,湖南益阳民俗小调,゚木,bilibili:1927296233,20260718.0,99.636,湘,Xiang,XIA,Han,湖南,益阳,prefecture,111.958046,28.573867,汉,,益阳民俗小调,益阳民俗小调#BV1F7NZ61EtZ,小调,原生态,,,,C,Title only: 湖南益阳民俗小调,,traditional,,0.0,True,,965,4
BV1Atvcz2EaD,2,bilibili,https://www.bilibili.com/video/BV1Atvcz2EaD,祁阳民歌《五更留郎》吴亦乔｜“湖南民歌几好听”专场音乐会｜湖南艺术职业学院非遗“声带”工程,哇塞轩轩茈,bilibili:481125983,20250826.0,166.899,湘,Xiang,XIA,Han,湖南,永州祁阳,county,111.966903,26.452004,汉,,五更留郎,五更留郎,小调,民族唱法,,Sbdf675b6,,C,"Title: 祁阳民歌《五更留郎》, 湖南艺术职业学院非遗“声带”工程 concert",,traditional,,0.0,True,,966,4
BV1rD4y167Qo,2,bilibili,https://www.bilibili.com/video/BV1rD4y167Qo,《车水号子》沅陵县乡村劳动调子 (2),佳农水田,bilibili:3461564617198414,20220831.0,215.596,湘,Xiang,XIA,Han,湖南,怀化沅陵,county,110.595225,28.570921,汉,,车水号子,车水号子#BV1rD4y167Qo,号子,原生态,,,,B,"Title: 《车水号子》沅陵县乡村劳动调子 (village work song, 沅陵)",,traditional,,0.0,True,,967,2
BV1FH4y1n7vP,2,bilibili,https://www.bilibili.com/video/BV1FH4y1n7vP,游沅陵酉水画廊，听沅水号子。,山雨墨缘,bilibili:589846228,20240403.0,279.103,湘,Xiang,XIA,Han,湖南,怀化沅陵(酉水),county,110.595225,28.570921,汉,,沅水号子,沅水号子#BV1FH4y1n7vP,号子,原生态,,,,B,Title: 游沅陵酉水画廊，听沅水号子 (filmed on site in 沅陵),,traditional,,0.0,True,,968,3
BV17xgw68EMR,2,bilibili,https://www.bilibili.com/video/BV17xgw68EMR,《哩啦谣·嫁女》演唱:龙美丽 - 第28届湖南(南山)六月六山歌节现场,Am_Chinese,bilibili:350535870,20260814.0,256.069,湘,Xiang,XIA,Han,湖南,邵阳城步(南山),county,111.325512,26.979422,苗,,哩啦谣·嫁女,哩啦谣嫁女,山歌,原生态,,S0e02b829,,B,"Title: 演唱 [singer], 第28届湖南(南山)六月六山歌节现场 (城步南山 folk-song festival)",,check,,0.0,True,,969,4
BV1rmW6eiEZB,2,bilibili,https://www.bilibili.com/video/BV1rmW6eiEZB,六月六山歌节来了，一路山歌上南山,马栏山阿汤哥,bilibili:3546713394514270,20240825.0,82.383,湘,Xiang,XIA,Han,湖南,邵阳城步(南山),county,111.325512,26.979422,苗,,南山山歌,南山山歌#BV1rmW6eiEZB,山歌,原生态,,,,B,Title: 六月六山歌节来了，一路山歌上南山 (城步 六月六山歌节),,traditional,,0.75,True,,970,1
BV1DDjKz8Edt,2,bilibili,https://www.bilibili.com/video/BV1DDjKz8Edt,寻根笔记 《罗子山山歌》史长生  溆浦天语录音棚整理上传,溆浦天语录音,bilibili:1109229104,20250525.0,481.262,湘,Xiang,XIA,Han,湖南,怀化溆浦(罗子山),county,110.650583,27.831449,汉/瑶,,罗子山山歌,罗子山山歌#BV1DDjKz8Edt,山歌,原生态,,S41650b98,,A2,"Title: 寻根笔记《罗子山山歌》[singer], uploaded by 溆浦天语录音 (溆浦 local studio)",,traditional,,0.2708333333333333,True,,971,1
BV1aC4y1t7NN,2,bilibili,https://www.bilibili.com/video/BV1aC4y1t7NN,【民歌】湖南寧鄉黃材山歌,軍林御沙長,bilibili:395950633,20200822.0,278.939,湘,Xiang,XIA,Han,湖南,长沙宁乡黄材,county,113.23516,28.357041,汉,,黄材山歌,黄材山歌#BV1aC4y1t7NN,山歌,原生态,,,,B,Title: 【民歌】湖南宁乡黄材山歌,,traditional,,0.6785714285714286,True,,972,3
BV1N94y1a7Kv,2,bilibili,https://www.bilibili.com/video/BV1N94y1a7Kv,宁乡山歌：山歌易唱口难开,芒果爱晚,bilibili:494981657,20231005.0,411.391,湘,Xiang,XIA,Han,湖南,长沙宁乡黄材,county,113.23516,28.357041,汉,,山歌易唱口难开,山歌易唱口难开,山歌,原生态,,,,B,"芒果爱晚 (Hunan TV) report: 宁乡山歌, mainly 黄材镇 山歌",,traditional,,0.4634146341463415,False,speech,973,3
BV1ZP4y137e1,2,bilibili,https://www.bilibili.com/video/BV1ZP4y137e1,你听过瑶族山歌吗？今天带你去江华瑶族自治县看看,游街蹬山,bilibili:697041017,20211208.0,128.127,湘,Xiang,XIA,Han,湖南,永州江华,county,111.744092,24.971202,瑶,,瑶族山歌（江华）,瑶族山歌#BV1ZP4y137e1,山歌,原生态,,,,B,Title: 瑶族山歌 — 江华瑶族自治县,,traditional,,0.3076923076923077,True,,974,1
BV17H4y1W754,2,bilibili,https://www.bilibili.com/video/BV17H4y1W754,这里是湖南江华，这里的人喜欢唱瑶歌！,婷雨儿甜萌,bilibili:341691646,20240325.0,152.404,湘,Xiang,XIA,Han,湖南,永州江华,county,111.744092,24.971202,瑶,,瑶歌（坐歌堂）,瑶歌,歌堂,field,,,,C,Desc: 2024 four-province 瑶族 song gathering held in 江华,,traditional,,0.0,True,,975,2
BV1BU4y1H7B2,2,bilibili,https://www.bilibili.com/video/BV1BU4y1H7B2,湖南醴陵民歌《思情鬼歌》演唱：雷佳,是多巴胺没错了,bilibili:30431665,20210302.0,200.008,湘,Xiang,XIA,Han,湖南,株洲醴陵,county,113.464077,27.657636,汉,,思情鬼歌,思情鬼歌,小调,民族唱法,,S2d6f4bdf,,C,Title: 湖南醴陵民歌《思情鬼歌》演唱：[singer] (CCTV),,check,,0.0,True,,440,1
BV1pU4y157Cz,2,bilibili,https://www.bilibili.com/video/BV1pU4y157Cz,连滩山歌传承人谢水莲唱《洚水颂》,南粤往事,bilibili:253050710,20210615.0,227.882,粤,Yue,YUE,Han,广东,云浮郁南连滩,county,111.612774,23.038165,汉,,洚水颂（连滩山歌）,洚水颂,山歌,原生态,,Sd5c69718,连滩山歌传承人（标题自述；连滩山歌为广东省级非遗）,A2,Title names singer as 连滩山歌传承人; 连滩 = 郁南县连滩镇 (云浮),,check,,0.0,True,,977,0
BV1cJ411U7Gq,2,bilibili,https://www.bilibili.com/video/BV1cJ411U7Gq,中山坦洲咸水歌,遗落的蓝天,bilibili:276266865,20191119.0,138.875,粤,Yue,YUE,Han,广东,中山坦洲,prefecture,113.398784,22.517323,汉,疍家,咸水歌（坦洲，曲目未标）,咸水歌#BV1cJ411U7Gq,咸水歌,field,,,,B,Title/description: 中山坦洲 水乡 咸水歌 (国家级非遗 中山咸水歌 core area),,traditional,,0.0,True,,978,2
BV1Jv41137iV,2,bilibili,https://www.bilibili.com/video/BV1Jv41137iV,北海咸水歌传唱,童心未泯cai,bilibili:1248952231,20211010.0,105.441,粤,Yue,YUE,Han,广西,北海,prefecture,109.343711,21.665234,汉,疍家,咸水歌（北海，曲目未标）,咸水歌#BV1Jv41137iV,咸水歌,field,,,,C,Only title: 北海咸水歌传唱,,traditional,,0.0,True,,979,3
BV1q24y1u7ZQ,2,bilibili,https://www.bilibili.com/video/BV1q24y1u7ZQ,合浦疍家做海歌（咸水歌）,海丝路老翁,bilibili:3493260884445244,20230317.0,415.444,粤,Yue,YUE,Han,广西,北海合浦,county,109.342745,21.723659,汉,疍家,做海歌（合浦疍家）,做海歌,咸水歌,原生态,,,,B,Uploader 海丝路老翁 posts 合浦 local folk-song videos; title gives 合浦疍家; desc 献给疍家父老乡亲,,traditional,,0.0,True,,693,1
BV1LV411P779,2,bilibili,https://www.bilibili.com/video/BV1LV411P779,千年廉州之：送哥谣（廉州民歌老杨公撑船调）,海丝路老翁,bilibili:3493260884445244,20230910.0,121.044,粤,Yue,YUE,Han,广西,北海合浦廉州,county,109.342745,21.723659,汉,,送哥谣（老杨公撑船调）,送哥谣,小调,原生态,,,,C,Title: 廉州民歌老杨公撑船调; locality only from title,,traditional,,0.0,True,,693,1
BV1Za411o7yX,2,bilibili,https://www.bilibili.com/video/BV1Za411o7yX,海南非遗《疍歌》,晒黑的老韩,bilibili:392271402,20220811.0,423.404,粤,Yue,YUE,Han,海南,三亚,prefecture,109.421656,18.362263,汉,疍家,疍歌（三亚）,疍歌,渔歌,field,,,,B,"Desc: footage from 海南省群众艺术馆/海南省非遗保护中心 (国家级非遗 疍歌, 三亚; ihchina project 23452)",,traditional,,0.0476190476190476,True,,982,3
BV19d4y1A7Yk,2,bilibili,https://www.bilibili.com/video/BV19d4y1A7Yk,海南非遗《临高渔歌》,晒黑的老韩,bilibili:392271402,20220813.0,317.869,粤,Yue,YUE,Han,海南,临高,prefecture,109.71548,19.809704,汉,临高人,临高渔歌（哩哩美）,临高渔歌#BV19d4y1A7Yk,渔歌,field,,,,B,Desc: footage from 海南省非遗保护中心; 临高渔歌 national 非遗 (ihchina 12780),,traditional,,0.03125,True,,982,3
BV14p4y1A7jM,2,bilibili,https://www.bilibili.com/video/BV14p4y1A7jM,新湾疍家：广东东莞虎门，咸水歌演唱比赛庆三八,自然人文观察使,bilibili:20415202,20230913.0,88.56,粤,Yue,YUE,Han,广东,东莞虎门新湾,prefecture,113.879966,22.931879,汉,疍家,咸水歌（虎门新湾，曲目未标）,咸水歌#BV14p4y1A7jM,咸水歌,field,,,,B,Title: 东莞虎门 新湾疍家 咸水歌演唱比赛 (place + occasion),,traditional,,0.3333333333333333,True,,984,4
BV1gt411z7BC,2,bilibili,https://www.bilibili.com/video/BV1gt411z7BC,雷州 姑娘歌,可爱漂亮的人,bilibili:10935381,20190103.0,321.533,粤,Yue,YUE,Han,广东,湛江雷州,county,110.001063,20.782966,汉,,雷州姑娘歌（曲目未标）,雷州姑娘歌#BV1gt411z7BC,姑娘歌,原生态,,,,C,Title only (re-upload from 优酷),,traditional,,0.125,True,,985,3
BV1nK421e7Lw,2,bilibili,https://www.bilibili.com/video/BV1nK421e7Lw,《雷州姑娘歌》（田莲喜唱）,潮外潮,bilibili:1204711576,20240323.0,576.597,粤,Yue,YUE,Han,广东,湛江雷州,county,110.001063,20.782966,汉,,雷州姑娘歌（田莲喜唱）,雷州姑娘歌,姑娘歌,原生态,,Sf38f0446,,B,Desc: lecture-material clip from 黄祖洁 雷剧讲座; named local singer,,traditional,,0.5689655172413793,True,,986,2
BV1iw411j7XA,2,bilibili,https://www.bilibili.com/video/BV1iw411j7XA,原汁原味雷州姑娘歌《跛子风流》，雷州姑娘歌传承人符海燕演唱。,桃花冷萱,bilibili:1867928427,20240124.0,119.999,粤,Yue,YUE,Han,广东,湛江雷州,county,110.001063,20.782966,汉,,跛子风流（雷州姑娘歌）,跛子风流,姑娘歌,原生态,,S936522a4,雷州姑娘歌传承人（标题自述；雷州歌 国家级非遗 ihchina 12320）,A2,Title: 雷州姑娘歌传承人[singer]演唱,,traditional,,0.0,True,,987,4
BV1ub4y1q7cw,2,bilibili,https://www.bilibili.com/video/BV1ub4y1q7cw,[珍貴舊片] 龍舟歌 (1982)：40年前，阿伯身掛鑼鼓、手持木雕龍舟，街頭賣唱龍舟歌,港光傳承,bilibili:1439466953,20211213.0,102.037,粤,Yue,YUE,Han,香港,香港,province,114.134357,22.377366,汉,,龙舟歌（街头卖唱，1982）,龙舟歌,龙舟歌,field,,,,B,1982 RTHK footage of a street 龙舟歌 singer (desc cites RTHK YouTube),,traditional,,0.4,False,speech,988,1
BV1oM4m1r7aw,2,bilibili,https://www.bilibili.com/video/BV1oM4m1r7aw,东莞木鱼歌,恑言,bilibili:1373838209,20240516.0,106.764,粤,Yue,YUE,Han,广东,东莞,prefecture,113.879966,22.931879,汉,,木鱼歌（东莞，曲目未标）,木鱼歌#BV1oM4m1r7aw,木鱼歌,原生态,,,,C,Title only,,traditional,,0.0,True,,989,0
4r9pmdksEtI,2,youtube,https://www.youtube.com/watch?v=4r9pmdksEtI,"香港仔何細妹唱鹹水歌 Salt-water song sung at Aberdeen, Hong Kong",Ragamala Rokudan,youtube:UCCT7wU1Ve_iErc1EnGC55qg,20150603.0,474.0,粤,Yue,YUE,Han,香港,香港仔,province,114.134357,22.377366,汉,疍家,鹹水歌（香港仔何細妹）,鹹水歌,咸水歌,原生态,,Sdbabdf07,,A2,Title: 香港仔[singer]唱鹹水歌 (Aberdeen); [singer] is a known HK Tanka singer (v1 had a different recording via another channel),,traditional,,0.6808510638297872,True,,990,0
8ggYwo5j2_g,2,youtube,https://www.youtube.com/watch?v=8ggYwo5j2_g,在搖櫓上唱一首鹹水歌：《Lieu你》│01社區,香港01,youtube:UCTxyBu9VWUq5LXezXwy_SGg,20170619.0,86.0,粤,Yue,YUE,Han,香港,香港（水上人）,province,114.134357,22.377366,汉,疍家,Lieu你（鹹水歌）,lieu你,咸水歌,原生态,,,,B,香港01 community report: sung on a 搖櫓 boat,,traditional,,0.0,True,,713,0
3_gWzsnQWew,2,youtube,https://www.youtube.com/watch?v=3_gWzsnQWew,大澳有個鹹水歌音樂會│01社區,香港01,youtube:UCTxyBu9VWUq5LXezXwy_SGg,20170619.0,124.0,粤,Yue,YUE,Han,香港,大屿山大澳,province,114.134357,22.377366,汉,疍家,鹹水歌（大澳音樂會）,鹹水歌,咸水歌,field,,,,B,香港01 community report on a 大澳 咸水歌 concert,,traditional,,0.8333333333333334,True,,713,0
l7w8oyKHwHo,2,youtube,https://www.youtube.com/watch?v=l7w8oyKHwHo,惠東漁民的Blues 又叫做咸水歌 由細唱到老,灣區知多D,youtube:UCo9n4kzbPIqf-T0utdVLA-Q,20210814.0,117.0,粤,Yue,YUE,Han,广东,惠州惠东,county,114.944654,23.03069,汉,疍家,惠東漁民咸水歌,惠東漁民咸水歌#l7w8oyKHwHo,渔歌,原生态,,,,B,Short report: 惠東漁民 singing since childhood,,traditional,,0.4166666666666667,True,,993,1
x-pQBOZMBvw,2,youtube,https://www.youtube.com/watch?v=x-pQBOZMBvw,大鵬山歌 （村聲）,張屋佬Tsong Uk Lau,youtube:UCvfMkc3aODFx8neqRXZkHCA,20190211.0,50.0,粤,Yue,YUE,Han,广东,深圳大鹏,prefecture,114.143142,22.643377,汉,,大鵬山歌（村聲）,大鵬山歌#x-pQBOZMBvw,山歌,原生态,,,,B,Uploader 張屋佬 posts 大鵬話 material; title 村聲,,traditional,,0.2,True,,994,3
diY66Cuzc7s,2,youtube,https://www.youtube.com/watch?v=diY66Cuzc7s,台山賣雞調 - 中國民間音樂1971,apple hung,youtube:UC1JxUcTVj-o63zFMje41YQg,20140318.0,123.0,粤,Yue,YUE,Han,广东,江门台山,county,112.710629,22.042758,汉,,賣雞調（台山，1971錄音）,賣雞調,小调,原生态,,,,C,Title: 中國民間音樂1971,,traditional,,0.0,True,,995,3
BV1VZ4y1r7L7,2,bilibili,https://www.bilibili.com/video/BV1VZ4y1r7L7,汕尾渔歌-《同唱歌》,到民间去,bilibili:1680842269,20220312.0,176.633,粤,Yue,YUE,Han,广东,汕尾,prefecture,115.53778,23.004558,汉,疍家,同唱歌（汕尾渔歌）,同唱歌,渔歌,field,,,,B,Uploader 到民间去 (folk field-documentation channel); 汕尾; desc names 2018 汕台 exchange event,,check,,0.0,True,,996,3
BV1Sb4y1W7wp,2,bilibili,https://www.bilibili.com/video/BV1Sb4y1W7wp,汕尾渔歌-《斗歌》,到民间去,bilibili:1680842269,20220311.0,340.522,粤,Yue,YUE,Han,广东,汕尾,prefecture,115.53778,23.004558,汉,疍家,斗歌（汕尾渔歌）,斗歌,渔歌,field,,,,B,Uploader 到民间去; 汕尾渔歌 national 非遗 (ihchina 12795),,traditional,,0.0,True,,996,3
BV1bU4y1f71X,2,bilibili,https://www.bilibili.com/video/BV1bU4y1f71X,汕尾渔歌-《出海，捕鱼》,到民间去,bilibili:1680842269,20220308.0,338.218,粤,Yue,YUE,Han,广东,汕尾,prefecture,115.53778,23.004558,汉,疍家,出海捕鱼（汕尾渔歌）,出海捕鱼,渔歌,field,,,,B,Uploader 到民间去; 汕尾渔歌,,traditional,,0.0,True,,996,3
BV1Ca411h7rJ,2,bilibili,https://www.bilibili.com/video/BV1Ca411h7rJ,汕尾渔歌-《咸茶歌》,到民间去,bilibili:1680842269,20220310.0,328.05,粤,Yue,YUE,Han,广东,汕尾,prefecture,115.53778,23.004558,汉,疍家,咸茶歌（汕尾渔歌）,咸茶歌#BV1Ca411h7rJ,渔歌,field,,,,B,Uploader 到民间去; 汕尾渔歌,,traditional,,0.0,True,,996,3
BV1wF411W7Kc,2,bilibili,https://www.bilibili.com/video/BV1wF411W7Kc,汕尾渔歌,汕尾非遗,bilibili:1912671308,20220124.0,86.975,粤,Yue,YUE,Han,广东,汕尾,prefecture,115.53778,23.004558,汉,疍家,汕尾渔歌（汕尾非遗，曲目未标）,汕尾渔歌#BV1wF411W7Kc,渔歌,field,,,,B,Official 汕尾非遗 account,,traditional,,0.0,True,,1000,2
BV1Qa4y1o7Jh,2,bilibili,https://www.bilibili.com/video/BV1Qa4y1o7Jh,广东沙田民歌对唱,花永红W,bilibili:3546587634600069,20231202.0,191.572,粤,Yue,YUE,Han,广东,珠三角沙田（珠海斗门?）,county,113.249747,22.226762,汉,疍家,沙田民歌对唱（曲目未标）,沙田民歌对唱#BV1Qa4y1o7Jh,咸水歌,原生态,,,,C,Title only; uploader 花永红W posts 斗门 沙田民歌,,traditional,,0.0,True,,1001,4
BV1oC4y1F75v,2,bilibili,https://www.bilibili.com/video/BV1oC4y1F75v,广东沙田民歌（咸水歌）《井岸是个好地方》演唱者：梁社彩、陈金焕,花永红W,bilibili:3546587634600069,20231212.0,166.826,粤,Yue,YUE,Han,广东,珠海斗门井岸,county,113.249747,22.226762,汉,疍家,井岸是个好地方（沙田民歌）,井岸是个好地方,咸水歌,原生态,,S45d87b98,,B,Named singers; 井岸 (斗门) in title,,check,,0.0588235294117647,True,,1001,4
BV1ybWpedEhM,2,bilibili,https://www.bilibili.com/video/BV1ybWpedEhM,广东粤语高堂歌：《七通艇仔》,花永红W,bilibili:3546587634600069,20240820.0,477.567,粤,Yue,YUE,Han,广东,珠三角（中山/斗门）,county,113.249747,22.226762,汉,疍家,七通艇仔（高堂歌）,七通艇仔,高堂歌,原生态,,,,C,Title only,,traditional,,0.0,True,,1001,4
BV1mC4y1k7pk,2,bilibili,https://www.bilibili.com/video/BV1mC4y1k7pk,别有风味，徐惠芬演唱广东中山咸水歌《对花》,思的虔诚,bilibili:319779039,20240114.0,177.663,粤,Yue,YUE,Han,广东,中山,prefecture,113.398784,22.517323,汉,,对花（中山咸水歌）,对花,咸水歌,民族唱法,,S98ad490f,,C,Title/desc: 中山咸水歌《对花》,,traditional,,0.0,True,,280,3
BV1hy4y1C7AA,2,bilibili,https://www.bilibili.com/video/BV1hy4y1C7AA,【传统音乐】用粤方言演唱的民歌，唱出疍家人的渔民情怀——中山咸水歌,广东印记,bilibili:337009889,20201009.0,279.92,粤,Yue,YUE,Han,广东,中山坦洲,prefecture,113.398784,22.517323,汉,疍家,中山咸水歌（广东印记纪录片选段）,中山咸水歌#BV1hy4y1C7AA,咸水歌,field,,,,B,广东印记 S1E10 documentary on 中山咸水歌 (坦洲 疍民),,traditional,,0.2857142857142857,True,,691,3
BV1D8AYeGE1n,2,bilibili,https://www.bilibili.com/video/BV1D8AYeGE1n,惠东渔歌,今天也很想吃辣,bilibili:1316322861,20250218.0,224.397,粤,Yue,YUE,Han,广东,惠州惠东,county,114.944654,23.03069,汉,疍家,惠东渔歌（曲目未标）,惠东渔歌#BV1D8AYeGE1n,渔歌,原生态,,,,C,Title only,,traditional,,0.3636363636363636,True,,1006,4
BV1T8411h7jh,2,bilibili,https://www.bilibili.com/video/BV1T8411h7jh,临高-音乐类-渔家哩哩美情调,bili_694592151,bilibili:694592151,20221103.0,278.57,粤,Yue,YUE,Han,海南,临高,prefecture,109.71548,19.809704,汉,临高人,渔家哩哩美情调（临高）,渔家哩哩美情调,渔歌,原生态,,,,C,Title only,,traditional,,0.0,True,,1007,1
BV1L3411y7AZ,2,bilibili,https://www.bilibili.com/video/BV1L3411y7AZ,跟着非遗看海南|疍歌：江行水宿寄此生 摇橹唱歌桨过滘,bili_1673745772,bilibili:1673745772,20211018.0,344.917,粤,Yue,YUE,Han,海南,三亚,prefecture,109.421656,18.362263,汉,疍家,疍歌（张发结吟唱）,疍歌,渔歌,原生态,,S6cf9afa0,,A2,"Desc: 耄耋老人[singer]吟唱南海渔歌 (跟着非遗看海南, 国家级非遗 疍歌 三亚)",,traditional,,0.1764705882352941,True,,1008,2
BV1GP411U7tU,2,bilibili,https://www.bilibili.com/video/BV1GP411U7tU,崖州民歌《摇篮曲·学好样》,掌上乐东,bilibili:1822581954,20230422.0,59.674,粤,Yue,YUE,Han,海南,三亚崖州 / 乐东,county,109.125084,18.368426,汉,,摇篮曲·学好样（崖州民歌）,摇篮曲学好样,崖州民歌,原生态,,,,B,Desc: 2023 乐东 三月三 主会场 performance (county media 掌上乐东),,traditional,,0.0,True,,1009,3
BV1bw411U7fK,2,bilibili,https://www.bilibili.com/video/BV1bw411U7fK,【普粤字幕】中山咸水歌 | 林梨：海底珍珠容易揾,Suddha,bilibili:5729421,20230908.0,195.666,粤,Yue,YUE,Han,广东,中山,prefecture,113.398784,22.517323,汉,疍家,海底珍珠容易揾,海底珍珠容易揾,咸水歌,原生态,,S5f59ee5f,,B,"Desc: 中山咸水歌 大罾歌, archival clip; named singer",,traditional,,0.0,True,,1010,1
BV1nL4y1v7Pw,2,bilibili,https://www.bilibili.com/video/BV1nL4y1v7Pw,儋州话歌曲 大成调南歌手,康康侬,bilibili:319499632,20211105.0,138.691,粤,Yue,YUE,Han,海南,儋州,prefecture,109.390059,19.579264,汉,,大成调（儋州山歌）,大成调,山歌,原生态,,,,C,Title only,,traditional,,0.0,True,,1011,0
BV1YU4y1w7mU,2,bilibili,https://www.bilibili.com/video/BV1YU4y1w7mU,儋州调声,康康侬,bilibili:319499632,20211011.0,77.529,粤,Yue,YUE,Han,海南,儋州,prefecture,109.390059,19.579264,汉,,儋州调声（康康侬，曲目未标）,儋州调声#BV1YU4y1w7mU,调声,原生态,,,,C,Title only,,traditional,,0.0,True,,1011,0
BV1Pu4y1c7vo,2,bilibili,https://www.bilibili.com/video/BV1Pu4y1c7vo,儋州调声,洪亮世界,bilibili:3494357778827492,20231129.0,104.767,粤,Yue,YUE,Han,海南,儋州,prefecture,109.390059,19.579264,汉,,儋州调声（洪亮世界，曲目未标）,儋州调声#BV1Pu4y1c7vo,调声,原生态,,,,C,Title only,,traditional,,0.0,True,,1013,1
BV1pa411F7K7,2,bilibili,https://www.bilibili.com/video/BV1pa411F7K7,曾经恩爱是无比，名旦沈小慧演唱雷歌,雷剧雷歌,bilibili:357953687,20201129.0,198.924,粤,Yue,YUE,Han,广东,湛江雷州,county,110.001063,20.782966,汉,,曾经恩爱是无比（雷歌）,曾经恩爱是无比,雷州歌,other,,S6320e301,,C,Title: 名旦[singer]演唱雷歌,,check,,0.0,True,,1014,1
RuThMFU6sTM,2,youtube,https://www.youtube.com/watch?v=RuThMFU6sTM,读懂广州·老广州说丨省级非遗咸水歌代表性传承人谢棣英： 四十载寻觅一曲珠水渔家调,Discover Guangzhou,youtube:UCIK_Hr7Y362tPSoTFXRJ3nA,20220319.0,233.0,粤,Yue,YUE,Han,广东,广州,prefecture,113.544372,23.329249,汉,疍家,咸水歌（谢棣英，广州）,咸水歌#RuThMFU6sTM,咸水歌,原生态,,Sdeb9d649,省级非遗 咸水歌 代表性传承人（标题自述）,A2,Title: 省级非遗咸水歌代表性传承人[singer] (Discover Guangzhou),,traditional,,0.0869565217391304,True,,1015,4
siBrDhsDmC8,2,youtube,https://www.youtube.com/watch?v=siBrDhsDmC8,嘆歌分享,Memoir 111,youtube:UC3JNjR0BRU_La38jFinu1RA,20170119.0,117.0,粤,Yue,YUE,Han,香港,香港（水上人）,province,114.134357,22.377366,汉,疍家,嘆歌（曲目未标）,嘆歌#siBrDhsDmC8,嘆歌,原生态,,,,C,Title only,,traditional,,0.1666666666666666,True,,1016,0
BA2BRC_JEL4,2,youtube,https://www.youtube.com/watch?v=BA2BRC_JEL4,疍家水上婚嫁表演 Part 1 @ June 2011,Suyi So,youtube:UCMLFGqDiPSIWuurHNLnNO1w,20110612.0,225.0,粤,Yue,YUE,Han,香港,香港,province,114.134357,22.377366,汉,疍家,疍家水上婚嫁歌（表演）,疍家水上婚嫁歌,嘆歌,field,,,,C,Title: 疍家水上婚嫁表演 2011,,traditional,,0.5652173913043478,True,,1017,2
HiY69VgyufQ,2,youtube,https://www.youtube.com/watch?v=HiY69VgyufQ,非遺鹹水歌展演 – 唱嘆漁家往日情 《水上情歌》,Miracle Lab奇蹟創造,youtube:UCL60YQNlWrdTz1TYdp6qA4g,20231228.0,150.0,粤,Yue,YUE,Han,香港,香港,province,114.134357,22.377366,汉,疍家,水上情歌（鹹水歌展演）,水上情歌#HiY69VgyufQ,咸水歌,原生态,,,,C,Title only (非遺鹹水歌展演),,traditional,,0.4666666666666667,True,,1018,3
SfjG5NVUCY8,2,youtube,https://www.youtube.com/watch?v=SfjG5NVUCY8,廣東非遺：榕樹下唱咸水歌,GBA Life Style,youtube:UCZX5MOadCpRMpqvZOQ0r7cw,20230504.0,169.0,粤,Yue,YUE,Han,广东,珠三角,province,113.429919,23.334643,汉,疍家,榕樹下唱咸水歌,榕樹下唱咸水歌#SfjG5NVUCY8,咸水歌,原生态,,,,C,Title only,,traditional,,0.8823529411764706,True,,1019,4
MO_5HMrMjCE,2,youtube,https://www.youtube.com/watch?v=MO_5HMrMjCE,原台山文化局長——演唱台山民歌,Huang H,youtube:UCPUezaRimwYjArKYrcGQkIg,20180212.0,220.0,粤,Yue,YUE,Han,广东,江门台山,county,112.710629,22.042758,汉,,台山民歌（原台山文化局長演唱）,台山民歌#MO_5HMrMjCE,小调,原生态,,,,C,Title only,,traditional,,0.0,True,,1020,1
8mcwkyLg67g,2,youtube,https://www.youtube.com/watch?v=8mcwkyLg67g,粤讴龙舟歌,wt tong,youtube:UCcAl-ooBdUou98snpNmFJ2g,20220130.0,123.0,粤,Yue,YUE,Han,广东,广府,province,113.429919,23.334643,汉,,粤讴龙舟歌,粤讴龙舟歌,龙舟歌,原生态,,,,C,Title only,,check,,0.1666666666666666,True,,1021,0
BbXWe0lO9rw,2,youtube,https://www.youtube.com/watch?v=BbXWe0lO9rw,2019.06.08 漁家樂(咸水歌),MO Thomas Tang,youtube:UCa6GgsQ15AdMc9vDYUijs_w,20190610.0,138.0,粤,Yue,YUE,Han,香港,香港,province,114.134357,22.377366,汉,疍家,漁家樂（咸水歌）,漁家樂,咸水歌,原生态,,,,C,Title only,,check,,0.7142857142857143,True,,1022,4
BV17o4y1L7zU,2,bilibili,https://www.bilibili.com/video/BV17o4y1L7zU,《川西藏族山歌》 表演：降巴其扎,哦咪呷,bilibili:23474048,20230426.0,89.172,藏族民歌区,Tibetan,TIB,minority,四川,甘孜 炉霍,county,100.66631,31.48305,藏,,川西藏族山歌,川西藏族山歌#BV17o4y1L7zU,山歌,原生态,降巴其扎,S59c405a4,"国家级: 藏族民歌（川西藏族山歌）, 四川炉霍县",A1,"https://www.ihchina.cn/art/representative.html?keywords=降巴其扎 (id 1159: 藏族民歌（川西藏族山歌）, 四川省炉霍县); title names singer",,traditional,,0.0,True,,1023,4
BV1mh411j72C,2,bilibili,https://www.bilibili.com/video/BV1mh411j72C,《川西藏族山歌》 表演：卓玛措降巴其扎,哦咪呷,bilibili:23474048,20230426.0,74.538,藏族民歌区,Tibetan,TIB,minority,四川,甘孜 炉霍,county,100.66631,31.48305,藏,,川西藏族山歌（卓玛措）,川西藏族山歌#BV1mh411j72C,山歌,原生态,卓玛措、降巴其扎,S48ebd510,国家级: 藏族民歌（川西藏族山歌）(降巴其扎),A1,"https://www.ihchina.cn/art/representative.html?keywords=降巴其扎 (id 1159, 炉霍县)",,traditional,,0.1428571428571428,True,,1023,4
BV1PM411G7hX,2,bilibili,https://www.bilibili.com/video/BV1PM411G7hX,传统民间舞蹈巴塘弦子舞《阿姐冲》 表演：巴塘县金弦子艺术团,哦咪呷,bilibili:23474048,20230426.0,153.386,藏族民歌区,Tibetan,TIB,minority,四川,甘孜 巴塘,county,99.769377,32.052674,藏,,阿姐冲,阿姐冲,弦子,原生态,,S3ecd82ce,,B,"title: 表演 [singer] (county troupe), 巴塘弦子舞 is national ICH (弦子舞（巴塘弦子舞）)",,traditional,,0.0,True,,1023,4
BV16m4y1y7oj,2,bilibili,https://www.bilibili.com/video/BV16m4y1y7oj,巴塘弦子舞《阿克祥巴》 表演：巴塘县金弦子艺术团,哦咪呷,bilibili:23474048,20230426.0,208.212,藏族民歌区,Tibetan,TIB,minority,四川,甘孜 巴塘,county,99.769377,32.052674,藏,,阿克祥巴,阿克祥巴,弦子,原生态,,S3ecd82ce,,B,title: 表演 [singer],,traditional,,0.0952380952380952,True,,1023,4
BV1gkkyBDEXw,2,bilibili,https://www.bilibili.com/video/BV1gkkyBDEXw,国家级非遗传承人达哇战斗引吭高歌 再现经典玉树民歌,阅青海,bilibili:34304637,20251111.0,79.783,藏族民歌区,Tibetan,TIB,minority,青海,玉树,county,96.660011,32.914187,藏,,玉树民歌,玉树民歌#BV1gkkyBDEXw,民歌,原生态,达哇战斗,S7876240e,国家级: 藏族民歌（玉树民歌）,A1,"https://www.ihchina.cn/art/representative.html?keywords=达哇战斗 (id 1013, 青海省玉树藏族自治州); 阅青海 (Qinghai media)",,traditional,,0.0,True,,0,0
BV1mf4y1L76B,2,bilibili,https://www.bilibili.com/video/BV1mf4y1L76B,【安多藏语】阿克班玛 - Aku Pema（华尔贡）,Jegvar,bilibili:10272827,20210712.0,186.261,藏族民歌区,Tibetan,TIB,minority,甘肃,甘南,prefecture,102.766903,34.325574,藏,,阿克班玛,阿克班玛,安多弹唱,原生态,华尔贡,S8cd045ca,国家级: 藏族民歌（甘南藏族民歌）,A1,"https://www.ihchina.cn/art/representative.html?keywords=华尔贡 (id 1012, 甘肃省甘南藏族自治州)",,check,,0.0,True,,1028,2
BV1pN4y167JP,2,bilibili,https://www.bilibili.com/video/BV1pN4y167JP,【福之歌】华尔贡 久西草,暴暴牙Z,bilibili:1220197537,20231101.0,154.597,藏族民歌区,Tibetan,TIB,minority,甘肃,甘南,prefecture,102.766903,34.325574,藏,,福之歌,福之歌,安多弹唱,原生态,华尔贡、久西草,S8fb20f61,国家级: 藏族民歌（甘南藏族民歌）(华尔贡),A1,"https://www.ihchina.cn/art/representative.html?keywords=华尔贡 (id 1012); description: 词 华尔贡, 曲 民间",,check,,0.0,True,,1029,2
BV1nyPszPERM,2,bilibili,https://www.bilibili.com/video/BV1nyPszPERM,ཡར་འགྲོ་སྐྱིད་ལ་འགྲོ།【年轻的朋友】共和县文化馆,暴暴牙Z,bilibili:1220197537,20260307.0,281.17,藏族民歌区,Tibetan,TIB,minority,青海,海南州 共和县,province,109.754859,19.189767,藏,,年轻的朋友（ཡར་འགྲོ་སྐྱིད་ལ་འགྲོ）,年轻的朋友,民歌,原生态,,Sd8d96677,,B,"description: 词曲 民间, 演唱 共和[singer] (county cultural centre)",,traditional,,0.1071428571428571,True,,1029,2
BV1FwSRB5EMt,2,bilibili,https://www.bilibili.com/video/BV1FwSRB5EMt,ཁ་རག་རི།【卡热山】共和县文化馆,暴暴牙Z,bilibili:1220197537,20260405.0,219.869,藏族民歌区,Tibetan,TIB,minority,青海,海南州 共和县,province,109.754859,19.189767,藏,,卡热山,卡热山,民歌,原生态,,Sd8d96677,,B,title: 共和[singer],,check,,0.0,True,,1029,2
BV12CTs6vELr,2,bilibili,https://www.bilibili.com/video/BV12CTs6vELr,巴塘弦子 阿吉冲,一个虫虫的旅行,bilibili:1440236121,20260703.0,340.219,藏族民歌区,Tibetan,TIB,minority,四川,甘孜 巴塘,county,99.769377,32.052674,藏,,阿吉冲,阿吉冲,弦子,原生态,,,,C,"title only: 巴塘弦子; traveller upload, apparently on-site",,traditional,,0.0,True,,1032,1
BV1aVub6bEtQ,2,bilibili,https://www.bilibili.com/video/BV1aVub6bEtQ,巴塘弦子 安塘拉依,一个虫虫的旅行,bilibili:1440236121,20260807.0,400.939,藏族民歌区,Tibetan,TIB,minority,四川,甘孜 巴塘,county,99.769377,32.052674,藏,,安塘拉依,安塘拉依,弦子,原生态,,,,C,title only: 巴塘弦子,,traditional,,0.0,True,,1032,1
BV1ydbH6LE5w,2,bilibili,https://www.bilibili.com/video/BV1ydbH6LE5w,巴塘弦子 江满喜雄,一个虫虫的旅行,bilibili:1440236121,20260906.0,244.715,藏族民歌区,Tibetan,TIB,minority,四川,甘孜 巴塘,county,99.769377,32.052674,藏,,江满喜雄,江满喜雄,弦子,原生态,,,,C,title only: 巴塘弦子,,traditional,,0.0,True,,1032,1
BV1NY4y1f7TT,2,bilibili,https://www.bilibili.com/video/BV1NY4y1f7TT,藏族锅庄：阿东拉依，依瓦邛邛,一个虫虫的旅行,bilibili:1440236121,20230119.0,170.879,藏族民歌区,Tibetan,TIB,minority,四川,甘孜,county,99.769377,32.052674,藏,,阿东拉依（依瓦邛邛）,阿东拉依,锅庄,原生态,,,,C,title only: 藏族锅庄; same uploader as 巴塘 items,,traditional,,0.0,True,,1032,1
BV17sDLYzECK,2,bilibili,https://www.bilibili.com/video/BV17sDLYzECK,原汁原味的巴塘弦子《阿克祥巴》,FreeStyle自由生活,bilibili:39891096,20241106.0,131.702,藏族民歌区,Tibetan,TIB,minority,四川,甘孜 巴塘,county,99.769377,32.052674,藏,,阿克祥巴,阿克祥巴,弦子,原生态,,,,C,"title: 原汁原味的巴塘弦子, on-site street recording",,traditional,,0.0,True,,1036,3
BV1cAaRzQE1X,2,bilibili,https://www.bilibili.com/video/BV1cAaRzQE1X,看！听一曲萨玛酒歌，酌一杯门隅甘露！,西藏广播电视台,bilibili:3493286125767350,20250908.0,216.363,藏族民歌区,Tibetan,TIB,minority,西藏,山南 错那(门隅),county,92.894626,27.668694,门巴,,萨玛酒歌,萨玛酒歌#BV1cAaRzQE1X,酒歌,原生态,,,,B,西藏广播电视台 report on 门隅 萨玛酒歌,,traditional,,0.0909090909090909,True,,1037,1
BV1mF411m7H7,2,bilibili,https://www.bilibili.com/video/BV1mF411m7H7,门巴敬酒歌,墨脱融媒,bilibili:292141220,20230926.0,269.351,藏族民歌区,Tibetan,TIB,minority,西藏,林芝 墨脱,county,95.003154,28.723177,门巴,,门巴敬酒歌,门巴敬酒歌#BV1mF411m7H7,酒歌,原生态,,,,B,墨脱融媒 = 墨脱 county media centre,,traditional,,0.0,True,,1038,1
BV1x7421R7XS,2,bilibili,https://www.bilibili.com/video/BV1x7421R7XS,你能听得懂墨脱门巴族老调吗？,墨脱融媒,bilibili:292141220,20240604.0,39.844,藏族民歌区,Tibetan,TIB,minority,西藏,林芝 墨脱,county,95.003154,28.723177,门巴,,门巴老调,门巴老调,民歌,原生态,,,,B,"墨脱融媒 county media, 摄制 小贡桑",,traditional,,0.0,True,,1038,1
BV1RW4y197Qj,2,bilibili,https://www.bilibili.com/video/BV1RW4y197Qj,藏族原生态歌舞【吉隆县宗嘎果谐】,旖藏绘,bilibili:491233753,20230531.0,109.643,藏族民歌区,Tibetan,TIB,minority,西藏,日喀则 吉隆县 宗嘎镇,county,85.299167,28.86175,藏,,宗嘎果谐,宗嘎果谐,果谐,原生态,,,,B,description: 日喀则市吉隆县宗嘎镇的原生态果谐,,traditional,,0.0,True,,1040,4
BV1fM4y1L7av,2,bilibili,https://www.bilibili.com/video/BV1fM4y1L7av,石渠真达锅庄原汁原味,一鲤糌粑,bilibili:3493296879962813,20230704.0,395.391,藏族民歌区,Tibetan,TIB,minority,四川,甘孜 石渠 真达,county,99.769377,32.052674,藏,,石渠真达锅庄,石渠真达锅庄#BV1fM4y1L7av,锅庄,原生态,,,,B,title: 石渠真达锅庄 (township named),,traditional,,0.0,True,,1041,2
BV14M4m1Q7oP,2,bilibili,https://www.bilibili.com/video/BV14M4m1Q7oP,金川锅庄之六《尼实更切》,bili_91483591312,bilibili:1875717856,20240406.0,215.805,藏族民歌区,Tibetan,TIB,minority,四川,阿坝 金川,county,101.80369,31.520161,藏,嘉绒,尼实更切,尼实更切,锅庄,原生态,,,,B,title: 金川锅庄之六,,traditional,,0.0,True,,1042,1
BV1URARevEkY,2,bilibili,https://www.bilibili.com/video/BV1URARevEkY,金川县国家级非遗马奈锅庄,遇见金川,bilibili:3546833854925280,20250224.0,63.7,藏族民歌区,Tibetan,TIB,minority,四川,阿坝 金川 马奈,county,101.80369,31.520161,藏,嘉绒,马奈锅庄,马奈锅庄#BV1URARevEkY,锅庄,原生态,,,,B,遇见金川 (金川 county account): 金川县国家级非遗马奈锅庄,,traditional,,0.5,True,,1043,1
BV1Ku4m1u7MU,2,bilibili,https://www.bilibili.com/video/BV1Ku4m1u7MU,金川梨花节开幕典礼上展演金川嘉绒歌曲锅庄《瓦普瓦鲁》演出团队：卓热查姆团队,嘉绒女王赵琼瑶,bilibili:486651579,20240320.0,143.684,藏族民歌区,Tibetan,TIB,minority,四川,阿坝 金川,county,101.80369,31.520161,藏,嘉绒,瓦普瓦鲁,瓦普瓦鲁,锅庄,原生态,,Se8aaca1b,,B,"title: 金川梨花节 展演, 金川嘉绒歌曲锅庄, [singer]",,traditional,,0.0,True,,1044,1
BV1MgrTYyEj7,2,bilibili,https://www.bilibili.com/video/BV1MgrTYyEj7,嘉绒藏族民间民歌《孔雀锅庄》#嘉绒藏族 视频来源丹巴巴底#民间民歌 这首歌是赞颂美好的爱情。#丹巴美人谷,墨尔约察瓦绒林卡,bilibili:3546386442226544,20250105.0,154.421,藏族民歌区,Tibetan,TIB,minority,四川,甘孜 丹巴 巴底,county,101.762082,30.944888,藏,嘉绒,孔雀锅庄,孔雀锅庄#BV1MgrTYyEj7,锅庄,原生态,,,,B,title: 视频来源丹巴巴底,,traditional,,0.4,True,,1045,4
BV1XNuo6BEeF,2,bilibili,https://www.bilibili.com/video/BV1XNuo6BEeF,丹巴原生态嘉绒锅庄（三）,嘉绒藏族文化博物馆,bilibili:3546784309709690,20260810.0,564.221,藏族民歌区,Tibetan,TIB,minority,四川,甘孜 丹巴,county,101.762082,30.944888,藏,嘉绒,丹巴嘉绒锅庄（三）,丹巴嘉绒锅庄#BV1XNuo6BEeF,锅庄,原生态,,,,B,title: 丹巴原生态嘉绒锅庄,,traditional,,0.1964285714285714,True,,1046,4
BV1oMp4z3Eu2,2,bilibili,https://www.bilibili.com/video/BV1oMp4z3Eu2,嘉绒藏族原生态锅庄《曾曾波来米朵》,嘉绒藏族文化博物馆,bilibili:3546784309709690,20250917.0,234.405,藏族民歌区,Tibetan,TIB,minority,四川,甘孜 丹巴,county,101.762082,30.944888,藏,嘉绒,曾曾波来米朵,曾曾波来米朵,锅庄,原生态,,,,C,title only: 嘉绒藏族原生态锅庄,,traditional,,0.0,True,,1046,4
BV128411H737,2,bilibili,https://www.bilibili.com/video/BV128411H737,【嘉绒藏族民歌】阿拉姜色,根呷呷了一口茶,bilibili:406919043,20221226.0,113.544,藏族民歌区,Tibetan,TIB,minority,四川,嘉绒,province,102.693453,30.674545,藏,嘉绒,阿拉姜色,阿拉姜色,酒歌,原生态,,,,C,title only: 嘉绒藏族民歌,,traditional,,0.0,True,,1048,3
BV1Vd4y1k7di,2,bilibili,https://www.bilibili.com/video/BV1Vd4y1k7di,【堆谐之乡】拉孜堆谐丨松孜玛啦,根呷呷了一口茶,bilibili:406919043,20221114.0,278.383,藏族民歌区,Tibetan,TIB,minority,西藏,日喀则 拉孜,county,87.851517,29.172171,藏,,松孜玛啦,松孜玛啦,堆谐,原生态,,,,C,title: 堆谐之乡 拉孜堆谐 (genre),,traditional,,0.0,True,,1048,3
BV1wG4y187pi,2,bilibili,https://www.bilibili.com/video/BV1wG4y187pi,【藏族酒歌】萨迦酒歌,根呷呷了一口茶,bilibili:406919043,20221031.0,238.585,藏族民歌区,Tibetan,TIB,minority,西藏,日喀则 萨迦,county,88.342235,28.847156,藏,,萨迦酒歌,萨迦酒歌#BV1wG4y187pi,酒歌,原生态,,,,C,title only,,traditional,,0.0,True,,1048,3
BV1pK411G7sp,2,bilibili,https://www.bilibili.com/video/BV1pK411G7sp,中国原生态民歌-白马藏族敬酒歌,陈立明导演,bilibili:703091173,20201101.0,128.895,藏族民歌区,Tibetan,TIB,minority,四川,绵阳 平武,county,104.397971,32.440984,藏,白马人,白马敬酒歌,白马敬酒歌#BV1pK411G7sp,酒歌,原生态,,,,B,description: 四川省绵阳市平武县白马藏族民间艺术家们唱,,traditional,,0.0769230769230769,True,,0,0
BV1Du411U7iY,2,bilibili,https://www.bilibili.com/video/BV1Du411U7iY,白马藏族酒歌,不见眉眼带笑颜,bilibili:292024360,20220111.0,126.014,藏族民歌区,Tibetan,TIB,minority,四川/甘肃,白马人地区,province,102.693453,30.674545,藏,白马人,白马酒歌,白马酒歌#BV1Du411U7iY,酒歌,原生态,,,,C,title only,,traditional,,0.6153846153846154,True,,1052,4
BV1nxPPejE7X,2,bilibili,https://www.bilibili.com/video/BV1nxPPejE7X,扎念弹唱之拉孜堆谐《夏龙查》,丽江若杰,bilibili:701595335,20250222.0,300.001,藏族民歌区,Tibetan,TIB,minority,西藏,日喀则 拉孜,county,87.851517,29.172171,藏,,夏龙查,夏龙查,堆谐,原生态,,,,C,title: 扎念弹唱之拉孜堆谐,,traditional,,0.0,True,,1053,2
BV1ac411T7eh,2,bilibili,https://www.bilibili.com/video/BV1ac411T7eh,西藏日喀则民间传统歌舞：定日堆谐,丽江若杰,bilibili:701595335,20230504.0,347.509,藏族民歌区,Tibetan,TIB,minority,西藏,日喀则 定日,county,86.993064,28.47135,藏,,定日堆谐,定日堆谐,堆谐,原生态,,,,C,title: 西藏日喀则民间传统歌舞,,traditional,,0.0,True,,1053,2
BV1io4y157Hu,2,bilibili,https://www.bilibili.com/video/BV1io4y157Hu,玉树州囊谦县原生态舞蹈《囊谦弦子》,丽江若杰,bilibili:701595335,20230421.0,249.087,藏族民歌区,Tibetan,TIB,minority,青海,玉树 囊谦,county,96.660011,32.914187,藏,,囊谦弦子,囊谦弦子,弦子,原生态,,,,B,title: 玉树州囊谦县原生态舞蹈,,traditional,,0.0,True,,1053,2
BV1FcNQzGEkM,2,bilibili,https://www.bilibili.com/video/BV1FcNQzGEkM,国家级非遗：堆谐（拉孜堆谐）演出实拍,bili_77491469054,bilibili:1492973222,20250622.0,77.6,藏族民歌区,Tibetan,TIB,minority,西藏,日喀则 拉孜,county,87.851517,29.172171,藏,,拉孜堆谐,拉孜堆谐,堆谐,原生态,,,,C,title: 国家级非遗 堆谐（拉孜堆谐）演出实拍,,traditional,,0.0,True,,1056,2
BV1PTYk65E3g,2,bilibili,https://www.bilibili.com/video/BV1PTYk65E3g,“群锅荟萃”之六十一《弦子旺堆》比如县雄塘村老锅庄 #锅庄,锅乂子,bilibili:55896302,20260914.0,151.267,藏族民歌区,Tibetan,TIB,minority,西藏,那曲 比如县 雄塘村,county,93.48801,31.4412,藏,,弦子旺堆,弦子旺堆,锅庄,原生态,,,,B,title: 比如县雄塘村老锅庄,,traditional,,0.0,True,,1057,3
BV1UyxmeBE1p,2,bilibili,https://www.bilibili.com/video/BV1UyxmeBE1p,青海省玉树州囊谦县土风歌舞团，囊谦卓干玛锅庄舞。2024“舞动玉树”中国健身锅庄舞邀请大赛#玉树文旅#雅布摄影,雅布摄影,bilibili:502110355,20240930.0,404.676,藏族民歌区,Tibetan,TIB,minority,青海,玉树 囊谦,county,96.660011,32.914187,藏,,卓干玛,卓干玛,锅庄(卓),原生态,,S4be7c3e2,,B,title: 青海省玉树州[singer] 囊谦卓干玛锅庄舞,,traditional,,0.0,True,,1058,3
BV1pF411m7Rd,2,bilibili,https://www.bilibili.com/video/BV1pF411m7Rd,西藏阿里普兰传统央子敬酒歌新年酒歌阿里普兰传统歌舞民间娱乐过,火焰桂兰,bilibili:1455880335,20230927.0,53.033,藏族民歌区,Tibetan,TIB,minority,西藏,阿里 普兰,county,81.523891,30.632623,藏,,普兰敬酒歌,普兰敬酒歌#BV1pF411m7Rd,酒歌,原生态,,,,B,title: 西藏阿里普兰传统央子敬酒歌,,traditional,,0.0,True,,1059,1
he6aw0qHHfI,2,youtube,https://www.youtube.com/watch?v=he6aw0qHHfI,Xunhua Song 1,TibetanMusicProject,youtube:UCNb0Oib06Tuy75csSCxFfhw,20071111.0,153.0,藏族民歌区,Tibetan,TIB,minority,青海,海东 循化,county,102.468435,35.717758,藏,,Xunhua Song 1,xunhuasong1,民歌,field,,,,B,TibetanMusicProject series of traditional songs; locality 循化 in title,,traditional,,0.0,True,,1060,3
JKfzzivkqI4,2,youtube,https://www.youtube.com/watch?v=JKfzzivkqI4,Mamo Lu,TibetanMusicProject,youtube:UCNb0Oib06Tuy75csSCxFfhw,20061217.0,63.0,藏族民歌区,Tibetan,TIB,minority,青海,安多,province,96.043533,35.726403,藏,,Mamo Lu,mamolu,民歌,field,,,,C,TibetanMusicProject; title only,,traditional,,0.0,True,,1060,3
5UAiRIvwAUQ,2,youtube,https://www.youtube.com/watch?v=5UAiRIvwAUQ,Yari Aso,TibetanMusicProject,youtube:UCNb0Oib06Tuy75csSCxFfhw,20070929.0,84.0,藏族民歌区,Tibetan,TIB,minority,青海,安多,province,96.043533,35.726403,藏,,Yari Aso,yariaso,民歌,field,,,,C,TibetanMusicProject; title only,,traditional,,0.0,True,,1060,3
sK7YRmbOWXs,2,youtube,https://www.youtube.com/watch?v=sK7YRmbOWXs,'tdam gling gi nyi ma (The sun of the world),TibetanMusicProject,youtube:UCNb0Oib06Tuy75csSCxFfhw,20081023.0,133.0,藏族民歌区,Tibetan,TIB,minority,青海,安多,province,96.043533,35.726403,藏,,'dzam gling gi nyi ma,dzamglingginyima,民歌,field,,,,C,TibetanMusicProject; title only,,traditional,,0.0,True,,1060,3
2ZmaYfJVN3o,2,youtube,https://www.youtube.com/watch?v=2ZmaYfJVN3o,"Field Recording in Himalaya, Shangri-La Folk Music",Shangri-La Folk Music,youtube:UCCeKFDfBQvX_SixNeSOMG9A,20140924.0,340.0,藏族民歌区,Tibetan,TIB,minority,云南,迪庆 香格里拉,county,99.822449,27.902251,藏,,Himalaya field recording,himalayafieldrecording,山歌,field,,,,B,channel Shangri-La Folk Music publishes 田园采风 field work in 香格里拉; title: Field Recording in Himalaya,,traditional,,0.1470588235294117,True,,1064,3
GZiKdIB69Pg,2,youtube,https://www.youtube.com/watch?v=GZiKdIB69Pg,[Voice from the Tibetan Plateau] folk song,eyes of Tibet,youtube:UCUu5sWa27zb5ZUWiaPfaYnQ,20180606.0,153.0,藏族民歌区,Tibetan,TIB,minority,,藏区,none,,,藏,,Voice from the Tibetan Plateau (folk song),voicefromthetibetanplateau,民歌,原生态,,,,C,title only,,check,,0.0,True,,1065,2
8qMAGJymy8A,2,youtube,https://www.youtube.com/watch?v=8qMAGJymy8A,【Voice from Tibetan Plateau】Tibetan folk song,eyes of Tibet,youtube:UCUu5sWa27zb5ZUWiaPfaYnQ,20170619.0,281.0,藏族民歌区,Tibetan,TIB,minority,,藏区,none,,,藏,,Voice from the Tibetan Plateau (folk song 2),voicefromthetibetanplateau,民歌,原生态,,,,C,title only,,check,,0.0,True,,1065,2
X_l6_3XthCQ,2,youtube,https://www.youtube.com/watch?v=X_l6_3XthCQ,04 Kham Lu: A song to the Mountains (Tibet),RSJ Coman,youtube:UC0C38pPbNnAkqyWTfmcBIuA,20181211.0,225.0,藏族民歌区,Tibetan,TIB,minority,,康区,none,,,藏,,Kham Lu (song to the mountains),khamlu,山歌,原生态,,,,C,title only,,check,,0.0,True,,1067,4
Ph5M_6Jo2nk,2,youtube,https://www.youtube.com/watch?v=Ph5M_6Jo2nk,Tibetan Folksong--dpal ldan.m4v,blacktentfilms,youtube:UCe7pYtyvH-L9jLBE4DMdLEQ,20110501.0,208.0,藏族民歌区,Tibetan,TIB,minority,,藏区,none,,,藏,,dpal ldan,dpalldan,民歌,原生态,,,,C,title only,,check,,0.8095238095238095,True,,1068,2
WAtddkDUipA,2,youtube,https://www.youtube.com/watch?v=WAtddkDUipA,Tibetan Girls Singing while Patting Down Roof of Jokhang Temple,Chunyan White,youtube:UCvIsPnTS8yzSoCiTSfaJxtg,20110705.0,93.0,藏族民歌区,Tibetan,TIB,minority,西藏,拉萨 大昭寺,prefecture,91.091762,30.037072,藏,,打阿嘎,打阿嘎,劳动歌,field,,,,B,title: girls singing while patting down roof of Jokhang Temple (Lhasa),,traditional,,0.5555555555555556,True,,1069,3
BV17K4y1Y7r7,2,bilibili,https://www.bilibili.com/video/BV17K4y1Y7r7,西藏传统工地上的舞蹈——打阿嘎“打阿嘎”是一种藏族屋顶或是屋内地面的修筑方法。工人们“打阿嘎”时所唱的歌词比较简单，大多以反映生活场景和赞美劳动为主。,我是柏拉图123,bilibili:281719005,20200810.0,78.389,藏族民歌区,Tibetan,TIB,minority,西藏,西藏,province,88.388277,31.56375,藏,,打阿嘎（工地）,打阿嘎,劳动歌,field,,,,C,title only,,traditional,,0.0,True,,1070,1
BV1Rw411w7Ng,2,bilibili,https://www.bilibili.com/video/BV1Rw411w7Ng,藏族传统民歌第一期,Raymone叶喜,bilibili:1915171418,20231009.0,87.807,藏族民歌区,Tibetan,TIB,minority,,藏区,none,,,藏,,藏族传统民歌（第一期）,藏族传统民歌#BV1Rw411w7Ng,民歌,原生态,,,,C,title only,,check,,0.0,True,,1071,1
BV124JJzNE1x,2,bilibili,https://www.bilibili.com/video/BV124JJzNE1x,陕北民歌《黄河船夫曲》（王向荣演唱）,槭木華Maplessom,bilibili:1620151957,20250522.0,243.128,西北部高原,Northwest Plateau,NWP,Han,陕西,府谷,county,110.861477,39.181952,汉,,黄河船夫曲,黄河船夫曲,信天游,原生态,王向荣,Sbec45f8d,"国家级: 陕北民歌 (2009, 03-0860)",A1,"https://www.ihchina.cn/art/representative.html?keywords=王向荣 — ihchina: 陕西省府谷县人, 第三批国家级陕北民歌代表性传承人",,traditional,,0.0,True,,1072,1
BV1Fa4y1B7fi,2,bilibili,https://www.bilibili.com/video/BV1Fa4y1B7fi,陕北民歌《泪蛋蛋抛在沙蒿蒿林》 白明理（陕北道情传承人）,千_江,bilibili:38682099,20240105.0,145.222,西北部高原,Northwest Plateau,NWP,Han,陕西,清涧,county,110.282097,37.180796,汉,,泪蛋蛋抛在沙蒿蒿林,泪蛋蛋抛在沙蒿蒿林,信天游,原生态,白明理,S79551f98,"国家级: 陕北道情 (2018, 05-2513)",A1,https://www.ihchina.cn/art/representative.html?keywords=白明理 — ihchina: 陕西省清涧县人; title 陕北道情传承人,,traditional,,0.0,True,,1073,2
BV1iwaA6nE4i,2,bilibili,https://www.bilibili.com/video/BV1iwaA6nE4i,陝北民歌《荞麦花》张秀田演唱，歌声清脆甜美好听,bili_24283833074,bilibili:3690976822430302,20260924.0,159.846,西北部高原,Northwest Plateau,NWP,Han,陕西,陕北,province,108.887114,35.263661,汉,,荞麦花,荞麦花,小调,原生态,,S14410e75,,C,title: 陝北民歌《荞麦花》[singer]演唱,,check,,0.0,True,,1074,2
BV15eyGY5E71,2,bilibili,https://www.bilibili.com/video/BV15eyGY5E71,花儿王子马俊新 拉夜川,一个虫虫的旅行,bilibili:1440236121,20241018.0,423.81,西北部高原,Northwest Plateau,NWP,Han,青海/甘肃(河湟),,province,103.823557,36.058039,回,,拉夜川,拉夜川,花儿,原生态,,S01583ecb,,C,title: 花儿王子[singer]; locality not independently verified,,check,,0.0,True,,1032,1
BV1CBxze6E46,2,bilibili,https://www.bilibili.com/video/BV1CBxze6E46,花儿王子马俊 相思病,一个虫虫的旅行,bilibili:1440236121,20240929.0,415.776,西北部高原,Northwest Plateau,NWP,Han,青海/甘肃(河湟),,province,103.823557,36.058039,回,,相思病,相思病,花儿,原生态,,S01583ecb,,C,title: 花儿王子[singer],,check,,0.0,True,,1032,1
BV1gD4y1g7Rv,2,bilibili,https://www.bilibili.com/video/BV1gD4y1g7Rv,【个人最喜欢版本】1984年河湟花儿宗师朱仲禄现场演唱《上去高山望平川》实况录音（河州大令）,思的虔诚,bilibili:319779039,20230302.0,135.508,西北部高原,Northwest Plateau,NWP,Han,青海,同仁,county,102.077646,35.422567,汉,,上去高山望平川（河州大令）,上去高山望平川,花儿,原生态,,S7cb839f0,,A2,title: 1984年河湟花儿宗师[singer]现场演唱; uploader desc (BV1Xk4y1U7Hd): [singer](1922-2007)青海省同仁县人,,traditional,,0.0,True,,280,3
BV1Xk4y1U7Hd,2,bilibili,https://www.bilibili.com/video/BV1Xk4y1U7Hd,1980年代“花儿王”朱仲禄演唱《青溜溜青》（青海花儿）,思的虔诚,bilibili:319779039,20240122.0,128.724,西北部高原,Northwest Plateau,NWP,Han,青海,同仁,county,102.077646,35.422567,汉,,青溜溜青,青溜溜青,花儿,原生态,,S7cb839f0,,A2,"desc: [singer](1922-2007)，青海省同仁县人, 花儿王",,traditional,,0.0,True,,280,3
BV14N411N7GB,2,bilibili,https://www.bilibili.com/video/BV14N411N7GB,1984年河湟花儿宗师朱仲禄现场演唱《下四川令》,思的虔诚,bilibili:319779039,20230401.0,140.202,西北部高原,Northwest Plateau,NWP,Han,青海,同仁,county,102.077646,35.422567,汉,,下四川令,下四川令,花儿,原生态,,S7cb839f0,,A2,title: 1984年河湟花儿宗师[singer]现场演唱; desc says [singer] adapted this 陇中花儿,,check,,0.0714285714285714,True,,280,3
BV14JQ8YAE4x,2,bilibili,https://www.bilibili.com/video/BV14JQ8YAE4x,挺感人的最好版本《提起哥哥走西口》（山西忻州河曲民歌）,思的虔诚,bilibili:319779039,20250316.0,142.788,西北部高原,Northwest Plateau,NWP,Han,山西,河曲,county,111.352937,39.201729,汉,,提起哥哥走西口,提起哥哥走西口,山曲,原生态,,,,C,title: 山西忻州河曲民歌; singer unnamed,,check,,0.0,True,,280,3
BV15PtyziEpZ,2,bilibili,https://www.bilibili.com/video/BV15PtyziEpZ,非遗花儿☆段兴华 《河州二令》,小火炉段兴华,bilibili:262253088,20250808.0,153.135,西北部高原,Northwest Plateau,NWP,Han,甘肃,临夏,county,103.187295,35.574698,回,,河州二令,河州二令,花儿,原生态,,S2f32f145,title: 非遗花儿 (level unverified),C,title: 非遗花儿☆[singer] (singer own channel),,traditional,,0.4666666666666667,True,,1081,4
BV1V24y1s7K8,2,bilibili,https://www.bilibili.com/video/BV1V24y1s7K8,孔维芳(河州新花儿传承人)演唱:咿呀咿令·漫两声花儿是服坦,䴑蠟宝,bilibili:396291838,20230214.0,226.383,西北部高原,Northwest Plateau,NWP,Han,甘肃,永靖 刘家峡,county,103.219728,36.002814,汉,,咿呀咿令·漫两声花儿是服坦,咿呀咿令漫两声花儿是服坦,花儿,原生态,,S4609e97a,省级: 花儿 (per desc),A2,desc: [singer]，甘肃临夏州永靖县刘家峡人…甘肃省非物质文化花儿传承人,,traditional,,0.0,True,,1082,1
BV1bJ411G7BJ,2,bilibili,https://www.bilibili.com/video/BV1bJ411G7BJ,山西左权开花调《桃花红杏花白》 演唱：石占明,漂不起来的浮云,bilibili:289195136,20200109.0,230.985,西北部高原,Northwest Plateau,NWP,Han,山西,左权,county,113.469312,37.02506,汉,,桃花红杏花白,桃花红杏花白,开花调,原生态,,Sf808f2be,,C,title: 山西左权开花调 演唱：[singer] (左权 羊倌歌手; not in national list),,traditional,,0.0,True,,0,0
BV1kb4y1X7Eb,2,bilibili,https://www.bilibili.com/video/BV1kb4y1X7Eb,山西民歌之武乡开花调《你在圪梁俺在沟》由浅入深表达出姑娘心声,传承上党文化,bilibili:702820613,20210228.0,391.92,西北部高原,Northwest Plateau,NWP,Han,山西,武乡,county,112.961871,36.882149,汉,,你在圪梁俺在沟,你在圪梁俺在沟,开花调,原生态,,S9211b7bd,武乡鼓书传承人 (per desc),A2,desc: 2021年正月初六拍摄于武乡县城，由武乡鼓书传承人[singer]出镜并演唱,,traditional,,0.0,True,,1084,3
BV1764y1V7fP,2,bilibili,https://www.bilibili.com/video/BV1764y1V7fP,《非遗神韵》之康乐莲花山花儿,康乐在线,bilibili:3546584170105779,20231214.0,100.82,西北部高原,Northwest Plateau,NWP,Han,甘肃,康乐,county,103.654026,35.24447,汉,,莲花山花儿,莲花山花儿#BV1764y1V7fP,花儿,field,,,,B,channel 康乐在线 (county); title 《非遗神韵》之康乐莲花山花儿,,traditional,,0.8,True,,1085,3
BV1BE8PeGEF2,2,bilibili,https://www.bilibili.com/video/BV1BE8PeGEF2,原生态花儿演唱，太动听了！,希言人文,bilibili:3546672244197958,20240719.0,81.919,西北部高原,Northwest Plateau,NWP,Han,甘肃/青海,,province,103.823557,36.058039,,,未名花儿-原生态,未名花儿原生态,花儿,原生态,,,,C,title only: 原生态花儿演唱,,traditional,,0.125,True,,1086,1
BV19M411E768,2,bilibili,https://www.bilibili.com/video/BV19M411E768,山西河曲民歌《打蓝靛》,ThomasPenLeo,bilibili:3493083637353014,20230218.0,197.09,西北部高原,Northwest Plateau,NWP,Han,山西,河曲,county,111.352937,39.201729,汉,,打蓝靛,打蓝靛,劳动歌/山曲,原生态,,,,C,title: 山西河曲民歌; desc describes 打蓝调 work song,,traditional,,0.1,True,,1087,4
BV1524y1A7ow,2,bilibili,https://www.bilibili.com/video/BV1524y1A7ow,今天请静下心来感受这首唯美的宁夏山花儿尕妹妹的模样画上非遗传,仙灵俊贺,bilibili:1110695493,20230526.0,52.29,西北部高原,Northwest Plateau,NWP,Han,宁夏,,province,106.169866,37.291332,回,,尕妹妹的模样,尕妹妹的模样,山花儿,原生态,,S9784c96e,宁夏花儿传承人 (level unverified),C,title mentions 非遗传承; other videos: 宁夏花儿传承人[singer],,check,,0.0,True,,0,0
BV1Js411N73V,2,bilibili,https://www.bilibili.com/video/BV1Js411N73V,青海花儿 扳船调 演唱 马全,乐舞盒,bilibili:328074500,20180726.0,201.066,西北部高原,Northwest Plateau,NWP,Han,青海,,province,96.043533,35.726403,回,,扳船调,扳船调,花儿,原生态,,S535e7c95,,C,title: 青海花儿 扳船调 演唱 [singer],,traditional,,0.0,True,,1089,3
BV1wL4y1V7jZ,2,bilibili,https://www.bilibili.com/video/BV1wL4y1V7jZ,青海花儿 马全 胡生存 《马五哥的好心肠》,青海花儿土豆,bilibili:268562237,20220419.0,386.645,西北部高原,Northwest Plateau,NWP,Han,青海,,province,96.043533,35.726403,回,,马五哥的好心肠,马五哥的好心肠,花儿,原生态,,S41a596b6,,C,title: 青海花儿 [singer] [singer],,check,,0.0,True,,1090,3
BV1Ev411i76A,2,bilibili,https://www.bilibili.com/video/BV1Ev411i76A,房素芬演唱武乡开花调,晋韵风华,bilibili:631495442,20200816.0,182.693,西北部高原,Northwest Plateau,NWP,Han,山西,武乡,county,112.961871,36.882149,汉,,武乡开花调,武乡开花调,开花调,原生态,,S37cf5648,,C,title: [singer]演唱武乡开花调,,traditional,,0.0,True,,1091,1
BV1HN41137sP,2,bilibili,https://www.bilibili.com/video/BV1HN41137sP,2023陕北民歌群众广场歌汇《拦羊的哥哥》演唱：马生军,黄土风情网,bilibili:438826891,20231101.0,115.495,西北部高原,Northwest Plateau,NWP,Han,陕西,榆林,prefecture,109.577105,38.048207,汉,,拦羊的哥哥,拦羊的哥哥,信天游,原生态,,S653ef8de,,B,"desc/title: 2023陕北民歌群众广场歌汇 (榆林市主办, 榆阳区承办)",,check,,0.0,True,,1092,2
BV1LG411C74p,2,bilibili,https://www.bilibili.com/video/BV1LG411C74p,2023陕北民歌群众广场歌汇《摇三摆》演唱：屈德斌,黄土风情网,bilibili:438826891,20231029.0,217.106,西北部高原,Northwest Plateau,NWP,Han,陕西,榆林,prefecture,109.577105,38.048207,汉,,摇三摆,摇三摆,小调,原生态,,Sae87b864,,B,title: 2023陕北民歌群众广场歌汇 (榆林),,traditional,,0.0,True,,1092,2
NMoHREJmoow,2,youtube,https://www.youtube.com/watch?v=NMoHREJmoow,吴堡柳青文化园的山坡上，老丁唱起了那首经典陕北民歌《赶牲灵》天籁之音久久回荡在圪梁梁里,好看好听好玩,youtube:UCH_dKfA84rkE6gtZYVSQCmg,20230210.0,113.0,西北部高原,Northwest Plateau,NWP,Han,陕西,吴堡,county,110.685475,37.588785,汉,,赶牲灵,赶牲灵,信天游,field,,S8e1aad9f,,B,"title: 吴堡柳青文化园的山坡上，[singer]唱起了…《赶牲灵》 (outdoor, county named)",,traditional,,0.0,True,,1094,4
tGwA4p3Bawc,2,youtube,https://www.youtube.com/watch?v=tGwA4p3Bawc,丁文军原生态陕北民歌《一搭搭里》听醉了！,午夜出击,youtube:UCIb5UMS8rwBzbxtO4bzcHqQ,20210731.0,70.0,西北部高原,Northwest Plateau,NWP,Han,陕西,陕北,province,108.887114,35.263661,汉,,一搭搭里,一搭搭里,信天游,原生态,,Sdba92085,,C,title: [singer]原生态陕北民歌,,check,,0.0,True,,295,4
WpDGHwABIuw,2,youtube,https://www.youtube.com/watch?v=WpDGHwABIuw,陕北妹子一首地道的陕北民歌原汁原味，旁边大哥憨厚可爱自我陶醉,파워볼 조던,youtube:UCQyfR6WFDUZGeuDf37wd_YA,20220310.0,182.0,西北部高原,Northwest Plateau,NWP,Han,陕西,陕北,province,108.887114,35.263661,汉,,陕北民歌（未注明）,陕北民歌#WpDGHwABIuw,信天游,field,,,,C,title: 陕北妹子…地道的陕北民歌原汁原味 (informal outdoor),,check,,0.0,True,,1096,1
BV1EE411d7i7,2,bilibili,https://www.bilibili.com/video/BV1EE411d7i7,岷县花儿  _高清,佳佳佳酱子,bilibili:27259484,20191013.0,95.247,西北部高原,Northwest Plateau,NWP,Han,甘肃,岷县,county,104.24039,34.423916,汉,,岷县花儿,岷县花儿#BV1EE411d7i7,洮岷花儿,原生态,,,,C,title: 岷县花儿,,traditional,,0.4,True,,1097,3
BV1EE411d7zX,2,bilibili,https://www.bilibili.com/video/BV1EE411d7zX,岷县花儿《想你腔子里积血了》,佳佳佳酱子,bilibili:27259484,20191013.0,157.401,西北部高原,Northwest Plateau,NWP,Han,甘肃,岷县,county,104.24039,34.423916,汉,,想你腔子里积血了,想你腔子里积血了,洮岷花儿,原生态,,,,C,title: 岷县花儿,,traditional,,0.0,True,,1097,3
BV1u44y1X7dr,2,bilibili,https://www.bilibili.com/video/BV1u44y1X7dr,行走的声音｜裕固族民歌 这首歌竟能感化认不出幼崽的羊和骆驼,那木厂牌NAMULABEL,bilibili:29784258,20221121.0,194.675,西北部高原,Northwest Plateau,NWP,Han,甘肃,肃南,county,98.867052,39.053609,裕固,,奶羊羔（劝奶歌）,奶羊羔,裕固族民歌,field,白金花,S89a10ac3,国家级: 裕固族民歌 (2025),A1,https://www.ihchina.cn/art/representative.html?keywords=白金花 — ihchina: 肃南裕固族自治县; desc: 裕固族民歌传承人白金花… 《奶羊羔》,,traditional,,0.0,True,,1099,1
BV1HT41197KG,2,bilibili,https://www.bilibili.com/video/BV1HT41197KG,骑上青鬃马 走向远方 去往理想世界……|裕固族民歌|额尔德尼赛汗|裕固族民歌非遗传承人 白金花|行走的声音·河西走廊,那木厂牌NAMULABEL,bilibili:29784258,20230208.0,100.01,西北部高原,Northwest Plateau,NWP,Han,甘肃,肃南,county,98.867052,39.053609,裕固,,额尔德尼赛汗,额尔德尼赛汗,裕固族民歌,原生态,白金花,S89a10ac3,国家级: 裕固族民歌 (2025),A1,https://www.ihchina.cn/art/representative.html?keywords=白金花; title: 裕固族民歌非遗传承人 白金花,,traditional,,0.4,True,,1099,1
BV1ur4y1w7FJ,2,bilibili,https://www.bilibili.com/video/BV1ur4y1w7FJ,塔拉吉斯-裕固族民歌-紫红的檀香,陈立明导演,bilibili:703091173,20201029.0,150.57,西北部高原,Northwest Plateau,NWP,Han,甘肃,肃南,county,98.867052,39.053609,裕固,,紫红的檀香,紫红的檀香,裕固族民歌,原生态,,S5bde52a4,,C,title: [singer]-裕固族民歌,,traditional,,0.0,True,,0,0
BV1D54y167mq,2,bilibili,https://www.bilibili.com/video/BV1D54y167mq,中国原生态民歌-安宇歌王德芹-回族宴席曲,陈立明导演,bilibili:703091173,20201028.0,218.815,西北部高原,Northwest Plateau,NWP,Han,青海/甘肃,,province,103.823557,36.058039,回,,回族宴席曲,回族宴席曲,宴席曲,原生态,,S7e1a83cf,,C,title: 中国原生态民歌-安宇歌王[singer]-回族宴席曲,,traditional,,0.0,True,,0,0
BV1fzwTejEWV,2,bilibili,https://www.bilibili.com/video/BV1fzwTejEWV,青海互助 土族 结婚歌曲 赛因赛,艾马拉橡皮擦,bilibili:225531999,20250118.0,190.589,西北部高原,Northwest Plateau,NWP,Han,青海,互助,county,102.158079,36.84265,土,,赛因赛,赛因赛,婚礼歌,原生态,,,,C,title: 青海互助 土族 结婚歌曲,,traditional,,0.0,True,,867,4
BV1STfmBFEX3,2,bilibili,https://www.bilibili.com/video/BV1STfmBFEX3,张海魁 《尕姑娅(撒拉族花儿)》青海花儿,青海花儿张海魁,bilibili:1071429672,20260224.0,103.033,西北部高原,Northwest Plateau,NWP,Han,青海,,province,96.043533,35.726403,撒拉,,尕姑娅（撒拉族花儿）,尕姑娅,花儿,原生态,,Sf0603ab1,,C,desc: 1988年专辑 中国唱片总公司,,traditional,,0.0,True,,1104,3
BV1eq421c7md,2,bilibili,https://www.bilibili.com/video/BV1eq421c7md,【倒唱四季盼丈夫】回族宴席曲,暴暴牙Z,bilibili:1220197537,20240414.0,463.029,西北部高原,Northwest Plateau,NWP,Han,青海,门源,county,101.732157,37.45522,回,,倒唱四季盼丈夫,倒唱四季盼丈夫,宴席曲,原生态,,,,B,desc: 来源：门源融媒体“金门源”视频号 (county media),,traditional,,0.0,True,,1029,2
BV1kh4y1p7K2,2,bilibili,https://www.bilibili.com/video/BV1kh4y1p7K2,【巴依儿】青海民和土族歌曲,Darkquiet,bilibili:351804903,20230423.0,289.923,西北部高原,Northwest Plateau,NWP,Han,青海,民和,county,102.768516,36.137854,土,,巴依儿,巴依儿,土族民歌,原生态,,,,C,title: 青海民和土族歌曲,,check,,0.0,True,,765,2
BV1SVYyemETi,2,bilibili,https://www.bilibili.com/video/BV1SVYyemETi,陕北民歌《这么好的妹子见不上面》演唱：王泽伟,黄土娃娃,bilibili:471722620,20240813.0,191.146,西北部高原,Northwest Plateau,NWP,Han,陕西,陕北,province,108.887114,35.263661,汉,,这么好的妹子见不上面,这么好的妹子见不上面,信天游,原生态,,S5d1b546b,,C,title only,,check,,0.0,True,,1107,1
BV1HZtNemEmE,2,bilibili,https://www.bilibili.com/video/BV1HZtNemEmE,内蒙古爬山调《想亲亲》,励志小小段,bilibili:470425800,20240914.0,51.839,西北部高原,Northwest Plateau,NWP,Han,内蒙古西部,,province,114.077429,44.331087,汉,,想亲亲,想亲亲,爬山调,原生态,,,,C,title: 内蒙古爬山调,,traditional,,0.0,True,,1108,2
BV1Df4y1m71B,2,bilibili,https://www.bilibili.com/video/BV1Df4y1m71B,青海花儿 包贞贞《好花儿令》,李晓林LiXiaolin,bilibili:188159080,20200503.0,107.946,西北部高原,Northwest Plateau,NWP,Han,青海,,province,96.043533,35.726403,回,,好花儿令,好花儿令,花儿,原生态,,S41f69ed7,,C,title: 青海花儿 [singer],,traditional,,0.0,True,,1109,1
BV1uK421C7FR,2,bilibili,https://www.bilibili.com/video/BV1uK421C7FR,二人台《挎嫂嫂》,震雷恨云,bilibili:1346744833,20240220.0,110.293,西北部高原,Northwest Plateau,NWP,Han,山西/内蒙古,,province,112.304436,37.618179,汉,,挎嫂嫂,挎嫂嫂,二人台,原生态,,,,C,title only,,traditional,,0.0,True,,1110,3
BV1En4y1d73v,2,bilibili,https://www.bilibili.com/video/BV1En4y1d73v,张尕怂民间采风，松鸣岩花儿会现场实况,张尕怂本怂,bilibili:11535437,20240603.0,352.896,西北部高原,Northwest Plateau,NWP,Han,甘肃,和政 松鸣岩,county,103.333182,35.31092,回/东乡/汉,,未名花儿-松鸣岩花儿会,未名花儿松鸣岩花儿会,花儿,field,,,,B,title: 张尕怂民间采风，松鸣岩花儿会现场实况,,traditional,,0.0,True,,1111,1
BV1JP7z6RE7g,2,bilibili,https://www.bilibili.com/video/BV1JP7z6RE7g,尕怂摆台·民间花儿对决时间：2026.6.11-13地址：甘肃·和政·松鸣岩三孔桥#松鸣岩花儿会##尕怂的花儿舞台#,张尕怂本怂,bilibili:11535437,20260605.0,106.866,西北部高原,Northwest Plateau,NWP,Han,甘肃,和政 松鸣岩三孔桥,county,103.333182,35.31092,,,花儿对唱（松鸣岩）,花儿对唱,花儿,field,,,,B,title: 民间花儿对决 时间2026.6.11-13 地址：甘肃·和政·松鸣岩三孔桥,,traditional,,0.0,True,,1111,1
BV1ux411R7GD,2,bilibili,https://www.bilibili.com/video/BV1ux411R7GD,临夏花儿会之花儿王子实录,DB子川,bilibili:14499668,20190630.0,198.863,西北部高原,Northwest Plateau,NWP,Han,甘肃,临夏,county,103.187295,35.574698,,,未名花儿-临夏花儿会,未名花儿临夏花儿会,花儿,field,,,,B,title: 临夏花儿会之花儿王子实录,,traditional,,0.65,True,,1113,1
BV1KV41177JN,2,bilibili,https://www.bilibili.com/video/BV1KV41177JN,花儿《上去高山望平川》马汉东唱,陈立明导演,bilibili:703091173,20210527.0,90.282,西北部高原,Northwest Plateau,NWP,Han,宁夏,,province,106.169866,37.291332,回,,上去高山望平川,上去高山望平川,山花儿,原生态,,S37218262,国家级: 花儿（宁夏回族山花儿）,A2,"https://www.ihchina.cn/art/representative.html?keywords=[singer] — ihchina list (花儿, 宁夏回族山花儿)",,traditional,,0.0,True,,0,0
BV1NwxHzQEQ3,2,bilibili,https://www.bilibili.com/video/BV1NwxHzQEQ3,陕北民歌采风系列展播（一）走进榆林市绥德县    陕北民歌《信天游》  演唱：薛长文,长安音乐影视工作坊,bilibili:456839907,20251004.0,80.596,西北部高原,Northwest Plateau,NWP,Han,陕西,绥德,county,110.389683,37.514116,汉,,信天游,信天游,信天游,field,,S58b16dba,,A2,title: 陕北民歌采风系列展播 走进榆林市绥德县 演唱：[singer],,traditional,,0.0,True,,1115,4
BV1MWvSePEMs,2,bilibili,https://www.bilibili.com/video/BV1MWvSePEMs,国家级非遗：丹麻花儿会,bili_74107708741,bilibili:3546734712064016,20240731.0,254.908,西北部高原,Northwest Plateau,NWP,Han,青海,互助 丹麻,county,102.158079,36.84265,土,,未名花儿-丹麻花儿会,未名花儿丹麻花儿会,花儿,field,,,,B,title: 国家级非遗：丹麻花儿会,,traditional,,0.04,True,,1116,3
BV1VL4y137La,2,bilibili,https://www.bilibili.com/video/BV1VL4y137La,陕北民歌《赶牲灵》 白明理 陕北（清涧）道情传承人,千_江,bilibili:38682099,20220227.0,196.52,西北部高原,Northwest Plateau,NWP,Han,陕西,清涧,county,110.282097,37.180796,汉,,赶牲灵,赶牲灵,信天游,原生态,白明理,S79551f98,"国家级: 陕北道情 (2018, 05-2513)",A1,https://www.ihchina.cn/art/representative.html?keywords=白明理 — ihchina: 陕西省清涧县人; title: 白明理 陕北（清涧）道情传承人,,traditional,,0.0,True,,1073,2
BV1JZ4y1N7xS,2,bilibili,https://www.bilibili.com/video/BV1JZ4y1N7xS,左权民歌传承代表人刘改鱼演唱歌曲,晋韵风华,bilibili:631495442,20200908.0,136.532,西北部高原,Northwest Plateau,NWP,Han,山西,左权,county,113.469312,37.02506,汉,,左权民歌（刘改鱼）,左权民歌#BV1JZ4y1N7xS,开花调,原生态,刘改鱼,S1510ad24,"国家级: 左权开花调 (2009, 03-0803)",A1,https://www.ihchina.cn/art/representative.html?keywords=刘改鱼 — ihchina: 山西省左权县人; title: 左权民歌传承代表人刘改鱼演唱歌曲,,check,,0.0714285714285714,True,,1091,1
BV1mU4y1v7Ew,2,bilibili,https://www.bilibili.com/video/BV1mU4y1v7Ew,《陕北民歌》神木市非物质文化传承人：孙志宽,卉桥梦,bilibili:17342978,20220729.0,225.152,西北部高原,Northwest Plateau,NWP,Han,陕西,神木,county,110.326696,38.822458,汉,,陕北民歌（孙志宽）,陕北民歌#BV1mU4y1v7Ew,信天游,原生态,,S51a95737,神木市级: 陕北民歌 (per title),A2,title: 《陕北民歌》神木市非物质文化传承人：[singer],,check,,0.1304347826086956,True,,1119,3
BV1yXdtYiEeX,2,bilibili,https://www.bilibili.com/video/BV1yXdtYiEeX,老爷山花儿会四位非遗代表性传承人即兴创作，“广大网友见面了 尕心里高兴着笑了”,西海都市报官方,bilibili:1406275346,20250409.0,54.52,西北部高原,Northwest Plateau,NWP,Han,青海,大通 老爷山,county,101.459081,37.131876,回/土/汉,,花儿即兴（老爷山花儿会）,花儿即兴,花儿,field,,S0584fbe2,,B,title: 老爷山花儿会[singer]即兴创作 (西海都市报),,traditional,,0.0,True,,1120,2
BV1qz421h7oR,2,bilibili,https://www.bilibili.com/video/BV1qz421h7oR,宁夏固原山花儿 | 撒丽娜、马小明：尕妹妹弹的是口琴子,Suddha,bilibili:5729421,20240613.0,181.57,西北部高原,Northwest Plateau,NWP,Han,宁夏,固原,prefecture,106.186077,35.918037,回,,尕妹妹弹的是口琴子,尕妹妹弹的是口琴子,山花儿,原生态,,S023cb885,,B,title: 宁夏固原山花儿 | [singer]、[singer],,traditional,,0.0,True,,1010,1
BV1pzHFzGEZi,2,bilibili,https://www.bilibili.com/video/BV1pzHFzGEZi,从江侗族大歌《鼓楼大歌》 自录,艾马拉橡皮擦,bilibili:225531999,20250928.0,205.966,西南多民族古老原始文化民歌区,Southwest Multi-ethnic,SWM,minority,贵州,黔东南 从江 小黄,county,108.722995,25.713287,侗,,鼓楼大歌,鼓楼大歌#BV1pzHFzGEZi,侗族大歌,field,,S8b271bb2,,B,description: 来自贵州从江小黄侗寨的侗族女子; self-recorded,,traditional,,0.0476190476190476,True,,867,4
BV1Fv411T7k3,2,bilibili,https://www.bilibili.com/video/BV1Fv411T7k3,【93.906分】2010年全国青年歌手电视大奖赛原生态唱法半决赛 贵州从江小黄村侗族歌队《酒桌大歌》,我才是美味基老,bilibili:549429574,20210810.0,334.32,西南多民族古老原始文化民歌区,Southwest Multi-ethnic,SWM,minority,贵州,黔东南 从江 小黄村,county,108.722995,25.713287,侗,,酒桌大歌,酒桌大歌#BV1Fv411T7k3,侗族大歌,原生态,,Sd870b795,,B,title: 2010 CCTV青歌赛原生态唱法 贵州[singer],,traditional,,0.2424242424242424,True,,0,0
BV1nFtUzREGb,2,bilibili,https://www.bilibili.com/video/BV1nFtUzREGb,柳州 - 程阳八寨 侗族大歌（松鼠歌）,金标生抽,bilibili:13313077,20250808.0,106.338,西南多民族古老原始文化民歌区,Southwest Multi-ethnic,SWM,minority,广西,柳州 三江 程阳八寨 岩寨,county,109.502287,25.74196,侗,,松鼠歌,松鼠歌,侗族大歌,field,,,,B,"description: 2025年8月于柳州程阳八寨岩寨 (field, some talking)",,traditional,,0.6363636363636364,True,,1124,3
BV1Df4y1K7de,2,bilibili,https://www.bilibili.com/video/BV1Df4y1K7de,01 侗族儿歌《筑塘歌》,侗人音像馆,bilibili:452343389,20211127.0,70.402,西南多民族古老原始文化民歌区,Southwest Multi-ethnic,SWM,minority,贵州,黔东南,prefecture,108.560041,26.50434,侗,,筑塘歌,筑塘歌,侗族儿歌,原生态,,,,C,title only,,traditional,,0.0,True,,1125,2
BV1HyXpBKEo1,2,bilibili,https://www.bilibili.com/video/BV1HyXpBKEo1,《布谷催春》是一首流行于黔东南地区的侗族大歌，是侗歌多声部合唱的代表作,动静贵州,bilibili:67209631,20260326.0,126.734,西南多民族古老原始文化民歌区,Southwest Multi-ethnic,SWM,minority,贵州,黔东南,prefecture,108.560041,26.50434,侗,,布谷催春,布谷催春,侗族大歌,原生态,,,,C,动静贵州 (Guizhou media); title only,,traditional,,0.0,True,,1126,2
BV1WK411T7fX,2,bilibili,https://www.bilibili.com/video/BV1WK411T7fX,侗族琵琶歌——三江侗族自治县林溪镇高友村,从非遗名录上看三江,bilibili:431889328,20200814.0,107.1,西南多民族古老原始文化民歌区,Southwest Multi-ethnic,SWM,minority,广西,柳州 三江 林溪镇 高友村,county,109.502287,25.74196,侗,,侗族琵琶歌,侗族琵琶歌,琵琶歌,原生态,,,,B,title: 三江侗族自治县林溪镇高友村,,traditional,,0.0,True,,1127,2
BV1odgD6AEMw,2,bilibili,https://www.bilibili.com/video/BV1odgD6AEMw,国家级非遗侗族琵琶歌经典曲目《草莓带刺不敢去沾边》，温柔弹唱的侗族琵琶情歌，展现侗族青年青涩腼腆的相思心绪。,山歌村来美,bilibili:3706973723823051,20260723.0,121.472,西南多民族古老原始文化民歌区,Southwest Multi-ethnic,SWM,minority,贵州,黔东南,prefecture,108.560041,26.50434,侗,,草莓带刺不敢去沾边,草莓带刺不敢去沾边,琵琶歌,原生态,,,,C,title: 国家级非遗侗族琵琶歌 (project only),,traditional,,0.0,True,,1128,1
BV19ngN68Ew6,2,bilibili,https://www.bilibili.com/video/BV19ngN68Ew6,音乐人类学-田野影像志（第十期）苗族飞歌,大头钉_Has,bilibili:93629572,20260814.0,106.333,西南多民族古老原始文化民歌区,Southwest Multi-ethnic,SWM,minority,贵州,黔东南 剑河,county,108.668206,26.650559,苗,,苗族飞歌（剑河）,苗族飞歌,飞歌,field,,S7d41c379,省级: 苗族飞歌 (per description),A2,"description: 田野影像志; 主人公 苗族飞歌省级非遗传承人 张晓梅; 田野地点 剑河县, 2026-08",,traditional,,0.0909090909090909,True,,1129,1
BV1AV4y137Au,2,bilibili,https://www.bilibili.com/video/BV1AV4y137Au,（决赛）剑河县苗族飞歌《革东飞歌》 1,好名字都在哪里,bilibili:431670321,20221102.0,242.694,西南多民族古老原始文化民歌区,Southwest Multi-ethnic,SWM,minority,贵州,黔东南 剑河,county,108.668206,26.650559,苗,,革东飞歌,革东飞歌,飞歌,原生态,,,,B,title: 剑河县 苗族飞歌 决赛 (county contest),,traditional,,0.0,True,,952,1
BV1NLGuz7E7F,2,bilibili,https://www.bilibili.com/video/BV1NLGuz7E7F,国家级苗族古歌非遗传承人张洪珍,周末掠影,bilibili:491223250,20250710.0,288.767,西南多民族古老原始文化民歌区,Southwest Multi-ethnic,SWM,minority,贵州,黔东南 台江,county,108.302641,26.639027,苗,,苗族古歌,苗族古歌,古歌,原生态,张洪珍,S3f6e9959,国家级: 苗族古歌,A1,"https://www.ihchina.cn/art/representative.html?keywords=张洪珍 (id 29841, 贵州省台江县)",,traditional,,0.5862068965517241,True,,1131,1
BV1Yc1pY6E2M,2,bilibili,https://www.bilibili.com/video/BV1Yc1pY6E2M,【云南少数民族音乐】彝族 红河地区尼苏支系 海菜腔·白话（花点儿腔） 石屏县龙棚镇,倒霉的K,bilibili:110625551,20241026.0,94.968,西南多民族古老原始文化民歌区,Southwest Multi-ethnic,SWM,minority,云南,红河 石屏 龙棚镇,county,102.446462,23.73971,彝,尼苏,海菜腔·白话（花点儿腔）,海菜腔白话,海菜腔,field,,,,B,description: 音频和乐谱来自《云南民族复调音乐研究》; locality 石屏县龙棚镇 in title,,traditional,,0.0,True,,849,4
BV1S5AeeGEnU,2,bilibili,https://www.bilibili.com/video/BV1S5AeeGEnU,【云南少数民族音乐】哈尼族 哧玛•吾处阿茨（大声唱/栽秧山歌）红河县阿扎河乡普春村,倒霉的K,bilibili:110625551,20250218.0,114.755,西南多民族古老原始文化民歌区,Southwest Multi-ethnic,SWM,minority,云南,红河 红河县 阿扎河乡 普春村,county,102.235013,23.244348,哈尼,,吾处阿茨（栽秧山歌）,吾处阿茨,多声部民歌,field,,,,B,title: 红河县阿扎河乡普春村,,traditional,,0.0,True,,849,4
BV1z6dmYjEm9,2,bilibili,https://www.bilibili.com/video/BV1z6dmYjEm9,【云南少数民族音乐】傈僳族 摆时摆 原碧江县,倒霉的K,bilibili:110625551,20250411.0,51.826,西南多民族古老原始文化民歌区,Southwest Multi-ethnic,SWM,minority,云南,怒江 原碧江县,prefecture,98.868904,26.962444,傈僳,,摆时摆,摆时摆,摆时,field,,,,B,title: 原碧江县,,traditional,,0.2,True,,849,4
BV1Nx4y1C7TL,2,bilibili,https://www.bilibili.com/video/BV1Nx4y1C7TL,【云南少数民族音乐】怒族民歌,倒霉的K,bilibili:110625551,20240225.0,176.426,西南多民族古老原始文化民歌区,Southwest Multi-ethnic,SWM,minority,云南,怒江,prefecture,98.868904,26.962444,怒,,怒族民歌,怒族民歌#BV1Nx4y1C7TL,民歌,field,,,,C,title only (same research-recording series),,traditional,,0.0,True,,849,4
BV1dg41177is,2,bilibili,https://www.bilibili.com/video/BV1dg41177is,2006年全国青年歌手电视大奖赛原生态唱法金奖 李怀秀 李怀福《思念调》,我才是美味基老,bilibili:549429574,20210804.0,182.333,西南多民族古老原始文化民歌区,Southwest Multi-ethnic,SWM,minority,云南,红河 石屏,county,102.446462,23.73971,彝,花腰,思念调,思念调,海菜腔,原生态,,S8715a85c,,A2,named 石屏 花腰彝 singers; 2006 CCTV青歌赛原生态唱法金奖,,traditional,,0.0,True,,0,0
BV15V411Q7Jw,2,bilibili,https://www.bilibili.com/video/BV15V411Q7Jw,"海菜腔 李怀秀,李怀福",風見白容,bilibili:2106835433,20240122.0,232.152,西南多民族古老原始文化民歌区,Southwest Multi-ethnic,SWM,minority,云南,红河 石屏,county,102.446462,23.73971,彝,花腰,海菜腔,海菜腔,海菜腔,原生态,,S8715a85c,,A2,named 石屏 singers (as above),,traditional,,0.0,True,,0,0
BV1Sz4y1w7Vj,2,bilibili,https://www.bilibili.com/video/BV1Sz4y1w7Vj,红河切龙中寨哈尼多声民歌完整版,鄉村之眼,bilibili:385186701,20231115.0,233.258,西南多民族古老原始文化民歌区,Southwest Multi-ethnic,SWM,minority,云南,红河 切龙中寨,county,102.235013,23.244348,哈尼,,哈尼多声民歌（切龙中寨）,哈尼多声民歌#BV1Sz4y1w7Vj,多声部民歌,field,,,,B,title: 红河切龙中寨,,traditional,,0.0869565217391304,True,,1138,2
BV1au4y1g7A7,2,bilibili,https://www.bilibili.com/video/BV1au4y1g7A7,红河非遗《哈尼族多声部民歌》,安然红河秀,bilibili:480433747,20231205.0,227.924,西南多民族古老原始文化民歌区,Southwest Multi-ethnic,SWM,minority,云南,红河,county,102.235013,23.244348,哈尼,,哈尼族多声部民歌,哈尼族多声部民歌,多声部民歌,原生态,,,,C,title: 红河非遗,,traditional,,0.0,True,,1139,3
BV1qV41177De,2,bilibili,https://www.bilibili.com/video/BV1qV41177De,哈尼族民歌《栽秧情歌》吴志明等唱,陈立明导演,bilibili:703091173,20210428.0,224.533,西南多民族古老原始文化民歌区,Southwest Multi-ethnic,SWM,minority,云南,红河,county,102.235013,23.244348,哈尼,,栽秧情歌,栽秧情歌#BV1qV41177De,民歌,原生态,,S05d41c7b,,C,"title names singers, no locality",,traditional,,0.0,True,,0,0
BV14p4y1L7G6,2,bilibili,https://www.bilibili.com/video/BV14p4y1L7G6,云南傈僳族《摆时歌》,cleargirl90,bilibili:119730836,20230905.0,146.943,西南多民族古老原始文化民歌区,Southwest Multi-ethnic,SWM,minority,云南,怒江,prefecture,98.868904,26.962444,傈僳,,摆时歌,摆时歌,摆时,原生态,,Sa6d653a0,,C,description: 2004 CCTV西部民歌电视大赛,,traditional,,0.0,True,,1141,4
BV1T5411Y7Xi,2,bilibili,https://www.bilibili.com/video/BV1T5411Y7Xi,云南山歌博物馆【粗糠调略】玉溪市新平县彝族山歌,本山的文化馆,bilibili:241361310,20200626.0,163.235,西南多民族古老原始文化民歌区,Southwest Multi-ethnic,SWM,minority,云南,玉溪 新平,county,101.7329,24.023079,彝,,粗糠调略,粗糠调略,山歌,原生态,,,,C,title: 玉溪市新平县彝族山歌 (from commercial local disc),,traditional,,0.0,True,,1142,3
BV1kv411B7Lx,2,bilibili,https://www.bilibili.com/video/BV1kv411B7Lx,云南山歌博物馆【我如克合爹】玉溪市新平县彝族山歌,本山的文化馆,bilibili:241361310,20200626.0,145.82,西南多民族古老原始文化民歌区,Southwest Multi-ethnic,SWM,minority,云南,玉溪 新平,county,101.7329,24.023079,彝,,我如克合爹,我如克合爹,山歌,原生态,,,,C,title: 玉溪市新平县彝族山歌 (local disc),,traditional,,0.0,True,,1142,3
BV1Bb41137mv,2,bilibili,https://www.bilibili.com/video/BV1Bb41137mv,《阿色调》 —— 云南楚雄阿乖佬彝歌队 —— 2010青歌决赛,Nightson_Blaze,bilibili:17760555,20190422.0,225.621,西南多民族古老原始文化民歌区,Southwest Multi-ethnic,SWM,minority,云南,楚雄,county,101.321931,24.874184,彝,,阿色调,阿色调,山歌,原生态,,S64a48a6a,,B,"title: 云南[singer], 2010 青歌赛",,traditional,,0.0434782608695652,True,,1144,4
BV1Dc411d7rY,2,bilibili,https://www.bilibili.com/video/BV1Dc411d7rY,【彝汉字幕】凉山彝族哭嫁歌 | ꀉꂿꅩꌺ：阿嫫尼惹（妈妈的女儿）,Suddha,bilibili:5729421,20231103.0,155.797,西南多民族古老原始文化民歌区,Southwest Multi-ethnic,SWM,minority,四川,凉山,prefecture,102.08054,27.889541,彝,,阿嫫尼惹（哭嫁歌）,阿嫫尼惹,哭嫁歌,原生态,,,,C,title only,,traditional,,0.0,True,,1010,1
BV16z42197wc,2,bilibili,https://www.bilibili.com/video/BV16z42197wc,遵义本土濒危语言，平正仡佬语民歌,玉山钦粟,bilibili:179525668,20240219.0,60.139,西南多民族古老原始文化民歌区,Southwest Multi-ethnic,SWM,minority,贵州,遵义 播州 平正仡佬族乡,county,106.815625,27.507382,仡佬,,平正仡佬语民歌,平正仡佬语民歌,民歌,field,,S1ed6410b,,A2,description: uploader visited [singer] in 平正仡佬族乡 and recorded his song,,traditional,,0.0,True,,1146,3
BV1WSeq6PEoV,2,bilibili,https://www.bilibili.com/video/BV1WSeq6PEoV,国家级非遗仡佬族民歌经典曲目《薅草锣鼓》,山歌村来美,bilibili:3706973723823051,20260925.0,46.975,西南多民族古老原始文化民歌区,Southwest Multi-ethnic,SWM,minority,贵州,,province,106.880455,26.826368,仡佬,,薅草锣鼓（仡佬族）,薅草锣鼓,薅草锣鼓,原生态,,,,C,title: 国家级非遗仡佬族民歌,,traditional,,0.2,True,,1128,1
BV1J1g56NEuy,2,bilibili,https://www.bilibili.com/video/BV1J1g56NEuy,国家级非遗旭早（水族双歌）经典曲目《睢借端》,山歌村来美,bilibili:3706973723823051,20260814.0,221.056,西南多民族古老原始文化民歌区,Southwest Multi-ethnic,SWM,minority,贵州,黔南 三都,county,107.950017,25.846399,水,,睢借端,睢借端,水族双歌,原生态,,,,C,title: 国家级非遗 旭早（水族双歌）,,traditional,,0.0454545454545454,True,,1128,1
BV1Gbbf68EoH,2,bilibili,https://www.bilibili.com/video/BV1Gbbf68EoH,国家级非遗旭早（水族双歌）经典曲目《勉睢单娅》,山歌村来美,bilibili:3706973723823051,20260823.0,185.386,西南多民族古老原始文化民歌区,Southwest Multi-ethnic,SWM,minority,贵州,黔南 三都,county,107.950017,25.846399,水,,勉睢单娅,勉睢单娅,水族双歌,原生态,,,,C,title: 国家级非遗 旭早（水族双歌）,,traditional,,0.0526315789473684,True,,1128,1
BV1Pv411r7q6,2,bilibili,https://www.bilibili.com/video/BV1Pv411r7q6,中国原生态民歌-布依族民歌-丰收连妹歌,陈立明导演,bilibili:703091173,20201101.0,84.885,西南多民族古老原始文化民歌区,Southwest Multi-ethnic,SWM,minority,贵州,黔南,prefecture,107.254401,26.014436,布依,,丰收连妹歌,丰收连妹歌,民歌,原生态,,,,B,description: 来自贵州省黔南州的布依族民间艺术家唱,,check,,0.0,True,,0,0
BV1gj411i763,2,bilibili,https://www.bilibili.com/video/BV1gj411i763,纳西族民歌《谷气》,一起看英剧和韩综吧,bilibili:247077995,20231025.0,214.412,西南多民族古老原始文化民歌区,Southwest Multi-ethnic,SWM,minority,云南,丽江,prefecture,100.524919,26.939309,纳西,,谷气,谷气,谷气,原生态,,,,C,title only,,traditional,,0.0952380952380952,True,,1151,1
BV1JbEDz3EiS,2,bilibili,https://www.bilibili.com/video/BV1JbEDz3EiS,和金花、达坡玛吉:纳西非遗民歌《哦姆达》#被遗忘的纳西族声音#云南#非遗,纳西在逃盼金妹,bilibili:3546873430280638,20250519.0,196.422,西南多民族古老原始文化民歌区,Southwest Multi-ethnic,SWM,minority,云南,丽江,prefecture,100.524919,26.939309,纳西,,哦姆达,哦姆达,民歌,原生态,,S75367b95,,C,title names singers,,traditional,,0.0,True,,1152,2
BV1B4421Q7Po,2,bilibili,https://www.bilibili.com/video/BV1B4421Q7Po,非物质文化遗产专场演出05-丽江纳西族婚歌，嫁女调。,大饼脸憨憨猫,bilibili:315143080,20240616.0,153.483,西南多民族古老原始文化民歌区,Southwest Multi-ethnic,SWM,minority,云南,丽江,prefecture,100.524919,26.939309,纳西,,嫁女调（纳西族婚歌）,嫁女调,婚歌,原生态,,,,B,title: 非物质文化遗产专场演出 丽江纳西族婚歌,,traditional,,0.8,True,,1153,2
BV1CWxMeSEUg,2,bilibili,https://www.bilibili.com/video/BV1CWxMeSEUg,入乡随俗，沧源佤族传统民歌《薅秧歌》,黎小甜小甜,bilibili:37922992,20240928.0,243.669,西南多民族古老原始文化民歌区,Southwest Multi-ethnic,SWM,minority,云南,临沧 沧源,county,99.263543,23.269841,佤,,薅秧歌（佤族）,薅秧歌,劳动歌,原生态,,,,B,title: 沧源佤族传统民歌,,traditional,,0.0,True,,1154,4
BV1JY411s7yE,2,bilibili,https://www.bilibili.com/video/BV1JY411s7yE,沧源职校-佤族歌曲梳头调,跪下有酒,bilibili:172952838,20211201.0,105.322,西南多民族古老原始文化民歌区,Southwest Multi-ethnic,SWM,minority,云南,临沧 沧源,county,99.263543,23.269841,佤,,梳头调,梳头调,民歌,原生态,,S8d1020b1,,B,title/description: 沧源职校 (county vocational school),,traditional,,0.0,True,,1155,3
BV1WQHCeCE3T,2,bilibili,https://www.bilibili.com/video/BV1WQHCeCE3T,拉祜族律动1-打猎调 表演者老达保村民,密西西比黑手,bilibili:89212523,20240902.0,110.201,西南多民族古老原始文化民歌区,Southwest Multi-ethnic,SWM,minority,云南,普洱 澜沧 老达保村,county,99.975786,22.662293,拉祜,,打猎调,打猎调,民歌,field,,Sf34997f4,,B,title: 表演者[singer],,traditional,,0.0,True,,1156,1
BV1PP411d7HP,2,bilibili,https://www.bilibili.com/video/BV1PP411d7HP,云南澜沧拉祜族自治县民族艺术家《拉祜四季调》,林肯爵士乐上海中心,bilibili:514132488,20230517.0,484.735,西南多民族古老原始文化民歌区,Southwest Multi-ethnic,SWM,minority,云南,普洱 澜沧,county,99.975786,22.662293,拉祜,,拉祜四季调,拉祜四季调,民歌,原生态,,S5b3d52ec,,B,title: 云南[singer],,traditional,,0.25,True,,1157,2
BV1Y9UsY9Em3,2,bilibili,https://www.bilibili.com/video/BV1Y9UsY9Em3,《黄月亮》云南山歌，普洱拉祜族民歌,一般的马鬃蛇,bilibili:85907878,20241118.0,66.686,西南多民族古老原始文化民歌区,Southwest Multi-ethnic,SWM,minority,云南,普洱,prefecture,100.722321,23.188037,拉祜,,黄月亮,黄月亮,民歌,原生态,,,,C,title only,,traditional,,0.0,True,,1158,1
BV1zi4y1a7Uz,2,bilibili,https://www.bilibili.com/video/BV1zi4y1a7Uz,基诺族民歌,三观正素质高,bilibili:102311376,20231218.0,273.834,西南多民族古老原始文化民歌区,Southwest Multi-ethnic,SWM,minority,云南,西双版纳,prefecture,100.94391,21.930146,基诺,,基诺族民歌,基诺族民歌#BV1zi4y1a7Uz,民歌,原生态,,,,C,title only,,traditional,,0.2962962962962963,True,,1159,2
BV1Vy4y1s7iN,2,bilibili,https://www.bilibili.com/video/BV1Vy4y1s7iN,傣族赞哈,婻木诺娜,bilibili:500397991,20210501.0,181.579,西南多民族古老原始文化民歌区,Southwest Multi-ethnic,SWM,minority,云南,西双版纳,prefecture,100.94391,21.930146,傣,,赞哈,赞哈,赞哈,原生态,,,,C,title only,,traditional,,0.0,True,,1160,1
BV1fe411E7N1,2,bilibili,https://www.bilibili.com/video/BV1fe411E7N1,怒族达比亚弹唱《亚勒甲勒哦得得》，“在记忆中抱紧”人口较少民族口头传统典藏计划之云南省试点工作成果展演（国图20240125）,啄木鸟9999,bilibili:485682254,20240128.0,155.818,西南多民族古老原始文化民歌区,Southwest Multi-ethnic,SWM,minority,云南,怒江,prefecture,98.868904,26.962444,怒,,亚勒甲勒哦得得,亚勒甲勒哦得得,哦得得,原生态,,,,B,title: 人口较少民族口头传统典藏计划之云南省试点工作成果展演 (国图 2024-01-25),,traditional,,0.0,True,,1161,1
BV1J24y157Vg,2,bilibili,https://www.bilibili.com/video/BV1J24y157Vg,【原版MV】普米族民歌《热巴拉》|父亲给女儿的嘱托是最温柔的抒情诗|普米文化传习小组|云南怒江兰坪,安啾jio,bilibili:1887056284,20230405.0,194.558,西南多民族古老原始文化民歌区,Southwest Multi-ethnic,SWM,minority,云南,怒江 兰坪,county,99.258253,26.626382,普米,,热巴拉,热巴拉,民歌,原生态,,S8c1202a5,,B,title: 云南怒江兰坪 [singer],,traditional,,0.0,True,,1162,2
BV1Bs4y1F7Q1,2,bilibili,https://www.bilibili.com/video/BV1Bs4y1F7Q1,【民族歌曲】白族拉玛人民歌“开益”|云南怒江兰坪|2023普米情人节|余音绕梁三日不绝,安啾jio,bilibili:1887056284,20230703.0,288.255,西南多民族古老原始文化民歌区,Southwest Multi-ethnic,SWM,minority,云南,怒江 兰坪,county,99.258253,26.626382,白,拉玛人,开益,开益,民歌,原生态,,,,B,title: 云南怒江兰坪 2023普米情人节,,traditional,,0.0,True,,1162,2
BV1ug4y1g73p,2,bilibili,https://www.bilibili.com/video/BV1ug4y1g73p,【原生态】你可能没听过的双音部山歌，云南文山壮族《黑衣山歌》,bili_禽兽2013,bilibili:1149952979,20230402.0,282.061,西南多民族古老原始文化民歌区,Southwest Multi-ethnic,SWM,minority,云南,文山,county,104.083844,23.394664,壮,,黑衣山歌,黑衣山歌#BV1ug4y1g73p,山歌,field,,,,B,"description: 云南文山 local festival singers, two-part",,traditional,,0.2857142857142857,True,,1164,4
BV1yN411k74H,2,bilibili,https://www.bilibili.com/video/BV1yN411k74H,广西大化壮族民歌 对歌,广西的林子阳,bilibili:1966965305,20230610.0,69.46,西南多民族古老原始文化民歌区,Southwest Multi-ethnic,SWM,minority,广西,河池 大化/都安,county,108.113081,24.166077,壮,,大化壮族对歌,大化壮族对歌#BV1yN411k74H,山歌,原生态,,,,B,description: 广西大化的女士与广西都安的歌王对歌,,traditional,,0.4285714285714285,True,,1165,3
BV1te4y1m7cZ,2,bilibili,https://www.bilibili.com/video/BV1te4y1m7cZ,人文|那坡壮族民歌《一路唱歌一路来》,珠行漫记,bilibili:280482242,20221017.0,172.095,西南多民族古老原始文化民歌区,Southwest Multi-ethnic,SWM,minority,广西,百色 那坡,county,105.826792,23.241804,壮,,一路唱歌一路来,一路唱歌一路来,那坡山歌,原生态,,,,B,title: 那坡壮族民歌,,traditional,,0.0,True,,1166,2
BV1EE411x71b,2,bilibili,https://www.bilibili.com/video/BV1EE411x71b,田东嘹歌发祥地，《贼歌》古壮字幕版，非遗项目原汁原味山歌,红豆微视,bilibili:492551648,20200305.0,44.29,西南多民族古老原始文化民歌区,Southwest Multi-ethnic,SWM,minority,广西,百色 田东,county,107.183711,23.609382,壮,,贼歌（嘹歌）,贼歌,嘹歌,原生态,,,,B,title: 田东嘹歌发祥地,,traditional,,0.0,True,,1167,4
BV1Nb4y1g7GD,2,bilibili,https://www.bilibili.com/video/BV1Nb4y1g7GD,壮族三声部民歌,Ravida,bilibili:3493290420733975,20231110.0,199.412,西南多民族古老原始文化民歌区,Southwest Multi-ethnic,SWM,minority,广西,南宁 马山,county,108.163385,23.658632,壮,,壮族三声部民歌,壮族三声部民歌,三声部民歌,原生态,,,,C,title only (repost),,traditional,,0.0,True,,1168,2
BV1ktK9zsE4Y,2,bilibili,https://www.bilibili.com/video/BV1ktK9zsE4Y,仫佬族古歌展示《走歌坡》,广西罗城县文化馆,bilibili:488879535,20250626.0,373.284,西南多民族古老原始文化民歌区,Southwest Multi-ethnic,SWM,minority,广西,河池 罗城,county,108.819003,24.897775,仫佬,,走歌坡,走歌坡,古歌,原生态,,,,B,channel: 广西罗城[singer],,traditional,,0.027027027027027,True,,1169,4
BV1B8411S74T,2,bilibili,https://www.bilibili.com/video/BV1B8411S74T,来富川总要听听蝴蝶歌吧～平安边界共建活动现场《流水欢歌迎客来》,广西富川县民族艺术团,bilibili:535511253,20230720.0,158.452,西南多民族古老原始文化民歌区,Southwest Multi-ethnic,SWM,minority,广西,贺州 富川,county,111.303926,24.885589,瑶,,流水欢歌迎客来,流水欢歌迎客来,蝴蝶歌,原生态,,S1eeca6ce,,B,"channel: 富川县民族艺术团; 蝴蝶歌 national ICH (欧玉梅, 富川)",,check,,0.0,True,,1170,2
BV1Qf421B7Wk,2,bilibili,https://www.bilibili.com/video/BV1Qf421B7Wk,热不热？【88.667分】2010年CCTV全国青年歌手电视大奖赛原生态唱法半决赛 蝴蝶歌组合《迎客歌》（瑶族蝴蝶歌）,我才是美味基老,bilibili:549429574,20240626.0,331.952,西南多民族古老原始文化民歌区,Southwest Multi-ethnic,SWM,minority,广西,贺州 富川,county,111.303926,24.885589,瑶,,迎客歌（蝴蝶歌）,迎客歌,蝴蝶歌,原生态,,Se95ec71b,,C,2010 青歌赛原生态唱法,,traditional,,0.4242424242424242,True,,0,0
BV1MLSbYFEmN,2,bilibili,https://www.bilibili.com/video/BV1MLSbYFEmN,川江号子-非遗版你听过吗？已故川江号子传承人：陈邦贵！,marcohard,bilibili:695146689,20241029.0,326.611,西南高原,Southwest Plateau,SWP,Han,重庆,长江 川江,province,107.8839,30.067297,汉,,川江号子,川江号子#BV1MLSbYFEmN,号子,原生态,,S315b66e6,（title: 已故川江号子传承人）,A2,title names [singer] as 川江号子传承人 (Chongqing boatman); not on national list (ihchina national inheritor is 曹光裕),,traditional,,0.3636363636363636,True,,1172,0
BV1PyhheAEF9,2,bilibili,https://www.bilibili.com/video/BV1PyhheAEF9,“南溪号子”——号子一声穿越武陵千年，土家放歌再唱时代,重庆市非遗保护中心,bilibili:3546373127408471,20240705.0,326.426,西南高原,Southwest Plateau,SWP,Han,重庆,黔江,prefecture,108.708597,29.435532,土家/汉,,南溪号子,南溪号子#BV1PyhheAEF9,号子,原生态,,,,B,重庆市非遗保护中心: 南溪号子 源自重庆市黔江区,,traditional,,0.1515151515151515,True,,1173,3
BV1PkhheeECC,2,bilibili,https://www.bilibili.com/video/BV1PkhheeECC,“龙骨坡抬工号子”——号子一吼响三峡，抬工放歌龙骨坡,重庆市非遗保护中心,bilibili:3546373127408471,20240705.0,355.683,西南高原,Southwest Plateau,SWP,Han,重庆,巫山 庙宇镇,prefecture,109.901246,31.115189,汉,,龙骨坡抬工号子,龙骨坡抬工号子,号子,原生态,,,,B,重庆市非遗保护中心: 源于重庆市巫山县庙宇镇,,traditional,,0.5,False,speech,1173,3
BV11ybaePEfu,2,bilibili,https://www.bilibili.com/video/BV11ybaePEfu,“石柱土家啰儿调”——吼一声来啰儿调，唱的鸟语山花俏,重庆市非遗保护中心,bilibili:3546373127408471,20240716.0,321.642,西南高原,Southwest Plateau,SWP,Han,重庆,石柱,prefecture,108.298494,30.093676,土家/汉,,石柱土家啰儿调,石柱土家啰儿调,啰儿调,原生态,,,,B,"重庆市非遗保护中心: 石柱土家啰儿调 (national ICH, 石柱县)",,traditional,,0.375,False,speech,1173,3
BV1ezbSehEXf,2,bilibili,https://www.bilibili.com/video/BV1ezbSehEXf,“酉阳民歌”——木叶吹奏天籁音，大地飞歌山水情,重庆市非遗保护中心,bilibili:3546373127408471,20240715.0,294.939,西南高原,Southwest Plateau,SWP,Han,重庆,酉阳,prefecture,108.800321,28.89987,土家/汉,,酉阳民歌,酉阳民歌#BV1ezbSehEXf,民歌,原生态,,,,B,重庆市非遗保护中心: 酉阳民歌 (national ICH),,traditional,,0.6551724137931034,False,speech,1173,3
BV1ai4y1b7Nb,2,bilibili,https://www.bilibili.com/video/BV1ai4y1b7Nb,重庆·石柱 土家啰儿调,我的家乡是石柱,bilibili:56551435,20200330.0,414.6,西南高原,Southwest Plateau,SWP,Han,重庆,石柱,prefecture,108.298494,30.093676,土家/汉,,土家啰儿调（石柱）,土家啰儿调,啰儿调,原生态,,,,B,channel 我的家乡是石柱; title 重庆·石柱 土家啰儿调,,traditional,,0.0975609756097561,True,,1177,0
BV1MxYo6tEaT,2,bilibili,https://www.bilibili.com/video/BV1MxYo6tEaT,14 站在山坡看太阳#石柱土家啰儿调@山歌万里,时光漫步86408466,bilibili:694389252,20260912.0,276.1,西南高原,Southwest Plateau,SWP,Han,重庆,石柱,prefecture,108.298494,30.093676,土家/汉,,站在山坡看太阳,站在山坡看太阳,啰儿调,原生态,,,,C,title: 石柱土家啰儿调 (山歌万里 concert),,check,,0.0,True,,1178,4
BV13z4y197nT,2,bilibili,https://www.bilibili.com/video/BV13z4y197nT,国家级非物质文化遗产《巴山背二歌》,巴中市文化馆,bilibili:430081312,20200526.0,444.437,西南高原,Southwest Plateau,SWP,Han,四川,巴中,prefecture,107.041958,32.016794,汉,,巴山背二歌,巴山背二歌,背二歌,原生态,,,,B,channel 巴中市文化馆 (city cultural centre),,traditional,,0.3409090909090909,True,,1179,3
BV1Aa4y1Q7aC,2,bilibili,https://www.bilibili.com/video/BV1Aa4y1Q7aC,巴山背二歌,xiaoqiliao,bilibili:324860351,20231106.0,219.846,西南高原,Southwest Plateau,SWP,Han,四川,巴中,prefecture,107.041958,32.016794,汉,,巴山背二歌,巴山背二歌,背二歌,原生态,,,,C,title only,,traditional,,0.3181818181818182,True,,1180,1
BV1pu4y1J7Cg,2,bilibili,https://www.bilibili.com/video/BV1pu4y1J7Cg,南溪号子九道拐,xiaoqiliao,bilibili:324860351,20231102.0,263.252,西南高原,Southwest Plateau,SWP,Han,重庆,黔江,prefecture,108.708597,29.435532,土家/汉,,南溪号子·九道拐,南溪号子九道拐,号子,原生态,,,,C,title only,,traditional,,0.0,True,,1180,1
BV1wc411o7uy,2,bilibili,https://www.bilibili.com/video/BV1wc411o7uy,梁平抬儿调,xiaoqiliao,bilibili:324860351,20231102.0,295.21,西南高原,Southwest Plateau,SWP,Han,重庆,梁平,prefecture,107.719234,30.658344,汉,,梁平抬儿调,梁平抬儿调,号子,原生态,,,,C,title only,,traditional,,0.1333333333333333,True,,1180,1
BV1Mz4y1K71u,2,bilibili,https://www.bilibili.com/video/BV1Mz4y1K71u,抬石号子,xiaoqiliao,bilibili:324860351,20231106.0,258.345,西南高原,Southwest Plateau,SWP,Han,重庆/四川,,province,107.8839,30.067297,汉,,抬石号子,抬石号子#BV1Mz4y1K71u,号子,原生态,,,,C,title only,,traditional,,0.0769230769230769,True,,1180,1
BV1VAa4eBEQS,2,bilibili,https://www.bilibili.com/video/BV1VAa4eBEQS,秀山花灯《上灯台》,爱面码还是爱真白,bilibili:330358006,20240711.0,393.418,西南高原,Southwest Plateau,SWP,Han,重庆,秀山,prefecture,109.018121,28.491722,土家/汉,,上灯台,上灯台,花灯,原生态,,,,C,title: 秀山花灯,,traditional,,0.0,True,,1184,4
BV1gt4y1k7rc,2,bilibili,https://www.bilibili.com/video/BV1gt4y1k7rc,《好久不走这方来》（姚安花灯调）　演唱：袁留安　省艺校花灯科乐队伴奏,舒佬玩味,bilibili:1900181882,20201213.0,131.981,西南高原,Southwest Plateau,SWP,Han,云南,楚雄 姚安,county,101.321931,24.874184,汉,,好久不走这方来,好久不走这方来,花灯调,原生态,,Sa6859805,,C,"title: 姚安花灯调, 演唱 [singer] (云南花灯 artist, collector of 弥渡山歌); locality of singer not verified",,traditional,,0.0,True,,1185,0
BV1qC4y1Q7Uu,2,bilibili,https://www.bilibili.com/video/BV1qC4y1Q7Uu,毛云刚《溜溜调》 (第一季#中国茶歌会  战队集结分组赛),中国茶歌会,bilibili:3546569727019803,20231218.0,118.328,西南高原,Southwest Plateau,SWP,Han,四川,甘孜 康定,county,101.747501,29.958079,汉/藏,,溜溜调,溜溜调,溜溜调,原生态,,Sf631ebfc,（described as 非遗传承人 in 龚琳娜 collaboration video BV1ox4y1o7wg）,A2,named 康定 溜溜调 singer; 中国茶歌会 performance,,traditional,,0.0,True,,1186,3
BV1Ef4y1W7if,2,bilibili,https://www.bilibili.com/video/BV1Ef4y1W7if,四川民歌《康定溜溜调》泽旺阿姆&amp;格绒格西唱,陈立明导演,bilibili:703091173,20210506.0,152.682,西南高原,Southwest Plateau,SWP,Han,四川,甘孜 康定,county,101.747501,29.958079,藏,,康定溜溜调,康定溜溜调,溜溜调,原生态,,Se2c13503,,C,title only,,traditional,,0.0,True,,0,0
BV1Kr4y1M76R,2,bilibili,https://www.bilibili.com/video/BV1Kr4y1M76R,赤水市级非物质文化遗产——薅秧歌,大美赤水多彩非遗,bilibili:628895797,20210115.0,365.247,西南高原,Southwest Plateau,SWP,Han,贵州,遵义 赤水,county,105.916744,28.487671,汉,,薅秧歌（赤水）,薅秧歌,薅秧歌,原生态,,,,B,description: 视频版权归赤水市文化馆; 赤水市级非遗,,traditional,,0.081081081081081,True,,1188,1
BV1s5rPB9Enn,2,bilibili,https://www.bilibili.com/video/BV1s5rPB9Enn,【广元旺苍】四川非遗木门薅秧歌欣赏~ ②,非遗里的华夏丨四川,bilibili:3632315469138315,20260109.0,46.718,西南高原,Southwest Plateau,SWP,Han,四川,广元 旺苍 木门,county,106.396062,32.367191,汉,,木门薅秧歌,木门薅秧歌,薅秧歌,原生态,,,,B,title: 广元旺苍 四川非遗木门薅秧歌,,traditional,,0.0,True,,1189,4
BV1U441177v2,2,bilibili,https://www.bilibili.com/video/BV1U441177v2,原生态！贵州土家族山歌《这山没得那山高》歌手：黄旭,frankleee,bilibili:85682956,20190518.0,194.405,西南高原,Southwest Plateau,SWP,Han,贵州,铜仁 沿河,county,108.33803,28.619745,土家,,这山没得那山高,这山没得那山高,山歌,民族唱法,,S7f243c58,,A2,description: [singer] 出生于贵州省沿河土家族自治县 (trained 民族唱法),,check,,0.0,True,,1190,4
BV1kSPTe4Etc,2,bilibili,https://www.bilibili.com/video/BV1kSPTe4Etc,东北二人转，贵州花灯戏。在贵州有名的“花灯之乡”许家坝，看省级非遗文化花灯戏传承人，展示源自唐朝的跳花灯技艺。,村TV,bilibili:3546781396765372,20250222.0,107.288,西南高原,Southwest Plateau,SWP,Han,贵州,铜仁 思南 许家坝,county,108.143482,27.844119,汉/土家,,思南花灯,思南花灯,花灯,原生态,,Saedc778f,省级: 思南花灯戏 (per description),A2,"村TV: 花灯之乡许家坝, 省级非遗花灯戏传承人 [singer]",,traditional,,0.0,True,,1191,0
BV1C541137Bs,2,bilibili,https://www.bilibili.com/video/BV1C541137Bs,云南山歌博物馆【过山调】云南 滇西山歌,本山的文化馆,bilibili:241361310,20210515.0,297.329,西南高原,Southwest Plateau,SWP,Han,云南,大理/临沧 (滇西),county,100.210651,25.742713,汉,,过山调,过山调,山歌,原生态,,,,C,title/description: 滇西山歌 (local disc),,traditional,,0.0,True,,1142,3
BV1jJ411x7tY,2,bilibili,https://www.bilibili.com/video/BV1jJ411x7tY,《劳动号子》-自贡盐场号子传承人罗立章、程金声惊艳亮相，为盐工号子“带盐”,广东卫视,bilibili:75871361,20191224.0,157.202,西南高原,Southwest Plateau,SWP,Han,四川,自贡,prefecture,104.685446,29.28421,汉,,自贡盐场号子,自贡盐场号子#BV1jJ411x7tY,号子,原生态,,S73a06790,（title: 自贡盐场号子传承人）,A2,title: 自贡盐场号子传承人[singer]、[singer] (广东卫视《劳动号子》),,traditional,,0.6875,True,,622,4
BV16pULBYEB7,2,bilibili,https://www.bilibili.com/video/BV16pULBYEB7,四川南坪民歌《十二花将》｜白树保｜如此质朴，如此动人,葛覃曦,bilibili:22749722,20251121.0,192.261,西南高原,Southwest Plateau,SWP,Han,四川,阿坝 九寨沟(南坪),county,103.926618,33.311923,汉,,十二花将,十二花将,南坪曲子,原生态,,S068644d7,,A2,description: 南坪曲子 (九寨沟县) 老师 [singer],,traditional,,0.0,True,,1194,0
BV15p411o7Nn,2,bilibili,https://www.bilibili.com/video/BV15p411o7Nn,建水小调—月上东门楼,非甜亦真,bilibili:11143402,20180521.0,139.797,西南高原,Southwest Plateau,SWP,Han,云南,红河 建水,county,102.883021,23.677184,汉,,月上东门楼,月上东门楼,建水小调,原生态,,,,C,title: 建水小调,,traditional,,0.0,True,,1195,3
BV1VK8sznEHT,2,bilibili,https://www.bilibili.com/video/BV1VK8sznEHT,重庆山歌《对歌》教唱：喻良华（重庆山歌传承人）,长安音乐影视工作坊,bilibili:456839907,20250726.0,72.066,西南高原,Southwest Plateau,SWP,Han,重庆,巴南 木洞,prefecture,106.751731,29.371851,汉,,对歌（木洞山歌）,对歌#BV1VK8sznEHT,山歌,原生态,喻良华,S9fa337ee,国家级: 木洞山歌,A1,"https://www.ihchina.cn/art/representative.html?keywords=喻良华 (id 963, 重庆市巴南区)",,traditional,,0.1428571428571428,True,,1115,4
BV1Fq4y1f72k,2,bilibili,https://www.bilibili.com/video/BV1Fq4y1f72k,木洞山歌-杨明东，秦萩玥,bili_37420687810,bilibili:1539318439,20210909.0,81.965,西南高原,Southwest Plateau,SWP,Han,重庆,巴南 木洞,prefecture,106.751731,29.371851,汉,,木洞山歌,木洞山歌#BV1Fq4y1f72k,山歌,原生态,,S60c5b0ae,,A2,[singer] = 木洞山歌传承人 (第1眼新闻 BV19v411a7Qr title),,traditional,,0.0,True,,1197,1
BV1nv411w7Zk,2,bilibili,https://www.bilibili.com/video/BV1nv411w7Zk,木洞山歌《禾籁之声》,bili_37420687810,bilibili:1539318439,20210909.0,147.701,西南高原,Southwest Plateau,SWP,Han,重庆,巴南 木洞,prefecture,106.751731,29.371851,汉,,禾籁之声,禾籁之声,山歌,原生态,,,,C,title: 木洞山歌,,check,,0.0,True,,1197,1
BV1aU4y1c7ag,2,bilibili,https://www.bilibili.com/video/BV1aU4y1c7ag,木洞山歌表演唱《唱山歌》,馆哥Vlog,bilibili:632220202,20210929.0,535.765,西南高原,Southwest Plateau,SWP,Han,重庆,巴南,prefecture,106.751731,29.371851,汉,,唱山歌（木洞山歌表演唱）,唱山歌#BV1aU4y1c7ag,山歌,原生态,,S21596411,,B,channel 馆哥Vlog = [singer] (慕课 series),,check,,0.0,True,,1199,2
BV1ySVozpELS,2,bilibili,https://www.bilibili.com/video/BV1ySVozpELS,宣威山歌毛家超,云南山歌电视剧,bilibili:1984780919,20250510.0,60.0,西南高原,Southwest Plateau,SWP,Han,云南,曲靖 宣威,county,104.145497,26.269802,汉,,宣威山歌,宣威山歌#BV1ySVozpELS,云南山歌,原生态,,S34a3c145,,A2,title: 宣威山歌 [singer],,traditional,,0.0,True,,1200,4
BV1cq4y117iP,2,bilibili,https://www.bilibili.com/video/BV1cq4y117iP,【云南山歌】山歌映过九层坡 李顺洪-黄敬飞,以言顶朕,bilibili:100482689,20220116.0,591.76,西南高原,Southwest Plateau,SWP,Han,云南,,province,101.485106,25.008643,汉,,山歌映过九层坡,山歌映过九层坡,云南山歌,原生态,,Sdb28271e,,C,title only (commercial 云南山歌 disc),,traditional,,0.0,True,,1201,1
BV1Tq4y1f77S,2,bilibili,https://www.bilibili.com/video/BV1Tq4y1f77S,年纪小的保证没听过！原来重庆还有这种山歌,第1眼新闻,bilibili:1390829728,20210910.0,559.253,西南高原,Southwest Plateau,SWP,Han,重庆,黔江—酉阳,prefecture,108.708597,29.435532,汉/土家,,盐客调,盐客调,山歌,原生态,,,,B,第1眼新闻 (Chongqing TV): 背盐客 盐客调 黔江到酉阳,,traditional,,0.2608695652173913,True,,1202,3
BV1cc411V7F5,2,bilibili,https://www.bilibili.com/video/BV1cc411V7F5,四川民歌《打夯歌》,音乐送达者,bilibili:1857941586,20230601.0,104.349,西南高原,Southwest Plateau,SWP,Han,四川,,province,102.693453,30.674545,汉,,打夯歌,打夯歌,号子,原生态,,,,C,title only,,traditional,,0.0,True,,1203,1
AcwiJmaKTEg,2,youtube,https://www.youtube.com/watch?v=AcwiJmaKTEg,一首貴州農村情歌，郎在對門把水挑，越聽越好聽【貴州李俊】,Guizhou Li Jun,youtube:UCIpR_GNxBBpJ9AjqAUVNYAw,20181228.0,242.0,西南高原,Southwest Plateau,SWP,Han,贵州,,province,106.880455,26.826368,汉,,郎在对门把水挑,郎在对门把水挑,山歌,原生态,,Sbd3940c3,,C,channel [singer] (rural Guizhou singer); no county,,check,,0.0,True,,1204,0
BV1vv421i7Ln,2,bilibili,https://www.bilibili.com/video/BV1vv421i7Ln,《巫咸技忆》——巫溪五句子山歌,账号已注销,bilibili:3493265630300388,20240205.0,84.863,西南高原,Southwest Plateau,SWP,Han,重庆,巫溪,prefecture,109.35337,31.503107,汉,,巫溪五句子山歌,巫溪五句子山歌,山歌,原生态,,,,B,title: 巫咸技忆 巫溪五句子山歌,,traditional,,0.0,True,,1205,0
BV13g411z7qb,2,bilibili,https://www.bilibili.com/video/BV13g411z7qb,屯堡人山歌,闲游细耍,bilibili:387186347,20221108.0,50.944,西南高原,Southwest Plateau,SWP,Han,贵州,安顺 屯堡,prefecture,105.952866,25.993386,汉,屯堡,屯堡人山歌,屯堡人山歌#BV13g411z7qb,山歌,原生态,,,,C,title only,,traditional,,0.4,True,,1206,0
BV12vhW6sEgc,2,bilibili,https://www.bilibili.com/video/BV12vhW6sEgc,省级非遗屯堡山歌《天大地大父母大》,山歌村来美,bilibili:3706973723823051,20260929.0,125.397,西南高原,Southwest Plateau,SWP,Han,贵州,安顺 屯堡,prefecture,105.952866,25.993386,汉,屯堡,天大地大父母大,天大地大父母大,山歌,原生态,,,,C,title: 省级非遗屯堡山歌,,traditional,,0.0,True,,1128,1
BV1SthW6FEDG,2,bilibili,https://www.bilibili.com/video/BV1SthW6FEDG,省级非遗屯堡山歌《相爱不怕隔千里》,山歌村来美,bilibili:3706973723823051,20260930.0,107.667,西南高原,Southwest Plateau,SWP,Han,贵州,安顺 屯堡,prefecture,105.952866,25.993386,汉,屯堡,相爱不怕隔千里,相爱不怕隔千里,山歌,原生态,,,,C,title: 省级非遗屯堡山歌,,traditional,,0.0,True,,1128,1
BV1AqXrB9EgR,2,bilibili,https://www.bilibili.com/video/BV1AqXrB9EgR,屯堡文化传承-安顺唱书,胡勇-屯堡唱书,bilibili:3706960817949143,20260331.0,457.666,西南高原,Southwest Plateau,SWP,Han,贵州,安顺,prefecture,105.952866,25.993386,汉,屯堡,安顺唱书,安顺唱书,唱书,原生态,,Scc266afc,,B,channel [singer]-屯堡唱书; title 屯堡文化传承-安顺唱书,,traditional,,0.6739130434782609,False,speech,1209,1
BV1T5kwYhECy,2,bilibili,https://www.bilibili.com/video/BV1T5kwYhECy,【百部川扬】乡村里的非遗——西岭山歌,账号已注销,bilibili:524277165,20241218.0,90.093,西南高原,Southwest Plateau,SWP,Han,四川,成都 大邑 西岭,county,103.364446,30.61507,汉,,西岭山歌,西岭山歌#BV1T5kwYhECy,山歌,原生态,,,,B,title: 【百部川扬】乡村里的非遗——西岭山歌,,traditional,,0.0,True,,1210,3
BV1vYDDB8EnR,2,bilibili,https://www.bilibili.com/video/BV1vYDDB8EnR,《山魂传响》西岭山歌纪实短片,山魂传响_西岭山歌,bilibili:3706969540004331,20260412.0,153.089,西南高原,Southwest Plateau,SWP,Han,四川,成都 大邑 西岭,county,103.364446,30.61507,汉,,西岭山歌,西岭山歌#BV1vYDDB8EnR,山歌,原生态,,,,B,channel 山魂传响_西岭山歌 纪实短片,,traditional,,0.0666666666666666,True,,1211,1
BV1LLpuePEPo,2,bilibili,https://www.bilibili.com/video/BV1LLpuePEPo,[建水小调]岀门调MV,YJXX0001,bilibili:672522490,20240905.0,157.802,西南高原,Southwest Plateau,SWP,Han,云南,红河 建水,county,102.883021,23.677184,汉,,出门调,出门调,建水小调,原生态,,,,C,title: 建水小调 MV,,check,,0.0,True,,1212,4
BV1HB4y127Sj,2,bilibili,https://www.bilibili.com/video/BV1HB4y127Sj,川江号子大家唱~乐一乐！（领唱曹光裕）,89736842594_bili,bilibili:429142519,20220505.0,108.993,西南高原,Southwest Plateau,SWP,Han,重庆,川江,province,107.8839,30.067297,汉,,川江号子（曹光裕领唱）,川江号子#BV1HB4y127Sj,号子,原生态,曹光裕,S7681e68a,国家级: 川江号子,A1,"https://www.ihchina.cn/art/representative.html?keywords=曹光裕 (id 1083, 重庆市)",,traditional,,0.5454545454545454,True,,1213,2
BV1Ta4y1x78b,2,bilibili,https://www.bilibili.com/video/BV1Ta4y1x78b,《船到码头把金酱酒喝》演唱/曹光裕团队,bili_85462765430,bilibili:626770515,20201122.0,306.773,西南高原,Southwest Plateau,SWP,Han,重庆,川江,province,107.8839,30.067297,汉,,船到码头把酒喝,船到码头把酒喝,号子,原生态,,Sd1a9e11f,国家级: 川江号子 (曹光裕),A2,"https://www.ihchina.cn/art/representative.html?keywords=曹光裕 (id 1083, 重庆市)",,check,,0.0967741935483871,True,,1214,4
BV1WK411f7ZP,2,bilibili,https://www.bilibili.com/video/BV1WK411f7ZP,【非遗 啰儿调】寻音·石柱 Time Polishes Luoer Melody,下下liri,bilibili:453124230,20220909.0,340.607,西南高原,Southwest Plateau,SWP,Han,重庆,石柱,prefecture,108.298494,30.093676,土家/汉,,石柱啰儿调（寻音）,石柱啰儿调,啰儿调,原生态,,,,B,title: 寻音·石柱 (on-site feature in 石柱),,traditional,,0.4705882352941176,False,speech,1215,1
aHmPfSDSgNk,2,youtube,https://www.youtube.com/watch?v=aHmPfSDSgNk,Sichuan folk music 78rpm Side A,William Gibson,youtube:UCvKU0t20wlfRGWckjGIOY2Q,20131008.0,183.0,西南高原,Southwest Plateau,SWP,Han,四川,,province,102.693453,30.674545,汉,,Sichuan folk music (78rpm side A),sichuanfolkmusic,民歌,other,,,,C,title only; historical 78rpm disc,,check,,0.0,True,,1216,3
BV1CYat6KEDn,2,bilibili,https://www.bilibili.com/video/BV1CYat6KEDn,对门黄草坡,不器76,bilibili:1475182049,20260927.0,313.637,西南高原,Southwest Plateau,SWP,Han,四川,川北,province,102.693453,30.674545,汉,,对门黄草坡,对门黄草坡,山歌,原生态,,,,C,uploader also posts 川北民间山歌; title only,,traditional,,0.0,True,,1217,1
BV18h4y1S78d,2,bilibili,https://www.bilibili.com/video/BV18h4y1S78d,瑞昌急板山歌《织绫罗》,赣鄱声像档案馆,bilibili:433829145,20230814.0,134.35,赣,Gan,GAN,Han,江西,九江瑞昌,county,115.453558,29.624196,汉,,织绫罗,织绫罗,急板山歌,field,,,,B,Uploaded by 赣鄱声像档案馆 (Jiangxi audiovisual archive channel); title: 瑞昌急板山歌《织绫罗》,,traditional,,0.3076923076923077,True,,1218,4
BV1Ao4y137yB,2,bilibili,https://www.bilibili.com/video/BV1Ao4y137yB,九江山歌《情姐门口一口塘》,赣鄱声像档案馆,bilibili:433829145,20230530.0,61.624,赣,Gan,GAN,Han,江西,九江,prefecture,115.458122,29.320395,汉,,情姐门口一口塘,情姐门口一口塘,山歌,field,,,,B,赣鄱声像档案馆; description: 采录者为武汉音乐学院青年教师向清全 (field-collected),,traditional,,0.0,True,,1218,4
BV18z4y1N78h,2,bilibili,https://www.bilibili.com/video/BV18z4y1N78h,兴国山歌《趣味斗歌》,赣鄱声像档案馆,bilibili:433829145,20231103.0,166.44,赣,Gan,GAN,Han,江西,赣州兴国,county,115.439495,26.419303,汉,客家,趣味斗歌,趣味斗歌,山歌,原生态,,,,B,赣鄱声像档案馆 archive; title: 兴国山歌《趣味斗歌》 (national ICH 兴国山歌),,traditional,,0.0,True,,1218,4
BV1qN411673T,2,bilibili,https://www.bilibili.com/video/BV1qN411673T,武宁打鼓歌,赣鄱声像档案馆,bilibili:433829145,20230614.0,130.542,赣,Gan,GAN,Han,江西,九江武宁,county,115.016025,29.257816,汉,,武宁打鼓歌,武宁打鼓歌,打鼓歌(薅草锣鼓),field,,,,B,赣鄱声像档案馆 archive; 武宁打鼓歌 is national ICH,,traditional,,0.0,True,,1218,4
BV12Y4y1x7ch,2,bilibili,https://www.bilibili.com/video/BV12Y4y1x7ch,九江市非物质文化遗产代表性项目展播——九江山歌,账号已注销,bilibili:1076036589,20220611.0,75.812,赣,Gan,GAN,Han,江西,九江,prefecture,115.458122,29.320395,汉,,九江山歌,九江山歌#BV12Y4y1x7ch,山歌,原生态,,,,B,九江市非物质文化遗产代表性项目展播 (official municipal ICH showcase series),,traditional,,0.625,False,speech,1222,2
BV1vF411G7vR,2,bilibili,https://www.bilibili.com/video/BV1vF411G7vR,九江市非物质文化遗产代表性项目展播——永修吴城排工号子,账号已注销,bilibili:1076036589,20220603.0,88.002,赣,Gan,GAN,Han,江西,九江永修吴城,county,115.736928,29.131943,汉,,吴城排工号子,吴城排工号子#BV1vF411G7vR,号子,原生态,,,,B,九江市非遗代表性项目展播 — 永修吴城排工号子; description explains 扎排/捞排号子,,traditional,,0.7777777777777778,False,speech,1222,2
BV13h4y197vS,2,bilibili,https://www.bilibili.com/video/BV13h4y197vS,非说九江 | 浔遗·寄——九江市非物质文化遗产韵集之武宁打鼓歌,账号已注销,bilibili:1076036589,20230619.0,260.341,赣,Gan,GAN,Han,江西,九江武宁,county,115.016025,29.257816,汉,,武宁打鼓歌,武宁打鼓歌,打鼓歌(薅草锣鼓),原生态,,,,B,"九江市非遗 gala《浔遗·寄》, item 武宁打鼓歌 (description cites its history)",,traditional,,0.0,True,,1222,2
BV144Vd6uErb,2,bilibili,https://www.bilibili.com/video/BV144Vd6uErb,这是最早的原汁原味版本 1957年江西民歌手李续珍演唱《打支山歌过横排》（江西省赣州市兴国县民歌）,思的虔诚,bilibili:319779039,20260601.0,64.433,赣,Gan,GAN,Han,江西,赣州兴国,county,115.439495,26.419303,汉,客家,打支山歌过横排,打支山歌过横排,山歌,原生态,,S60875f54,,A2,Title: 1957年江西民歌手[singer]演唱 (江西省赣州市兴国县民歌),,traditional,,0.0,True,,280,3
BV1U94y1c7qw,2,bilibili,https://www.bilibili.com/video/BV1U94y1c7qw,1964年乐西馨演唱《采茶忙》（江西景德镇民歌；江西省歌舞团民乐队伴奏）,思的虔诚,bilibili:319779039,20231220.0,86.655,赣,Gan,GAN,Han,江西,景德镇,prefecture,117.27529,29.305934,汉,,采茶忙,采茶忙,茶歌,民族唱法,,S1252cd52,,C,Title: 1964年[singer]演唱《采茶忙》（江西景德镇民歌；江西省歌舞团民乐队伴奏）,,check,,0.0,True,,280,3
BV1EB4y1V7qU,2,bilibili,https://www.bilibili.com/video/BV1EB4y1V7qU,徽语婺源话-浙源小调,新e界,bilibili:1826918024,20220819.0,63.249,赣,Gan,GAN,Han,江西,上饶婺源浙源,county,117.780025,29.321716,汉,,浙源小调,浙源小调#BV1EB4y1V7qU,小调,field,,,,B,From 中国语言资源保护工程 (zhongguoyuyan.cn) recording of 婺源浙源 speaker,,traditional,,0.0,True,,1227,2
BV1PjYNzXEWp,2,bilibili,https://www.bilibili.com/video/BV1PjYNzXEWp,婺源民歌《十二月采茶》#“婺里花开”杯婺源十大民间歌手评选#山歌回响,账号已注销,bilibili:1979870495,20250909.0,55.774,赣,Gan,GAN,Han,江西,上饶婺源,county,117.780025,29.321716,汉,,十二月采茶,十二月采茶,采茶歌,原生态,,,,B,Title: 婺源民歌《十二月采茶》 at “婺里花开”杯婺源十大民间歌手评选 (county folk-singer contest),,traditional,,0.0,True,,1228,2
BV1roLxzPEY8,2,bilibili,https://www.bilibili.com/video/BV1roLxzPEY8,鄱湖渔歌,山清__,bilibili:3493282069874937,20250423.0,304.855,赣,Gan,GAN,Han,江西,鄱阳湖,county,116.784741,29.2389,汉,,鄱湖渔歌,鄱湖渔歌#BV1roLxzPEY8,渔歌,other,,,,C,Title only: 鄱湖渔歌,,check,,0.0,True,,1229,0
BV1xG411s752,2,bilibili,https://www.bilibili.com/video/BV1xG411s752,江西瑞金民歌,客家昌歌,bilibili:390771428,20220709.0,473.035,赣,Gan,GAN,Han,江西,赣州瑞金,county,115.979264,25.916274,汉,客家,瑞金民歌,瑞金民歌#BV1xG411s752,山歌,原生态,,,,C,Title only: 江西瑞金民歌,,traditional,,0.0,True,,1230,2
BV1D34y1i7bL,2,bilibili,https://www.bilibili.com/video/BV1D34y1i7bL,兴国山歌省级传承人给兴国山歌艺术节献艺,什么都不是的网名,bilibili:1219544977,20220120.0,119.419,赣,Gan,GAN,Han,江西,赣州兴国,county,115.439495,26.419303,汉,客家,兴国山歌,兴国山歌#BV1D34y1i7bL,山歌,原生态,,,省级传承人 (unnamed in title),B,Title: 兴国山歌省级传承人给兴国山歌艺术节献艺 (兴国山歌 festival),,traditional,,0.0,True,,1231,0
BV1im411S7Tx,2,bilibili,https://www.bilibili.com/video/BV1im411S7Tx,寻“非”探年系列短视频（三）——兴国山歌,NNU树洞同学的实践纪录,bilibili:3546631746095868,20240219.0,258.437,赣,Gan,GAN,Han,江西,赣州兴国,county,115.439495,26.419303,汉,客家,兴国山歌(擂台),兴国山歌#BV1im411S7Tx,山歌,field,,,,B,Description: 兴国山歌艺术节擂台挑战赛 filmed by NNU student fieldwork team,,traditional,,0.5384615384615384,False,speech,1232,4
BV1LX4y1s7Vh,2,bilibili,https://www.bilibili.com/video/BV1LX4y1s7Vh,江西省贵溪市划龙舟专属民谣十寿歌,卡猫不卡,bilibili:43180736,20230623.0,198.251,赣,Gan,GAN,Han,江西,鹰潭贵溪,county,117.190736,28.186009,汉,,十寿歌,十寿歌,龙舟歌,原生态,,,,C,Title: 江西省贵溪市划龙舟专属民谣十寿歌 (Douyin repost),,traditional,,0.05,True,,1233,3
BV1XaZBYmE3n,2,bilibili,https://www.bilibili.com/video/BV1XaZBYmE3n,萍乡莲花民歌《哦嗬歌》上央视啦！,萍乡文旅,bilibili:1957390933,20250330.0,72.321,赣,Gan,GAN,Han,江西,萍乡莲花,county,113.954063,27.216714,汉,,哦嗬歌,哦嗬歌,山歌,原生态,,,,B,萍乡文旅 (official): 萍乡莲花民歌《哦嗬歌》,,traditional,,0.0,True,,1234,0
BV1nBaq69E7S,2,bilibili,https://www.bilibili.com/video/BV1nBaq69E7S,吴文婷送郎调江西,民歌吾爱,bilibili:3493270661367899,20260929.0,286.282,赣,Gan,GAN,Han,江西,赣南,province,115.732975,27.636112,汉,客家,送郎调,送郎调,采茶调,民族唱法,,Saa31b42a,,C,Title only,,traditional,,0.0,True,,1235,2
BV1yK7mzvEFV,2,bilibili,https://www.bilibili.com/video/BV1yK7mzvEFV,原汁原味 1980年代李宝春&amp;张宇俊演唱《斑鸠调》（赣南采茶戏传统曲牌；赣南采茶戏剧团乐队 伴奏）,思的虔诚,bilibili:319779039,20250602.0,105.888,赣,Gan,GAN,Han,江西,赣州,prefecture,115.279217,25.710043,汉,客家,斑鸠调,斑鸠调,采茶调,other,,Sb710eb3b,,C,"Title: 1980年代 [singer]&[singer] (赣南采茶戏剧团) 斑鸠调, 赣南采茶戏传统曲牌",,traditional,,0.0,True,,280,3
BV1W54y1e7Ce,2,bilibili,https://www.bilibili.com/video/BV1W54y1e7Ce,民歌经典：赣南民间小调《斑鸠调》,那些年代,bilibili:162567632,20200822.0,175.426,赣,Gan,GAN,Han,江西,赣南,province,115.732975,27.636112,汉,客家,斑鸠调,斑鸠调,小调,other,,,,C,Title only: 民歌经典：赣南民间小调《斑鸠调》,,traditional,,0.0,True,,1237,4
BV1ZDj5zaEeJ,2,bilibili,https://www.bilibili.com/video/BV1ZDj5zaEeJ,抚州赣语、抚州话文小调,江西老表在东北,bilibili:491002421,20250526.0,423.624,赣,Gan,GAN,Han,江西,抚州,prefecture,116.439325,27.509083,汉,,抚州话文小调,抚州话文小调#BV1ZDj5zaEeJ,小调,原生态,,,,C,Title: 抚州赣语、抚州话文小调,,check,,0.0476190476190476,True,,1238,0
BV1as411e7A4,2,bilibili,https://www.bilibili.com/video/BV1as411e7A4,客家传统民谣-送郎调十送红军原曲,捣蛋1,bilibili:9448440,20161217.0,290.866,赣,Gan,GAN,Han,江西,赣南,province,115.732975,27.636112,汉,客家,送郎调,送郎调,山歌,other,,,,C,Title: 客家传统民谣-送郎调(十送红军原曲),,traditional,,0.0,True,,1239,3
t5A1wlMGSFU,2,youtube,https://www.youtube.com/watch?v=t5A1wlMGSFU,兴国山歌,chao2020 xiao,youtube:UC4DmFo_sAGMNoTx82pxUd8w,20241126.0,139.0,赣,Gan,GAN,Han,江西,赣州兴国,county,115.439495,26.419303,汉,客家,兴国山歌,兴国山歌#t5A1wlMGSFU,山歌,other,,,,C,YouTube title only: 兴国山歌,,traditional,,0.0714285714285714,True,,1240,2
22PQqVwUEn4,2,youtube,https://www.youtube.com/watch?v=22PQqVwUEn4,古老九江山歌,何若兮,youtube:UC-uwerL64cPyC97q4cft4wg,20221125.0,110.0,赣,Gan,GAN,Han,江西,九江,prefecture,115.458122,29.320395,汉,,古老九江山歌,古老九江山歌#22PQqVwUEn4,山歌,原生态,,,,C,YouTube title: 古老九江山歌,,traditional,,0.8181818181818182,True,,1241,4
4XfOrwVVY40,2,youtube,https://www.youtube.com/watch?v=4XfOrwVVY40,Jiujiang The folk songs of Jiujiang boast rich and varied vocal ranges,Poetic Jiujiang,youtube:UCnX3E52m0gxITcOiZcbbu5g,20251017.0,60.0,赣,Gan,GAN,Han,江西,九江,prefecture,115.458122,29.320395,汉,,九江山歌,九江山歌#4XfOrwVVY40,山歌,原生态,,,,B,YouTube channel Poetic Jiujiang (九江 city promotion): “The folk songs of Jiujiang…”,,traditional,,1.0,False,speech,1242,4
BV1Hf4y117GJ,2,bilibili,https://www.bilibili.com/video/BV1Hf4y117GJ,谢德明演唱兴国经典山歌《苏区干部好作风》，超好听！,客家山歌视频,bilibili:523208680,20200627.0,124.671,赣,Gan,GAN,Han,江西,赣州兴国,county,115.439495,26.419303,汉,,苏区干部好作风,苏区干部好作风,山歌,原生态,,Sdd6e0ad8,,C,title: [singer]演唱兴国经典山歌; singer is a 兴国山歌 performer but no independent locality/inheritor citation found (ihchina lists 徐盛久/王善良/郭德京 only),,check,,0.0,True,,1243,4
BV1eP4y1274A,2,bilibili,https://www.bilibili.com/video/BV1eP4y1274A,江西民歌《打支山歌过横排》《苏区干部好作风》完整版，赶紧收藏,蓉沼荷紫,bilibili:1749644524,20221109.0,138.506,赣,Gan,GAN,Han,江西,赣州兴国,county,115.439495,26.419303,汉,,打支山歌过横排,打支山歌过横排,山歌,原生态,,,,C,"title/genre only (江西民歌, 兴国山歌 songs)",,check,,0.0,True,,1244,3
BV1TfBoY5EXh,2,bilibili,https://www.bilibili.com/video/BV1TfBoY5EXh,江西兴国山歌《列宁学校办起来》,火星炮,bilibili:3546383357315842,20241128.0,134.822,赣,Gan,GAN,Han,江西,赣州兴国,county,115.439495,26.419303,汉,,列宁学校办起来,列宁学校办起来,山歌,other,,,,C,title: 江西兴国山歌; description: 江西苏区红色儿歌,,check,,0.0,True,,1245,0
BV1sb411d7uJ,2,bilibili,https://www.bilibili.com/video/BV1sb411d7uJ,江西老区民谣《湖塘塌塌岭》  人民对方志敏的歌颂（江西人可能都没有听过！）,心宇-xinyu,bilibili:91288726,20230318.0,78.343,赣,Gan,GAN,Han,江西,赣东北,province,115.732975,27.636112,汉,,湖塘塌塌岭,湖塘塌塌岭,小调,other,,,,C,"title: 江西老区民谣, 方志敏 (赣东北苏区) subject",,check,,0.375,True,,1246,2
BV1Eb4y1z7gX,2,bilibili,https://www.bilibili.com/video/BV1Eb4y1z7gX,赣南采茶调《对花》,信丰县民间艺术团,bilibili:513409014,20210805.0,353.466,赣,Gan,GAN,Han,江西,赣州信丰,county,114.975481,25.280707,汉,,对花,对花,采茶调,other,,,,B,"uploaded by 信丰县民间艺术团 (county folk troupe, 赣州信丰)",,traditional,,0.0,True,,1247,0
FVB_Xt5WMhw,2,youtube,https://www.youtube.com/watch?v=FVB_Xt5WMhw,溫士凱帶路-江西客家山歌采風,Ean Chen,youtube:UCOZpkc9q8q0N33HGSxQFhAg,20170928.0,166.0,赣,Gan,GAN,Han,江西,赣南,province,115.732975,27.636112,汉,,江西客家山歌 (采风),江西客家山歌#FVB_Xt5WMhw,山歌,field,,,,C,title: 江西客家山歌采風 (Taiwan Hakka travel programme); no county stated,,check,,0.3529411764705882,False,speech,1248,3
4R8c_dYyJoU,2,youtube,https://www.youtube.com/watch?v=4R8c_dYyJoU,江西赣南的客家山歌，好听么？赣州是客家人的主要聚居地之一，因此被誉为“客家文化的摇篮”。#客家文化馆 #客家山歌 #客家人,客家文化馆,youtube:UCDqcdkFLBlvSik6QHlEMrpQ,20240617.0,74.0,赣,Gan,GAN,Han,江西,赣州,prefecture,115.279217,25.710043,汉,,赣南客家山歌,赣南客家山歌#4R8c_dYyJoU,山歌,原生态,,,,C,title: 江西赣南的客家山歌,,check,,0.0,True,,1249,0
BV1XE411k7Eu,2,bilibili,https://www.bilibili.com/video/BV1XE411k7Eu,抚州非遗曲艺——道情《打白哇》,男人不需要直觉,bilibili:221681333,20191019.0,444.629,赣,Gan,GAN,Han,江西,抚州,prefecture,116.439325,27.509083,汉,,打白哇,打白哇,道情,other,,,,C,title: 抚州非遗曲艺——道情,,check,,0.0909090909090909,True,,1250,2
yj7ef7CXU1k,2,youtube,https://www.youtube.com/watch?v=yj7ef7CXU1k,石碇相褒歌 105手捾茶籗hâ半腰-周高鳳,相褒歌,youtube:UC02gMSUQlDPn_1JlBCTZqsQ,20210418.0,58.0,闽台,Min–Tai,MT,Han,台湾,新北石碇,province,120.971485,23.749452,汉,闽南,手捾茶籗hâ半腰（石碇相褒歌）,手捾茶籗hâ半腰,褒歌,原生态,,S4ed15c1e,,A2,Channel 相褒歌 documents named 石碇/坪林 elders; title names singer and 石碇,,traditional,,0.1666666666666666,True,,1251,3
scSdm0532g8,2,youtube,https://www.youtube.com/watch?v=scSdm0532g8,石碇相褒歌 107稻仔大欉草著so-王秀華,相褒歌,youtube:UC02gMSUQlDPn_1JlBCTZqsQ,20210418.0,59.0,闽台,Min–Tai,MT,Han,台湾,新北石碇,province,120.971485,23.749452,汉,闽南,稻仔大欉草著so（石碇相褒歌）,稻仔大欉草著so,褒歌,原生态,,Se3803623,,A2,Channel 相褒歌; title names singer and 石碇,,traditional,,0.3333333333333333,True,,1251,3
HUtaMBKPe8k,2,youtube,https://www.youtube.com/watch?v=HUtaMBKPe8k,平溪相褒歌  30後郊一欉相思篰（胡吳蜜1999）,相褒歌,youtube:UC02gMSUQlDPn_1JlBCTZqsQ,20140205.0,131.0,闽台,Min–Tai,MT,Han,台湾,新北平溪,province,120.971485,23.749452,汉,闽南,後郊一欉相思篰（平溪相褒歌）,後郊一欉相思篰,褒歌,原生态,,S6dc275e7,,A2,"Channel 相褒歌; title: 平溪, singer [singer], recorded 1999",,traditional,,0.3846153846153846,True,,1251,3
UNBa71eF2FY,2,youtube,https://www.youtube.com/watch?v=UNBa71eF2FY,坪林採茶褒歌,林旺,youtube:UCSBKKYKuvdk7qTb8OC_86YQ,20221023.0,88.0,闽台,Min–Tai,MT,Han,台湾,新北坪林,province,120.971485,23.749452,汉,闽南,坪林採茶褒歌,坪林採茶褒歌,褒歌,原生态,,,,B,Title: 坪林採茶褒歌 (local uploader),,traditional,,0.4444444444444444,True,,1254,1
68EBYwkAn7M,2,youtube,https://www.youtube.com/watch?v=68EBYwkAn7M,石碇文化節  茶歌相褒吟唱  98 07 18,林敏,youtube:UC1i9KUjIPlG7VXooUzWCjHQ,20150512.0,514.0,闽台,Min–Tai,MT,Han,台湾,新北石碇,province,120.971485,23.749452,汉,闽南,茶歌相褒（石碇文化節）,茶歌相褒,褒歌,field,,,,B,Title: 石碇文化節 茶歌相褒吟唱 2009-07-18 (place + occasion),,traditional,,0.8823529411764706,True,,1255,0
jApO6uBlbI8,2,youtube,https://www.youtube.com/watch?v=jApO6uBlbI8,石碇相褒歌(陳新傳),林敏,youtube:UC1i9KUjIPlG7VXooUzWCjHQ,20160124.0,58.0,闽台,Min–Tai,MT,Han,台湾,新北石碇,province,120.971485,23.749452,汉,闽南,石碇相褒歌（陳新傳）,石碇相褒歌,褒歌,原生态,,Sf54aa134,,A2,"Title names singer, 石碇; same uploader as 石碇文化節 video",,traditional,,0.5,True,,1255,0
KIzCrzhRrvw,2,youtube,https://www.youtube.com/watch?v=KIzCrzhRrvw,王菊英/唸唱 《阿嬤講相褒  Story Of Sio-Po-Kua》Official Audio,SEEDMUSIC,youtube:UCzlIY_B9uPngUnRMtVVaGsg,20170909.0,64.0,闽台,Min–Tai,MT,Han,台湾,新北坪林,province,120.971485,23.749452,汉,闽南,阿嬤講相褒,阿嬤講相褒,褒歌,原生态,,S2b461420,,A2,坪林 黃[singer] also documented on channel 相褒歌 (same search log); commercial audio release,,traditional,,0.6666666666666666,True,,1257,1
0lkbr2xy6RI,2,youtube,https://www.youtube.com/watch?v=0lkbr2xy6RI,東吉島　欣賞自由吟唱澎湖褒歌,渥爾美學,youtube:UCEILGMlSOXJhJMQIU_6DY0Q,20150105.0,106.0,闽台,Min–Tai,MT,Han,台湾,澎湖东吉岛,province,120.971485,23.749452,汉,闽南,澎湖褒歌（東吉島）,澎湖褒歌,褒歌,field,,,,B,Title: 東吉島 free singing of 澎湖褒歌,,traditional,,0.9090909090909092,True,,1258,2
OpGnv0iews0,2,youtube,https://www.youtube.com/watch?v=OpGnv0iews0,國寶阿嬤 張日貴 恆春滿州民謠傳藝師 (恆春民謠牛尾絆),wallace0935 瓦樂斯,youtube:UCzjz7J5kKUHSzbxbUpbjDNA,20191005.0,589.0,闽台,Min–Tai,MT,Han,台湾,屏东恒春/满州,province,120.971485,23.749452,汉,闽南,牛尾絆（恆春民謠）,牛尾絆,恒春民谣,原生态,,S5246a7b5,恆春民謠 傳藝師（屏東縣）,A2,Title: 國寶阿嬤 [singer] 恆春滿州民謠傳藝師,,traditional,,0.1694915254237288,True,,1259,2
9EIZTo5aD-U,2,youtube,https://www.youtube.com/watch?v=9EIZTo5aD-U,國寶阿嬤 張日貴 恆春滿州民謠傳藝師 (恆春民謠思想起),wallace0935 瓦樂斯,youtube:UCzjz7J5kKUHSzbxbUpbjDNA,20221122.0,156.0,闽台,Min–Tai,MT,Han,台湾,屏东恒春/满州,province,120.971485,23.749452,汉,闽南,思想起（張日貴）,思想起,恒春民谣,原生态,,S5246a7b5,恆春民謠 傳藝師,A2,Same as above,,traditional,,0.0,True,,1259,2
UtqwgZwnwUM,2,youtube,https://www.youtube.com/watch?v=UtqwgZwnwUM,100-11-23採訪吳對阿嬤彈唱恆春民謠4,林聰輝,youtube:UCu8k4qClu2sBJKeL08OeltQ,20111123.0,251.0,闽台,Min–Tai,MT,Han,台湾,屏东恒春,province,120.971485,23.749452,汉,闽南,恆春民謠（吳對阿嬤，曲目未標）,恆春民謠,恒春民谣,field,,S7131b524,,A2,Title: 2011-11-23 interview/field recording of [singer]阿嬤 彈唱恆春民謠,,traditional,,0.0,True,,1261,3
O3oUpSxOj1o,2,youtube,https://www.youtube.com/watch?v=O3oUpSxOj1o,平埔調（ 田園景色）      恒春傳統民謠,黃蓮嬌,youtube:UCIXkOnkn1YvDryhUIjNPfGw,20230807.0,158.0,闽台,Min–Tai,MT,Han,台湾,屏东恒春,province,120.971485,23.749452,汉,闽南,平埔調（田園景色）,平埔調,恒春民谣,原生态,,,,C,Title only,,traditional,,0.0,True,,1262,4
CSk3Fw3OVgw,2,youtube,https://www.youtube.com/watch?v=CSk3Fw3OVgw,牛母伴： 恒春古老民謠,黃蓮嬌,youtube:UCIXkOnkn1YvDryhUIjNPfGw,20230818.0,234.0,闽台,Min–Tai,MT,Han,台湾,屏东恒春,province,120.971485,23.749452,汉,闽南,牛母伴（黃蓮嬌頻道）,牛母伴,恒春民谣,原生态,,,,C,Title: 恒春古老民謠,,traditional,,0.0,True,,1262,4
EVtZ8PRSybw,2,youtube,https://www.youtube.com/watch?v=EVtZ8PRSybw,恆春素人阿媽 牛母伴 20140927 211946,Violin Cello,youtube:UCkoFhi_Ybw14-9xNG1CWWig,20141001.0,112.0,闽台,Min–Tai,MT,Han,台湾,屏东恒春,province,120.971485,23.749452,汉,闽南,牛母伴（恆春素人阿媽）,牛母伴,恒春民谣,field,,,,B,"Title: 恆春素人阿媽, dated 2014-09-27 field video",,traditional,,0.0,True,,1264,1
_hYrjXrWvVM,2,youtube,https://www.youtube.com/watch?v=_hYrjXrWvVM,恆春民謠紅花阿嬤  五孔小調,玉芳 吳,youtube:UCJ0SORg8jjMncxeKJWCCabg,20221002.0,202.0,闽台,Min–Tai,MT,Han,台湾,屏东恒春,province,120.971485,23.749452,汉,闽南,五孔小調（紅花阿嬤）,五孔小調,恒春民谣,原生态,,S99595352,,B,Title: 恆春民謠[singer],,traditional,,0.05,True,,1265,1
ikEXoI-kR80,2,youtube,https://www.youtube.com/watch?v=ikEXoI-kR80,月琴國寶老師 張日貴彈唱,ching-kuei Ku,youtube:UCutRauBC_bxFDnM-OyV3GNA,20080604.0,171.0,闽台,Min–Tai,MT,Han,台湾,屏东恒春/满州,province,120.971485,23.749452,汉,闽南,恆春民謠（張日貴彈唱，曲目未標）,恆春民謠,恒春民谣,原生态,,S5246a7b5,恆春民謠 傳藝師,A2,Title: 月琴國寶老師 [singer]彈唱,,traditional,,0.0,True,,1259,2
zV78rkRASUk,2,youtube,https://www.youtube.com/watch?v=zV78rkRASUk,葉文生老師 台東調,潘科元,youtube:UCeSNzwtS66vPc3fLbDqk85w,20111230.0,173.0,闽台,Min–Tai,MT,Han,台湾,台湾南部,province,120.971485,23.749452,汉,闽南,台東調（葉文生）,台東調,恒春民谣,原生态,,S1e49c0f7,,C,Title only,,traditional,,0.0,True,,1267,3
xiZj1s5MVws,2,youtube,https://www.youtube.com/watch?v=xiZj1s5MVws,b22 山伯探 02 四空仔、七字仔  楊秀卿文建會版,曾泳豪,youtube:UCOZBeHOq5i_jWDtFLDwZHAQ,20190107.0,152.0,闽台,Min–Tai,MT,Han,台湾,台北,province,120.971485,23.749452,汉,闽南,山伯探（七字仔，楊秀卿）,山伯探,唸歌,原生态,,S36ef3a21,文化部 重要傳統藝術 說唱（唸歌）保存者,A2,Title: [singer] 文建會版; [singer] is the 唸歌 國寶 (news hits in same log),,traditional,,0.2,True,,1268,3
P1tWx38HKFM,2,youtube,https://www.youtube.com/watch?v=P1tWx38HKFM,歡喜唸歌仔成果展之三_12節季賞花7~12月,Bettymachi,youtube:UCX0ti0V_2YQ4nR6LcC10V2A,20161218.0,274.0,闽台,Min–Tai,MT,Han,台湾,台湾,province,120.971485,23.749452,汉,闽南,十二節季賞花（唸歌）,十二節季賞花,唸歌,原生态,,,,C,Title: 唸歌仔成果展,,traditional,,0.0,True,,1269,4
xhkYVGd0fm8,2,youtube,https://www.youtube.com/watch?v=xhkYVGd0fm8,再現–老歌仔傳唱#10,蘭陽新聞網,youtube:UCuJTQPs4ACEfIYWpYdw0lgA,20170723.0,141.0,闽台,Min–Tai,MT,Han,台湾,宜兰,province,120.971485,23.749452,汉,闽南,老歌仔傳唱（蘭陽）,老歌仔傳唱,本地歌仔,field,,,,B,"蘭陽新聞網 local news, 宜蘭",,traditional,,0.0,True,,1270,4
T5ySIx6ehgM,2,youtube,https://www.youtube.com/watch?v=T5ySIx6ehgM,1050419宜蘭全國僅存滾歌仔文化壯三新涼樂大樹下開唱,雪隧新聞,youtube:UCmk4fSWRviJizp8hh66_JRg,20160419.0,142.0,闽台,Min–Tai,MT,Han,台湾,宜兰壮围,province,120.971485,23.749452,汉,闽南,滾歌仔（壯三新涼樂團）,滾歌仔,本地歌仔,field,,Sd15f16c4,,B,雪隧新聞 report: 宜蘭 [singer] (last 滾歌仔 troupe) singing under a tree,,traditional,,0.7142857142857143,True,,1271,4
0B3mwlp9vO4,2,youtube,https://www.youtube.com/watch?v=0B3mwlp9vO4,2017/08/16老歌仔傳唱(八德扶輪社),【栯禔】遇禔唸歌傳唱藝術團,youtube:UCKdfxzL7_9Enrpkq-vwoDAg,20170816.0,259.0,闽台,Min–Tai,MT,Han,台湾,桃园,province,120.971485,23.749452,汉,闽南,老歌仔傳唱（遇禔唸歌團）,老歌仔傳唱,唸歌,原生态,,,,C,Title only,,traditional,,0.0,True,,1272,0
GUBJu22ZidU,2,youtube,https://www.youtube.com/watch?v=GUBJu22ZidU,牛犁歌陣 (唱曲) 【秋天梧桐】,藝術發展科臺南市政府文化局,youtube:UCFycvf64VGe77SNONhBHddQ,20220824.0,212.0,闽台,Min–Tai,MT,Han,台湾,台南,province,120.971485,23.749452,汉,闽南,秋天梧桐（牛犁歌陣唱曲）,秋天梧桐,车鼓/牛犁歌阵,field,,,,B,臺南市政府文化局 documentation of 牛犁歌陣 唱曲,,traditional,,0.0,True,,1273,3
RVVhbobR8d0,2,youtube,https://www.youtube.com/watch?v=RVVhbobR8d0,牛犁歌陣 (唱曲) 【上乂譜】,藝術發展科臺南市政府文化局,youtube:UCFycvf64VGe77SNONhBHddQ,20220824.0,134.0,闽台,Min–Tai,MT,Han,台湾,台南,province,120.971485,23.749452,汉,闽南,上乂譜（牛犁歌陣唱曲）,上乂譜,车鼓/牛犁歌阵,field,,,,B,臺南市政府文化局 documentation,,check,,0.0,True,,1273,3
sMP6vMOFKlM,2,youtube,https://www.youtube.com/watch?v=sMP6vMOFKlM,竹橋七十二份慶善宮牛犁歌陣演出曲目~~車鼓---自小出外,joe715086,youtube:UCXcFtchoJfYC_numBJ2MT0g,20191110.0,227.0,闽台,Min–Tai,MT,Han,台湾,台南学甲竹桥七十二份,province,120.971485,23.749452,汉,闽南,自小出外（車鼓）,自小出外,车鼓,field,,,,B,Title: 竹橋七十二份慶善宮 牛犁歌陣 演出,,traditional,,0.0,True,,1275,1
mC4tzuph_a8,2,youtube,https://www.youtube.com/watch?v=mC4tzuph_a8,竹橋七十二份慶善宮牛犁歌陣演出曲目~~車鼓~鼓返三更,joe715086,youtube:UCXcFtchoJfYC_numBJ2MT0g,20191109.0,166.0,闽台,Min–Tai,MT,Han,台湾,台南学甲竹桥七十二份,province,120.971485,23.749452,汉,闽南,鼓返三更（車鼓）,鼓返三更,车鼓,field,,,,B,Title: 竹橋七十二份慶善宮 牛犁歌陣,,check,,0.0,True,,1275,1
HWYAkrPkyYE,2,youtube,https://www.youtube.com/watch?v=HWYAkrPkyYE,20211717南鯤鯓代天府藝陣演義竹橋牛犁歌陣_共君走到,曾福樹廟會頻道,youtube:UCQ18sBsYlpUp7J7GRCaTd7Q,20211017.0,195.0,闽台,Min–Tai,MT,Han,台湾,台南学甲竹桥,province,120.971485,23.749452,汉,闽南,共君走到（竹橋牛犁歌陣）,共君走到,车鼓,field,,,,B,Title: 南鯤鯓代天府 藝陣 竹橋牛犁歌陣,,traditional,,0.0,True,,1277,3
QWaAR0R1Huk,2,youtube,https://www.youtube.com/watch?v=QWaAR0R1Huk,20200315傳統單牛頭牛犁歌,曾福樹廟會頻道,youtube:UCQ18sBsYlpUp7J7GRCaTd7Q,20200315.0,63.0,闽台,Min–Tai,MT,Han,台湾,台南,province,120.971485,23.749452,汉,闽南,牛犁歌（傳統單牛頭）,牛犁歌,车鼓,field,,,,B,Temple-festival recording (曾福樹廟會頻道),,traditional,,0.0,True,,1277,3
RpcfUlBoN4M,2,youtube,https://www.youtube.com/watch?v=RpcfUlBoN4M,7030 4車鼓戲2牛犁歌,江武昌,youtube:UC5Zq0gzOfXweg82HKEPBNyg,20130616.0,119.0,闽台,Min–Tai,MT,Han,台湾,台湾南部,province,120.971485,23.749452,汉,闽南,牛犁歌（車鼓戲）,牛犁歌,车鼓,field,,,,B,Uploader 江武昌 (folk-performance researcher) archive,,traditional,,0.0,True,,1279,4
BV1ZCh96hEhE,2,bilibili,https://www.bilibili.com/video/BV1ZCh96hEhE,1960年代福建民间歌手演唱《扁担歌》（福建省龙岩市民歌）,思的虔诚,bilibili:319779039,20260926.0,69.8,闽台,Min–Tai,MT,Han,福建,龙岩,prefecture,116.74379,25.291574,汉,,扁担歌（龙岩民歌，1960年代）,扁担歌,小调,原生态,,,,C,Title: 1960年代福建民间歌手,,traditional,,0.1428571428571428,True,,280,3
BV1qG2SBnE6t,2,bilibili,https://www.bilibili.com/video/BV1qG2SBnE6t,央视《非遗里的中国》栏目：福州民谣（月光光）——仓山区文化馆,仓山区融媒体中心,bilibili:3546579694783301,20251209.0,64.922,闽台,Min–Tai,MT,Han,福建,福州仓山,county,119.323558,26.014589,汉,闽东,月光光（福州民谣）,月光光,童谣,field,,,,B,仓山区融媒体中心 / 仓山区文化馆 (CCTV 非遗里的中国 segment),,traditional,,0.0,True,,1281,2
BV18q4y197fX,2,bilibili,https://www.bilibili.com/video/BV18q4y197fX,15.（市级）潮州畲歌,新加坡潮州八邑会馆,bilibili:1408720907,20211022.0,185.002,闽台,Min–Tai,MT,Han,广东,潮州,prefecture,116.790217,23.783155,汉,潮汕,潮州畲歌,潮州畲歌,畲歌,原生态,,,,C,Title: 市级非遗 潮州畲歌 (posted by 新加坡潮州八邑会馆),,traditional,,0.2631578947368421,True,,1282,0
BV1LT4y1A7v9,2,bilibili,https://www.bilibili.com/video/BV1LT4y1A7v9,武夷山地方民歌《落雨仔》,心血来潮林三刀,bilibili:168003690,20200910.0,199.667,闽台,Min–Tai,MT,Han,福建,南平武夷山,county,118.005248,27.741958,汉,,落雨仔（武夷山）,落雨仔,童谣,原生态,,,,C,Title only (福建省音像出版社),,traditional,,0.0,True,,1283,0
BV1qo4y1b7hy,2,bilibili,https://www.bilibili.com/video/BV1qo4y1b7hy,建瓯童谣《落雨仔》,老师请您教我本领,bilibili:44407666,20230421.0,44.72,闽台,Min–Tai,MT,Han,福建,南平建瓯,county,118.474773,27.04103,汉,,落雨仔（建瓯童谣）,落雨仔,童谣,原生态,,,,C,Title only,,traditional,,1.0,True,,1284,0
BV1SzgizZEXt,2,bilibili,https://www.bilibili.com/video/BV1SzgizZEXt,【文韵同安】第五集：莲花褒歌,同安发布,bilibili:3546886713641771,20250721.0,193.258,闽台,Min–Tai,MT,Han,福建,厦门同安莲花,county,118.109393,24.769817,汉,闽南,莲花褒歌（同安发布）,莲花褒歌,褒歌,field,,,,B,Official 同安发布 series 文韵同安 ep.5,,traditional,,0.0526315789473684,True,,1285,2
mLCJXslk9eg,2,youtube,https://www.youtube.com/watch?v=mLCJXslk9eg,潮州畲歌,Teochew Festival 2021,youtube:UCKKT_CAqgFVtHAdTXzPLGug,20220329.0,185.0,闽台,Min–Tai,MT,Han,广东,潮州,prefecture,116.790217,23.783155,汉,潮汕,潮州畲歌（Teochew Festival）,潮州畲歌,畲歌,原生态,,,,C,Title only,,traditional,,0.3333333333333333,True,,1286,3
BV17a411W7Dr,2,bilibili,https://www.bilibili.com/video/BV17a411W7Dr,閩南傳統曲調《乞食調》閩南語歌曲 唸歌 閩南語正字歌詞+普通話翻譯 字幕版 自製字幕,雨久yujiu,bilibili:365529905,20220627.0,272.085,闽台,Min–Tai,MT,Han,台湾,台湾,province,120.971485,23.749452,汉,闽南,乞食調（唸歌）,乞食調,唸歌,原生态,,,,C,Title only (re-upload with subtitles),,traditional,,0.0,True,,1287,4
BV1dJ4m1p7TV,2,bilibili,https://www.bilibili.com/video/BV1dJ4m1p7TV,一缕古韵随声来——永泰山歌丨非遗永泰,大美永泰,bilibili:3546632406698274,20240416.0,217.013,闽台,Min–Tai,MT,Han,福建,福州永泰,county,118.78949,25.852196,汉,闽东,永泰山歌,永泰山歌#BV1dJ4m1p7TV,山歌,field,,,,B,非遗永泰 official series,,traditional,,0.1818181818181818,True,,1288,1
NPkSI2URKzI,2,youtube,https://www.youtube.com/watch?v=NPkSI2URKzI,金門傳統歌謠 19-抽壯丁 Kinmen Traditional Ballads 19│金門國家公園│Kinmen National Park,金門國家公園管理處,youtube:UCK7BJq-O1GbzyspvzskKpsw,20110125.0,272.0,闽台,Min–Tai,MT,Han,福建,金门,county,118.385564,24.450025,汉,闽南,抽壯丁（金門傳統歌謠）,抽壯丁,歌谣,原生态,,,,B,金門國家公園管理處 traditional-ballad documentation series #19,,check,,0.0,True,,1289,4
vp8IMukAoBE,2,youtube,https://www.youtube.com/watch?v=vp8IMukAoBE,金門傳統歌謠16-君在番邦 Kinmen Traditional Ballads│金門國家公園│Kinmen National Park,金門國家公園管理處,youtube:UCK7BJq-O1GbzyspvzskKpsw,20110125.0,263.0,闽台,Min–Tai,MT,Han,福建,金门,county,118.385564,24.450025,汉,闽南,君在番邦（金門傳統歌謠）,君在番邦,歌谣,原生态,,,,B,金門國家公園管理處 series #16,,traditional,,0.0,True,,1289,4
6PxNQxedEuE,2,youtube,https://www.youtube.com/watch?v=6PxNQxedEuE,金門傳統歌謠 12-番薯情  Kinmen Traditional Ballads 12│金門國家公園│Kinmen National Park,金門國家公園管理處,youtube:UCK7BJq-O1GbzyspvzskKpsw,20110125.0,289.0,闽台,Min–Tai,MT,Han,福建,金门,county,118.385564,24.450025,汉,闽南,番薯情（金門傳統歌謠）,番薯情,歌谣,原生态,,,,B,金門國家公園管理處 series #12,,check,,0.0,True,,1289,4
65_iaEHwfI8,2,youtube,https://www.youtube.com/watch?v=65_iaEHwfI8,金門傳統歌謠 8-火金星 Kinmen Traditional Ballads 8│金門國家公園│Kinmen National Park,金門國家公園管理處,youtube:UCK7BJq-O1GbzyspvzskKpsw,20110125.0,53.0,闽台,Min–Tai,MT,Han,福建,金门,county,118.385564,24.450025,汉,闽南,火金星（金門傳統歌謠）,火金星,童谣,原生态,,,,B,金門國家公園管理處 series #8,,traditional,,1.0,False,speech,1289,4
FwF-iPBozNw,2,youtube,https://www.youtube.com/watch?v=FwF-iPBozNw,金門傳統民謠 月光暝,Jushua Lee,youtube:UC7qSwaaqPTdkODmqpBvautw,20140420.0,58.0,闽台,Min–Tai,MT,Han,福建,金门,county,118.385564,24.450025,汉,闽南,月光暝（金門）,月光暝,童谣,原生态,,,,C,Title only,,traditional,,0.0,True,,1293,2
VmufesoOYaM,2,youtube,https://www.youtube.com/watch?v=VmufesoOYaM,金門民謠 嬰仔唔唔睡,Jushua Lee,youtube:UC7qSwaaqPTdkODmqpBvautw,20140416.0,44.0,闽台,Min–Tai,MT,Han,福建,金门,county,118.385564,24.450025,汉,闽南,嬰仔唔唔睡（金門）,嬰仔唔唔睡,摇篮歌,原生态,,,,C,Title only,,traditional,,0.0,True,,1293,2
6PtJjqISKHs,2,youtube,https://www.youtube.com/watch?v=6PtJjqISKHs,高閑至 - 坪林採茶歌 - 收錄於 「茶山衍藝」圖文書+CD中,co digiideas,youtube:UCIozrxePyTkKbHCwKWJvl2w,20130227.0,239.0,闽台,Min–Tai,MT,Han,台湾,新北坪林,province,120.971485,23.749452,汉,闽南,坪林採茶歌（高閑至）,坪林採茶歌#6PtJjqISKHs,茶歌,原生态,,S95998e19,,B,From 「茶山衍藝」 坪林 book+CD project,,traditional,,0.0,True,,1295,1
BV11o4y1d7vY,2,bilibili,https://www.bilibili.com/video/BV11o4y1d7vY,闽南民间曲艺漳州锦歌《凌波情》非物质文化遗产,thetimegone,bilibili:38106467,20210109.0,301.29,闽台,Min–Tai,MT,Han,福建,漳州,prefecture,117.458578,24.330766,汉,闽南,凌波情（漳州锦歌）,凌波情,锦歌,原生态,,,,C,Title only,,traditional,,0.0333333333333333,True,,1296,2
